=== PAL PIPELINE BATCH BOOTSTRAP ===
crystal build : crystal_batch_v5_pipeline_bootstrap_flat_import_plane
entrypoint    : /home/rem/gh/PAL/pyghidra-PAL/PAL/pipeline/crystal_batch.py
PAL root      : /home/rem/gh/PAL/pyghidra-PAL/PAL
root authority: PAL_ROOT
program       : lunar_lander.game
target        : /home/rem/gh/PAL/pyghidra-PAL/PAL/project/lunar_lander.game
import plane  : /home/rem/gh/PAL/pyghidra-PAL/PAL/pipeline:/home/rem/gh/PAL/pyghidra-PAL/PAL/stack:/home/rem/gh/PAL/pyghidra-PAL/PAL/interface:/home/rem/gh/PAL/pyghidra-PAL/PAL
batch module  : /home/rem/gh/PAL/pyghidra-PAL/PAL/pipeline/PALBatchDecompiler.py
batch build   : batch_v2h_final_abi_authority_publication
====================================
PAL strings: 110 published -> project/lunar_lander.game/PAL_stdio_strings.json
PAL batch: 30 Ghidra functions discovered in lunar_lander.game
[1/30] decompile Global::_init @ 0x101000

===== CFG DEBUG =====

[EDGES]
0x101000 -> 0x101012  true raw=true role=raw_true_explicit_target pol=fallthrough inv=True edge=cfg-edge-v1:0x101000->0x101012 direct_join=True
0x101000 -> 0x101010  false raw=false role=raw_false_fallthrough pol=fallthrough inv=False edge=cfg-edge-v1:0x101000->0x101010 direct_join=False
0x101010 -> 0x101012  uncond raw=uncond role=uncond pol=unknown inv=None edge=cfg-edge-v1:0x101010->0x101012 direct_join=False

[BRANCH RESOLUTION EVENTS]
{'kind': 'binary_branch_truth_bound_by_evidence_class_v21d', 'src': 1052672, 'first_dst': 1052690, 'second_dst': 1052688, 'hf_target': 1052690, 'hf_normalized_target': 1052690, 'direct_dst': 1052688, 'first_invert': True, 'second_invert': False, 'condition_truth_authority': 'raw_jcc_hf_relation_direct_flags', 'reason': 'branch_truth_evidence_v21d hf_target=0x101012 raw_target=0x101012 raw_fallthrough=0x101010 legacy_hint=(mnemonic=JZ hf_cond_opcode=INT_NOTEQUAL) class=direct_flags', 'relation_evidence': {'version': 'ordered_relation_algebra_v23e', 'status': 'unresolved', 'mnemonic': 'JZ', 'raw_relation': None, 'raw_domain': None, 'hf_opcode': 'INT_NOTEQUAL', 'hf_relation': None, 'hf_domain': None, 'operand_profile': {'status': 'unresolved', 'reason': 'constant_threshold_requires_exact_value_custody', 'operand_count': 2, 'left_sid': 'v_203', 'right_sid': 'c_0_8', 'left_identity': ('high', 'high_rep:203'), 'right_identity': ('constant', 64, 0), 'left_width_bits': 64, 'right_width_bits': 64, 'left_constant': False, 'right_constant': True}, 'operand_orientation': None, 'relation_to_hf': None, 'invert_for_target': None, 'invert_for_fallthrough': None, 'reason': 'ordered_relation_family_not_applicable', 'legacy_hint_resolved': True, 'selected_as_authority': False}, 'boolean_carrier_evidence': {'status': 'proven_boolean', 'reason': 'comparison_result_is_boolean', 'root_opcode': 'INT_NOTEQUAL', 'contains_multiequal': False, 'depth': 0}}

[EDGE IDENTITY v23 / BOHDI EMPEROR]
{'kind': 'cfg_edge_identity_inventory_v23', 'version': 'FunctionCFG_v23e_clothed_emperor_cfg_truth', 'id_schema': 'cfg_edge_identity_v1', 'canonical_identity': '(src_addr,dst_addr)', 'edges': 3, 'unique_edge_keys': 3, 'binary_cbranch_edges': 2, 'direct_join_edges': 1, 'direct_join_branch_arm_edges': 1, 'direct_join_loop_exit_edges': 0, 'direct_join_empty_arm_candidates': 1, 'warnings': 0, 'topology_mutations': 0, 'polarity_mutations': 0, 'rule': 'freeze_repaired_CFG_edge_identity_then_mark_exact_binary_CBRANCH_edge_to_IPDOM'}
{'edge_id': [1052672, 1052690], 'edge_key': 'cfg-edge-v1:0x101000->0x101012', 'branch_owner_addr': 1052672, 'join_addr': 1052690, 'branch_role': 'true', 'authority': 'FunctionCFG_repaired_topology_plus_IPDOM_v23'}

[IPDOM]
0x101000 -> ipdom: 0x101012
0x101010 -> ipdom: 0x101012
0x101012 -> ipdom: None

=====================

===== PAL RESOLVER INDIRECT STORAGE v22c =====

[INVENTORY]
{'active': True,
 'address_tied_families': 1,
 'custody_transitions': 1,
 'effect_owner_groups': 1,
 'escape_barrier_sids': 2,
 'input_contracts': 1,
 'kind': 'resolver_indirect_storage_inventory_v22c',
 'machine_state_families': 0,
 'machine_state_sids': 0,
 'owner_categories': {'call_boundary': 1},
 'parameter_initializers': 0,
 'persistent_families': 1,
 'rule': 'HighVariable_identity_families_plus_address_escape_alias_barrier',
 'runtime_order': 'CFG_governed_not_linearized',
 'storage_families': 1,
 'version': 'v22c_indirect_storage_families',
 'warnings': 0}

[STORAGE FAMILIES]
{'address_tied': True,
 'classification': 'persistent_address_tied_storage',
 'entry_sids': ['v_203'],
 'family_id': 'storage_family:high_rep:203',
 'high_identity_key': 'high_rep:203',
 'high_name': 'PTR___gmon_start___00103fd0',
 'member_sids': ['v_203', 'v_190'],
 'parameter_initializers': 0,
 'persistent': True,
 'transitions': 1}

[PARAMETER INITIALIZERS / STORAGE WRITES]
[]

[WARNINGS]
[]
===== END PAL RESOLVER INDIRECT STORAGE =====

========================================================================
PALRAW AUDIT v0.3 :: raw instruction BLOCK p-code vs HF/PAL CFG
========================================================================

--- 0x10127f ---
Raw block  : 0x101012 -> next None
Instr count: 2
Terminal   : 0x101016 RET
Raw succs  : []
Norm succs : []
HF block   : 0x101012
CFG edges  : []
STATUS     : successors_match
Raw instructions:
   0x101012  ADD RSP,0x8
   0x101016  RET
Terminal raw p-code:
    (register, 0x288, 8) LOAD (const, 0x1b1, 8) , (register, 0x20, 8)
    (register, 0x20, 8) INT_ADD (register, 0x20, 8) , (const, 0x8, 8)
     ---  RETURN (register, 0x288, 8)
HF/PAL ops :
    MULTIEQUAL [v_208, v_216] -> v_212
    MULTIEQUAL [PTR___gmon_start___00103fd0, PTR___gmon_start___00103fd0] -> PTR___gmon_start___00103fd0
    COPY [v_212] -> v_102
    COPY [PTR___gmon_start___00103fd0] -> PTR___gmon_start___00103fd0
HF/PAL term:
    RETURN [0x0, v_102] -> None

--- 0x1011b6 ---
Raw block  : 0x101012 -> next None
Instr count: 2
Terminal   : 0x101016 RET
Raw succs  : []
Norm succs : []
HF block   : 0x101012
CFG edges  : []
STATUS     : successors_match
Raw instructions:
   0x101012  ADD RSP,0x8
   0x101016  RET
Terminal raw p-code:
    (register, 0x288, 8) LOAD (const, 0x1b1, 8) , (register, 0x20, 8)
    (register, 0x20, 8) INT_ADD (register, 0x20, 8) , (const, 0x8, 8)
     ---  RETURN (register, 0x288, 8)
HF/PAL ops :
    MULTIEQUAL [v_208, v_216] -> v_212
    MULTIEQUAL [PTR___gmon_start___00103fd0, PTR___gmon_start___00103fd0] -> PTR___gmon_start___00103fd0
    COPY [v_212] -> v_102
    COPY [PTR___gmon_start___00103fd0] -> PTR___gmon_start___00103fd0
HF/PAL term:
    RETURN [0x0, v_102] -> None

--- 0x101219 ---
Raw block  : 0x101012 -> next None
Instr count: 2
Terminal   : 0x101016 RET
Raw succs  : []
Norm succs : []
HF block   : 0x101012
CFG edges  : []
STATUS     : successors_match
Raw instructions:
   0x101012  ADD RSP,0x8
   0x101016  RET
Terminal raw p-code:
    (register, 0x288, 8) LOAD (const, 0x1b1, 8) , (register, 0x20, 8)
    (register, 0x20, 8) INT_ADD (register, 0x20, 8) , (const, 0x8, 8)
     ---  RETURN (register, 0x288, 8)
HF/PAL ops :
    MULTIEQUAL [v_208, v_216] -> v_212
    MULTIEQUAL [PTR___gmon_start___00103fd0, PTR___gmon_start___00103fd0] -> PTR___gmon_start___00103fd0
    COPY [v_212] -> v_102
    COPY [PTR___gmon_start___00103fd0] -> PTR___gmon_start___00103fd0
HF/PAL term:
    RETURN [0x0, v_102] -> None

--- 0x10120f ---
Raw block  : 0x101012 -> next None
Instr count: 2
Terminal   : 0x101016 RET
Raw succs  : []
Norm succs : []
HF block   : 0x101012
CFG edges  : []
STATUS     : successors_match
Raw instructions:
   0x101012  ADD RSP,0x8
   0x101016  RET
Terminal raw p-code:
    (register, 0x288, 8) LOAD (const, 0x1b1, 8) , (register, 0x20, 8)
    (register, 0x20, 8) INT_ADD (register, 0x20, 8) , (const, 0x8, 8)
     ---  RETURN (register, 0x288, 8)
HF/PAL ops :
    MULTIEQUAL [v_208, v_216] -> v_212
    MULTIEQUAL [PTR___gmon_start___00103fd0, PTR___gmon_start___00103fd0] -> PTR___gmon_start___00103fd0
    COPY [v_212] -> v_102
    COPY [PTR___gmon_start___00103fd0] -> PTR___gmon_start___00103fd0
HF/PAL term:
    RETURN [0x0, v_102] -> None

--- 0x101221 ---
Raw block  : 0x101012 -> next None
Instr count: 2
Terminal   : 0x101016 RET
Raw succs  : []
Norm succs : []
HF block   : 0x101012
CFG edges  : []
STATUS     : successors_match
Raw instructions:
   0x101012  ADD RSP,0x8
   0x101016  RET
Terminal raw p-code:
    (register, 0x288, 8) LOAD (const, 0x1b1, 8) , (register, 0x20, 8)
    (register, 0x20, 8) INT_ADD (register, 0x20, 8) , (const, 0x8, 8)
     ---  RETURN (register, 0x288, 8)
HF/PAL ops :
    MULTIEQUAL [v_208, v_216] -> v_212
    MULTIEQUAL [PTR___gmon_start___00103fd0, PTR___gmon_start___00103fd0] -> PTR___gmon_start___00103fd0
    COPY [v_212] -> v_102
    COPY [PTR___gmon_start___00103fd0] -> PTR___gmon_start___00103fd0
HF/PAL term:
    RETURN [0x0, v_102] -> None

--- 0x101284 ---
Raw block  : 0x101012 -> next None
Instr count: 2
Terminal   : 0x101016 RET
Raw succs  : []
Norm succs : []
HF block   : 0x101012
CFG edges  : []
STATUS     : successors_match
Raw instructions:
   0x101012  ADD RSP,0x8
   0x101016  RET
Terminal raw p-code:
    (register, 0x288, 8) LOAD (const, 0x1b1, 8) , (register, 0x20, 8)
    (register, 0x20, 8) INT_ADD (register, 0x20, 8) , (const, 0x8, 8)
     ---  RETURN (register, 0x288, 8)
HF/PAL ops :
    MULTIEQUAL [v_208, v_216] -> v_212
    MULTIEQUAL [PTR___gmon_start___00103fd0, PTR___gmon_start___00103fd0] -> PTR___gmon_start___00103fd0
    COPY [v_212] -> v_102
    COPY [PTR___gmon_start___00103fd0] -> PTR___gmon_start___00103fd0
HF/PAL term:
    RETURN [0x0, v_102] -> None

--- 0x10127f ---
Raw block  : 0x101012 -> next None
Instr count: 2
Terminal   : 0x101016 RET
Raw succs  : []
Norm succs : []
HF block   : 0x101012
CFG edges  : []
STATUS     : successors_match
Raw instructions:
   0x101012  ADD RSP,0x8
   0x101016  RET
Terminal raw p-code:
    (register, 0x288, 8) LOAD (const, 0x1b1, 8) , (register, 0x20, 8)
    (register, 0x20, 8) INT_ADD (register, 0x20, 8) , (const, 0x8, 8)
     ---  RETURN (register, 0x288, 8)
HF/PAL ops :
    MULTIEQUAL [v_208, v_216] -> v_212
    MULTIEQUAL [PTR___gmon_start___00103fd0, PTR___gmon_start___00103fd0] -> PTR___gmon_start___00103fd0
    COPY [v_212] -> v_102
    COPY [PTR___gmon_start___00103fd0] -> PTR___gmon_start___00103fd0
HF/PAL term:
    RETURN [0x0, v_102] -> None

========================================================================

===== PAL COMPUTE ANALYZER =====
{'kind': 'pal_compute_inventory_v22',
 'version': 'v23b_abi_thunk_compatibility_return_reconciliation',
 'runtime_representation': 'raw_unsigned_bitvector_at_ssa_boundaries',
 'operations': 9,
 'output_plans': 9,
 'control_contracts': 2,
 'c_compute_filtered': 6,
 'use_site_overrides': 0,
 'return_observation_view_mismatches': 0,
 'storage_custody_related_ops': 5,
 'indirect_custody_contracts': 1,
 'indirect_custody_resolved': 1,
 'indirect_custody_deferred': 0,
 'indirect_effect_owner_compute_ops': 1,
 'storage_family_bindings': 2,
 'function_entry_abi_plan': True,
 'call_site_abi_plans': 1,
 'internal_call_plan_failures': 0,
 'unsupported_implicit_inputs': 0,
 'abi_runtime_helper_assignments': 0,
 'no_return_calls': 0,
 'reachable_return_boundaries': 1,
 'unreachable_return_boundaries': 0,
 'synthetic_no_return_continuations_suppressed': 0,
 'statuses': {'helper_required': 1, 'metadata_only': 7, 'deferred_external': 1},
 'categories': {'comparison': 1,
                'transport': 3,
                'conversion': 1,
                'storage_custody': 1,
                'call_boundary': 1,
                'phi_merge': 2},
 'helpers': {'c_ne': 1},
 'opcodes': {'INT_NOTEQUAL': 1,
             'COPY': 3,
             'CAST': 1,
             'INDIRECT': 1,
             'CALLIND': 1,
             'MULTIEQUAL': 2},
 'warnings': 0}

[WARNINGS]
[]

[METADATA-ONLY COMPUTE BOUNDARIES]
0x101010 CAST ['v_203'] -> v_218 classification=same_width_explicit_view_boundary
0x101010 INDIRECT ['v_203', 'c_23_4'] -> v_190 classification=None
0x101012 MULTIEQUAL ['v_208', 'v_216'] -> v_212 classification=None
0x101012 MULTIEQUAL ['v_203', 'v_190'] -> v_194 classification=None

[HELPER-REQUIRED CONTRACTS]
0x101000 INT_NOTEQUAL v_38 helper=c_ne widths=[64, 64]->8 overrides=0

[INDIRECT STORAGE-CUSTODY CONTRACTS]
0x101010 v_203 -> v_190 family=storage_family:high_rep:203 owner=CALLIND/0x17 owner_compute=1052688:(ram, 0x101010, 23, 2):2 status=metadata_only

[INDIRECT CUSTODY INVENTORY]
{'kind': 'pal_compute_indirect_custody_inventory_v22d',
 'version': 'v23b_abi_thunk_compatibility_return_reconciliation',
 'resolver_transitions': 1,
 'compute_indirect_contracts': 1,
 'resolved_custody': 1,
 'deferred_custody': 0,
 'effect_owner_compute_bindings': 1,
 'effect_owner_compute_ops': 1,
 'owner_categories': {'call_boundary': 1},
 'storage_families': 1,
 'storage_sid_bindings': 2,
 'address_escape_barrier_sids': 2,
 'parameter_storage_initializers': 0,
 'runtime_helpers': 0,
 'warnings': 0,
 'rule': 'INDIRECT_is_metadata_only_owner_bound_storage_transition'}

[ABI-D ENTRY/CALL PLAN INVENTORY]
{'kind': 'pal_compute_abi_plan_inventory_v23',
 'version': 'v23b_abi_thunk_compatibility_return_reconciliation',
 'function': '_init',
 'entry_plan_present': True,
 'entry_plan_status': 'ready',
 'fixed_arguments': 1,
 'implicit_inputs': 0,
 'implicit_inputs_unsupported': 0,
 'call_compute_contracts': 1,
 'call_site_plans': 1,
 'call_sites_without_plan': 0,
 'call_statuses': {'deferred_target_dispatch': 1},
 'dispatch_classes': {'indirect_runtime_target': 1},
 'internal_calls': 0,
 'internal_calls_with_target_compatible_plan': 0,
 'internal_calls_without_target_compatible_plan': 0,
 'internal_calls_with_deferred_target_compatibility': 0,
 'internal_calls_with_incompatible_target': 0,
 'internal_calls_without_transport_plan': 0,
 'external_calls': 0,
 'thunk_calls': 0,
 'external_via_thunk_calls': 0,
 'thunk_endpoint_deferred_calls': 0,
 'thunk_calls_misclassified_internal': 0,
 'target_compatibility_overclaims': 0,
 'no_return_calls': 0,
 'result_carrier_contracts': 1,
 'abi_runtime_helper_assignments': 0,
 'warnings': 0,
 'acceptance_gates': {'every_emitted_function_has_entry_plan': True,
                      'every_call_has_call_site_plan': True,
                      'every_internal_call_has_target_compatible_plan': True,
                      'every_internal_call_has_carrier_transport_plan': True,
                      'no_resolved_thunk_misclassified_internal': True,
                      'no_target_compatibility_overclaim': True,
                      'no_implicit_input_is_unsupported': True,
                      'no_runtime_helper_assigned_by_ABI_guesswork': True},
 'return_boundary_reconciliation': {'kind': 'pal_compute_return_boundary_reconciliation_v23b',
                                    'version': 'v23b_abi_thunk_compatibility_return_reconciliation',
                                    'function': '_init',
                                    'entry_block_addr': 1052672,
                                    'cfg_evidence_available': True,
                                    'no_return_terminating_blocks': [],
                                    'no_return_call_op_keys': [],
                                    'return_boundaries': 1,
                                    'reachable_return_boundaries': 1,
                                    'unreachable_return_boundaries': 0,
                                    'deferred_return_boundaries': 0,
                                    'reachable_return_widths': [32],
                                    'width_reconciled': True,
                                    'synthetic_no_return_continuations_suppressed': 0,
                                    'rule': 'traverse_CFG_with_no_return_blocks_as_terminal_then_reconcile_reachable_raw_return_transports_only'},
 'rule': 'ABI_A_B_C_authority_only_thunk_endpoint_and_compatibility_tri_state_no_downstream_argument_reinference'}

[FUNCTION ENTRY ABI PLAN]
{'plan_id': 'function_entry:1052672',
 'status': 'ready',
 'callable_signature_status': 'authoritative_logical_parameter_order',
 'fixed_argument_count': 1,
 'implicit_input_count': 0,
 'variadic_register_save_area': {'required': False,
                                 'status': 'not_required',
                                 'slots': [{'sid': 'v_103',
                                            'bank': 'gp',
                                            'index': 0,
                                            'register': 'RDI',
                                            'width_bits': 64,
                                            'canonical_alias': 'param_0',
                                            'owner_namespace': 'logical_parameter',
                                            'owner_role': 'callable_parameter_carrier',
                                            'materialization': 'capture_entry_register_bits',
                                            'source': 'abi_context.registers',
                                            'runtime_helper': None,
                                            'authority': 'PALSymbolResolver_ABI_C_physical_carrier_binding'}],
                                 'gp_slots': [{'sid': 'v_103',
                                               'bank': 'gp',
                                               'index': 0,
                                               'register': 'RDI',
                                               'width_bits': 64,
                                               'canonical_alias': 'param_0',
                                               'owner_namespace': 'logical_parameter',
                                               'owner_role': 'callable_parameter_carrier',
                                               'materialization': 'capture_entry_register_bits',
                                               'source': 'abi_context.registers',
                                               'runtime_helper': None,
                                               'authority': 'PALSymbolResolver_ABI_C_physical_carrier_binding'}],
                                 'sse_slots': [],
                                 'fixed_variadic_partition_status': 'deferred_to_entry_protocol_analysis',
                                 'source': 'abi_context.registers',
                                 'authority': 'ABI_C_carriers_plus_variadic_contract'},
 'overflow_argument_area': {'required': False,
                            'status': 'not_required',
                            'source': 'abi_context.overflow_argument_area',
                            'observed_stack_carriers': [],
                            'materialization': 'consume_preclassified_overflow_slots',
                            'offset_inference_allowed': False,
                            'authority': 'ABI_C_stack_carriers_or_variadic_protocol'},
 'variadic_al': {'required': False,
                 'status': 'not_required',
                 'source': 'abi_context.variadic_xmm_count',
                 'inputs': [],
                 'default_allowed': False,
                 'authority': 'ABI_C_variadic_xmm_count_contract'},
 'frame_base': {'required': False,
                'status': 'not_observed',
                'source': 'abi_context.frame_base',
                'inputs': [],
                'derive_from_parameter_names': False,
                'authority': 'ABI_C_frame_state_custody'},
 'tls_base': {'required': False,
              'status': 'not_observed',
              'source': 'abi_context.tls_base',
              'inputs': [],
              'derive_from_expression_names': False,
              'authority': 'ABI_C_tls_state_custody'},
 'return_contract': {'kind': 'pal_compute_return_carrier_contract_abi_d',
                     'version': 'v23b_abi_thunk_compatibility_return_reconciliation',
                     'status': 'physical_return_carrier_proven',
                     'no_return': False,
                     'output_sid': None,
                     'output_width_bits': None,
                     'declared_width_bits': 32,
                     'effective_result_width_bits': 32,
                     'declared_return': {'name': 'int',
                                         'display_name': 'int',
                                         'class_name': 'IntegerDataType',
                                         'length_bytes': 4,
                                         'width_bits': 32,
                                         'signed': True,
                                         'kind_hint': 'integer'},
                     'return_storage': {'repr': 'EAX:4',
                                        'size_bytes': 4,
                                        'flags': {'register': True,
                                                  'stack': False,
                                                  'memory': False,
                                                  'unassigned': False,
                                                  'void': False,
                                                  'auto': False},
                                        'pieces': [{'kind': 'register',
                                                    'space': 'register',
                                                    'offset': 0,
                                                    'size_bytes': 4,
                                                    'width_bits': 32,
                                                    'storage_key': 'register:0:4',
                                                    'register': {'name': 'EAX',
                                                                 'base_name': 'RAX',
                                                                 'size_bytes': 4,
                                                                 'repr': 'EAX'},
                                                    'flags': {'constant': False,
                                                              'register': True,
                                                              'address': False,
                                                              'unique': False,
                                                              'input': False,
                                                              'unaffected': False},
                                                    'repr': '(register, 0x0, '
                                                            '4)'}],
                                        'storage_keys': ['register:0:4']},
                     'carrier_pieces': [{'kind': 'register',
                                         'space': 'register',
                                         'offset': 0,
                                         'size_bytes': 4,
                                         'width_bits': 32,
                                         'storage_key': 'register:0:4',
                                         'register': {'name': 'EAX',
                                                      'base_name': 'RAX',
                                                      'size_bytes': 4,
                                                      'repr': 'EAX'},
                                         'flags': {'constant': False,
                                                   'register': True,
                                                   'address': False,
                                                   'unique': False,
                                                   'input': False,
                                                   'unaffected': False},
                                         'repr': '(register, 0x0, 4)'}],
                     'normalization': {'mode': 'mask_to_output_width',
                                       'width_bits': 32,
                                       'mask': 4294967295},
                     'runtime_helper': None,
                     'runtime_helper_authority': 'no_ABI_runtime_helper_assigned',
                     'authority': 'reachable_raw_return_transport_plus_authoritative_prototype',
                     'reported_declared_width_bits': 32,
                     'declared_width_authoritative': True,
                     'declared_return_evidence_status': 'authoritative_function_prototype',
                     'transport_width_bits': 32,
                     'logical_result_width_bits': 32,
                     'reachable_return_widths': [32],
                     'reachable_return_boundary_count': 1,
                     'unreachable_return_boundary_count': 0,
                     'deferred_return_boundary_count': 0},
 'reachable_return_boundaries': [{'block_addr': 1052690,
                                  'return_value_sid': 'v_102',
                                  'return_value_width_bits': 32,
                                  'return_transport_width_bits': 32,
                                  'return_logical_width_bits': 32,
                                  'return_declared_view': {'sid': 'v_102',
                                                           'width_bits': 32,
                                                           'domain': 'integer',
                                                           'signedness': 'signed',
                                                           'canonical_type': 's32'},
                                  'return_boundary_authority': 'function_signature_logical_width_plus_raw_transport',
                                  'return_reachability': 'reachable',
                                  'reachable_return': True,
                                  'execution_suppressed': False,
                                  'emission_policy': 'emit_reachable_return_boundary',
                                  'cut_by_no_return_blocks': [],
                                  'cut_by_no_return_call_op_keys': []}],
 'unreachable_return_boundaries': []}

[RETURN BOUNDARY RECONCILIATION]
{'kind': 'pal_compute_return_boundary_reconciliation_v23b',
 'version': 'v23b_abi_thunk_compatibility_return_reconciliation',
 'function': '_init',
 'entry_block_addr': 1052672,
 'cfg_evidence_available': True,
 'no_return_terminating_blocks': [],
 'no_return_call_op_keys': [],
 'return_boundaries': 1,
 'reachable_return_boundaries': 1,
 'unreachable_return_boundaries': 0,
 'deferred_return_boundaries': 0,
 'reachable_return_widths': [32],
 'width_reconciled': True,
 'synthetic_no_return_continuations_suppressed': 0,
 'rule': 'traverse_CFG_with_no_return_blocks_as_terminal_then_reconcile_reachable_raw_return_transports_only'}

[CALL SITE ABI PLANS]
{'op_key': '1052688:(ram, 0x101010, 23, 2):2',
 'target': None,
 'dispatch_class': 'indirect_runtime_target',
 'status': 'deferred_target_dispatch',
 'argument_count': 0,
 'carrier_allocation_status': 'complete',
 'target_compatibility_status': 'deferred',
 'target_compatible': None,
 'no_return': False,
 'result_width_bits': 32}
===== END PAL COMPUTE ANALYZER =====


=========== SGL EXECUTION TREE ===========

sequence
  block [0x101000]
  if [cond=not ((PTR___gmon_start___00103fd0 != 0))]
    then [direct_join=True edge=(1052672, 1052690) pred=1052672 join=1052690]
    else
      sequence
        block [0x101010]
  sequence
    block [0x101012]

=========== END TREE ===========

[SGL EXEC TREE PERSISTED] path=/home/rem/gh/PAL/pyghidra-PAL/PAL/PAL_logs/f_0000000000101000_init.sgl.exec_tree.log mode=append temporary=False delete_on_completion=False

[PHI DROP-INS]
------------------------------------------------------------
pred=0x101000 -> join=0x101012 :: v_212 = v_208
pred=0x101010 -> join=0x101012 :: v_212 = v_216
pred=0x101000 -> join=0x101012 :: PTR___gmon_start___00103fd0 = PTR___gmon_start___00103fd0
------------------------------------------------------------
{'active': True,
 'bound_plans': 9,
 'control_contracts_forwarded': 2,
 'input_op_contracts': 9,
 'input_plans': 9,
 'kind': 'phi_compute_consumer_inventory_v21',
 'outputless_contracts_forwarded': 0,
 'phi_merge_contracts': 2,
 'phi_transition_contracts': 3,
 'preserved_compute_boundaries': 6,
 'preserved_deferred_contracts': 1,
 'preserved_outputless_boundaries': 0,
 'preserved_outputless_deferred_contracts': 0,
 'preserved_outputless_helpers': 0,
 'preserved_runtime_helpers': 1,
 'rule': 'preserve_PALCompute_authority_remap_execution_destination_only',
 'state_alias_bindings': 1,
 'transition_owners': {'predecessor_phi_dropin': 2, 'source_state_alias': 1},
 'version': 'v21_compute_contract_consumers',
 'warnings': 0}
[]
          OK -> functions.f_0000000000101000_init
[2/30] decompile Global::FUN_00101020 @ 0x101020

===== CFG DEBUG =====

[EDGES]

[IPDOM]
0x101020 -> ipdom: None

=====================

===== PAL RESOLVER INDIRECT STORAGE v22c =====

[INVENTORY]
{'active': True,
 'address_tied_families': 2,
 'custody_transitions': 2,
 'effect_owner_groups': 1,
 'escape_barrier_sids': 4,
 'input_contracts': 2,
 'kind': 'resolver_indirect_storage_inventory_v22c',
 'machine_state_families': 0,
 'machine_state_sids': 0,
 'owner_categories': {'call_boundary': 2},
 'parameter_initializers': 0,
 'persistent_families': 2,
 'rule': 'HighVariable_identity_families_plus_address_escape_alias_barrier',
 'runtime_order': 'CFG_governed_not_linearized',
 'storage_families': 2,
 'version': 'v22c_indirect_storage_families',
 'warnings': 0}

[STORAGE FAMILIES]
{'address_tied': True,
 'classification': 'persistent_address_tied_storage',
 'entry_sids': ['v_43'],
 'family_id': 'storage_family:high_rep:43',
 'high_identity_key': 'high_rep:43',
 'high_name': 'PTR_00103ff0',
 'member_sids': ['v_43', 'v_31'],
 'parameter_initializers': 0,
 'persistent': True,
 'transitions': 1}
{'address_tied': True,
 'classification': 'persistent_address_tied_storage',
 'entry_sids': ['v_44'],
 'family_id': 'storage_family:high_rep:44',
 'high_identity_key': 'high_rep:44',
 'high_name': 'PTR_00103ff8',
 'member_sids': ['v_44', 'v_36'],
 'parameter_initializers': 0,
 'persistent': True,
 'transitions': 1}

[PARAMETER INITIALIZERS / STORAGE WRITES]
[]

[WARNINGS]
[]
===== END PAL RESOLVER INDIRECT STORAGE =====

========================================================================
PALRAW AUDIT v0.3 :: raw instruction BLOCK p-code vs HF/PAL CFG
========================================================================

--- 0x10127f ---
Raw block  : 0x101020 -> next None
Instr count: 2
Terminal   : 0x101026 JMP qword ptr [0x00103ff8]
Raw succs  : []
Norm succs : []
HF block   : 0x101020
CFG edges  : []
STATUS     : successors_match
Raw instructions:
   0x101020  PUSH qword ptr [0x00103ff0]
   0x101026  JMP qword ptr [0x00103ff8]
Terminal raw p-code:
     ---  BRANCHIND (ram, 0x103ff8, 8)
HF/PAL ops :
    CAST [PTR_00103ff8] -> v_45
    INDIRECT [PTR_00103ff0, 0x3] -> PTR_00103ff0
    INDIRECT [PTR_00103ff8, 0x3] -> PTR_00103ff8
    CALLIND [v_45] -> None
    COPY [PTR_00103ff0] -> PTR_00103ff0
    COPY [PTR_00103ff8] -> PTR_00103ff8
HF/PAL term:
    RETURN [0x1] -> None

--- 0x1011b6 ---
Raw block  : 0x101020 -> next None
Instr count: 2
Terminal   : 0x101026 JMP qword ptr [0x00103ff8]
Raw succs  : []
Norm succs : []
HF block   : 0x101020
CFG edges  : []
STATUS     : successors_match
Raw instructions:
   0x101020  PUSH qword ptr [0x00103ff0]
   0x101026  JMP qword ptr [0x00103ff8]
Terminal raw p-code:
     ---  BRANCHIND (ram, 0x103ff8, 8)
HF/PAL ops :
    CAST [PTR_00103ff8] -> v_45
    INDIRECT [PTR_00103ff0, 0x3] -> PTR_00103ff0
    INDIRECT [PTR_00103ff8, 0x3] -> PTR_00103ff8
    CALLIND [v_45] -> None
    COPY [PTR_00103ff0] -> PTR_00103ff0
    COPY [PTR_00103ff8] -> PTR_00103ff8
HF/PAL term:
    RETURN [0x1] -> None

--- 0x101219 ---
Raw block  : 0x101020 -> next None
Instr count: 2
Terminal   : 0x101026 JMP qword ptr [0x00103ff8]
Raw succs  : []
Norm succs : []
HF block   : 0x101020
CFG edges  : []
STATUS     : successors_match
Raw instructions:
   0x101020  PUSH qword ptr [0x00103ff0]
   0x101026  JMP qword ptr [0x00103ff8]
Terminal raw p-code:
     ---  BRANCHIND (ram, 0x103ff8, 8)
HF/PAL ops :
    CAST [PTR_00103ff8] -> v_45
    INDIRECT [PTR_00103ff0, 0x3] -> PTR_00103ff0
    INDIRECT [PTR_00103ff8, 0x3] -> PTR_00103ff8
    CALLIND [v_45] -> None
    COPY [PTR_00103ff0] -> PTR_00103ff0
    COPY [PTR_00103ff8] -> PTR_00103ff8
HF/PAL term:
    RETURN [0x1] -> None

--- 0x10120f ---
Raw block  : 0x101020 -> next None
Instr count: 2
Terminal   : 0x101026 JMP qword ptr [0x00103ff8]
Raw succs  : []
Norm succs : []
HF block   : 0x101020
CFG edges  : []
STATUS     : successors_match
Raw instructions:
   0x101020  PUSH qword ptr [0x00103ff0]
   0x101026  JMP qword ptr [0x00103ff8]
Terminal raw p-code:
     ---  BRANCHIND (ram, 0x103ff8, 8)
HF/PAL ops :
    CAST [PTR_00103ff8] -> v_45
    INDIRECT [PTR_00103ff0, 0x3] -> PTR_00103ff0
    INDIRECT [PTR_00103ff8, 0x3] -> PTR_00103ff8
    CALLIND [v_45] -> None
    COPY [PTR_00103ff0] -> PTR_00103ff0
    COPY [PTR_00103ff8] -> PTR_00103ff8
HF/PAL term:
    RETURN [0x1] -> None

--- 0x101221 ---
Raw block  : 0x101020 -> next None
Instr count: 2
Terminal   : 0x101026 JMP qword ptr [0x00103ff8]
Raw succs  : []
Norm succs : []
HF block   : 0x101020
CFG edges  : []
STATUS     : successors_match
Raw instructions:
   0x101020  PUSH qword ptr [0x00103ff0]
   0x101026  JMP qword ptr [0x00103ff8]
Terminal raw p-code:
     ---  BRANCHIND (ram, 0x103ff8, 8)
HF/PAL ops :
    CAST [PTR_00103ff8] -> v_45
    INDIRECT [PTR_00103ff0, 0x3] -> PTR_00103ff0
    INDIRECT [PTR_00103ff8, 0x3] -> PTR_00103ff8
    CALLIND [v_45] -> None
    COPY [PTR_00103ff0] -> PTR_00103ff0
    COPY [PTR_00103ff8] -> PTR_00103ff8
HF/PAL term:
    RETURN [0x1] -> None

--- 0x101284 ---
Raw block  : 0x101020 -> next None
Instr count: 2
Terminal   : 0x101026 JMP qword ptr [0x00103ff8]
Raw succs  : []
Norm succs : []
HF block   : 0x101020
CFG edges  : []
STATUS     : successors_match
Raw instructions:
   0x101020  PUSH qword ptr [0x00103ff0]
   0x101026  JMP qword ptr [0x00103ff8]
Terminal raw p-code:
     ---  BRANCHIND (ram, 0x103ff8, 8)
HF/PAL ops :
    CAST [PTR_00103ff8] -> v_45
    INDIRECT [PTR_00103ff0, 0x3] -> PTR_00103ff0
    INDIRECT [PTR_00103ff8, 0x3] -> PTR_00103ff8
    CALLIND [v_45] -> None
    COPY [PTR_00103ff0] -> PTR_00103ff0
    COPY [PTR_00103ff8] -> PTR_00103ff8
HF/PAL term:
    RETURN [0x1] -> None

--- 0x10127f ---
Raw block  : 0x101020 -> next None
Instr count: 2
Terminal   : 0x101026 JMP qword ptr [0x00103ff8]
Raw succs  : []
Norm succs : []
HF block   : 0x101020
CFG edges  : []
STATUS     : successors_match
Raw instructions:
   0x101020  PUSH qword ptr [0x00103ff0]
   0x101026  JMP qword ptr [0x00103ff8]
Terminal raw p-code:
     ---  BRANCHIND (ram, 0x103ff8, 8)
HF/PAL ops :
    CAST [PTR_00103ff8] -> v_45
    INDIRECT [PTR_00103ff0, 0x3] -> PTR_00103ff0
    INDIRECT [PTR_00103ff8, 0x3] -> PTR_00103ff8
    CALLIND [v_45] -> None
    COPY [PTR_00103ff0] -> PTR_00103ff0
    COPY [PTR_00103ff8] -> PTR_00103ff8
HF/PAL term:
    RETURN [0x1] -> None

========================================================================

===== PAL COMPUTE ANALYZER =====
{'kind': 'pal_compute_inventory_v22',
 'version': 'v23b_abi_thunk_compatibility_return_reconciliation',
 'runtime_representation': 'raw_unsigned_bitvector_at_ssa_boundaries',
 'operations': 6,
 'output_plans': 5,
 'control_contracts': 1,
 'c_compute_filtered': 6,
 'use_site_overrides': 0,
 'return_observation_view_mismatches': 0,
 'storage_custody_related_ops': 6,
 'indirect_custody_contracts': 2,
 'indirect_custody_resolved': 2,
 'indirect_custody_deferred': 0,
 'indirect_effect_owner_compute_ops': 1,
 'storage_family_bindings': 4,
 'function_entry_abi_plan': True,
 'call_site_abi_plans': 1,
 'internal_call_plan_failures': 0,
 'unsupported_implicit_inputs': 0,
 'abi_runtime_helper_assignments': 0,
 'no_return_calls': 0,
 'reachable_return_boundaries': 1,
 'unreachable_return_boundaries': 0,
 'synthetic_no_return_continuations_suppressed': 0,
 'statuses': {'metadata_only': 5, 'deferred_external': 1},
 'categories': {'conversion': 1,
                'storage_custody': 2,
                'call_boundary': 1,
                'transport': 2},
 'helpers': {},
 'opcodes': {'CAST': 1, 'INDIRECT': 2, 'CALLIND': 1, 'COPY': 2},
 'warnings': 0}

[WARNINGS]
[]

[METADATA-ONLY COMPUTE BOUNDARIES]
0x101020 CAST ['v_44'] -> v_45 classification=same_width_explicit_view_boundary
0x101020 INDIRECT ['v_43', 'c_3_4'] -> v_31 classification=None
0x101020 INDIRECT ['v_44', 'c_3_4'] -> v_36 classification=None
0x101020 COPY ['v_31'] -> v_33 classification=bit_preserving_copy
0x101020 COPY ['v_36'] -> v_38 classification=bit_preserving_copy

[HELPER-REQUIRED CONTRACTS]

[INDIRECT STORAGE-CUSTODY CONTRACTS]
0x101020 v_43 -> v_31 family=storage_family:high_rep:43 owner=CALLIND/0x3 owner_compute=1052704:(ram, 0x101026, 3, 3):3 status=metadata_only
0x101020 v_44 -> v_36 family=storage_family:high_rep:44 owner=CALLIND/0x3 owner_compute=1052704:(ram, 0x101026, 3, 3):3 status=metadata_only

[INDIRECT CUSTODY INVENTORY]
{'kind': 'pal_compute_indirect_custody_inventory_v22d',
 'version': 'v23b_abi_thunk_compatibility_return_reconciliation',
 'resolver_transitions': 2,
 'compute_indirect_contracts': 2,
 'resolved_custody': 2,
 'deferred_custody': 0,
 'effect_owner_compute_bindings': 2,
 'effect_owner_compute_ops': 1,
 'owner_categories': {'call_boundary': 2},
 'storage_families': 2,
 'storage_sid_bindings': 4,
 'address_escape_barrier_sids': 4,
 'parameter_storage_initializers': 0,
 'runtime_helpers': 0,
 'warnings': 0,
 'rule': 'INDIRECT_is_metadata_only_owner_bound_storage_transition'}

[ABI-D ENTRY/CALL PLAN INVENTORY]
{'kind': 'pal_compute_abi_plan_inventory_v23',
 'version': 'v23b_abi_thunk_compatibility_return_reconciliation',
 'function': 'FUN_00101020',
 'entry_plan_present': True,
 'entry_plan_status': 'ready',
 'fixed_arguments': 0,
 'implicit_inputs': 0,
 'implicit_inputs_unsupported': 0,
 'call_compute_contracts': 1,
 'call_site_plans': 1,
 'call_sites_without_plan': 0,
 'call_statuses': {'deferred_target_dispatch': 1},
 'dispatch_classes': {'indirect_runtime_target': 1},
 'internal_calls': 0,
 'internal_calls_with_target_compatible_plan': 0,
 'internal_calls_without_target_compatible_plan': 0,
 'internal_calls_with_deferred_target_compatibility': 0,
 'internal_calls_with_incompatible_target': 0,
 'internal_calls_without_transport_plan': 0,
 'external_calls': 0,
 'thunk_calls': 0,
 'external_via_thunk_calls': 0,
 'thunk_endpoint_deferred_calls': 0,
 'thunk_calls_misclassified_internal': 0,
 'target_compatibility_overclaims': 0,
 'no_return_calls': 0,
 'result_carrier_contracts': 1,
 'abi_runtime_helper_assignments': 0,
 'warnings': 0,
 'acceptance_gates': {'every_emitted_function_has_entry_plan': True,
                      'every_call_has_call_site_plan': True,
                      'every_internal_call_has_target_compatible_plan': True,
                      'every_internal_call_has_carrier_transport_plan': True,
                      'no_resolved_thunk_misclassified_internal': True,
                      'no_target_compatibility_overclaim': True,
                      'no_implicit_input_is_unsupported': True,
                      'no_runtime_helper_assigned_by_ABI_guesswork': True},
 'return_boundary_reconciliation': {'kind': 'pal_compute_return_boundary_reconciliation_v23b',
                                    'version': 'v23b_abi_thunk_compatibility_return_reconciliation',
                                    'function': 'FUN_00101020',
                                    'entry_block_addr': 1052704,
                                    'cfg_evidence_available': True,
                                    'no_return_terminating_blocks': [],
                                    'no_return_call_op_keys': [],
                                    'return_boundaries': 1,
                                    'reachable_return_boundaries': 1,
                                    'unreachable_return_boundaries': 0,
                                    'deferred_return_boundaries': 0,
                                    'reachable_return_widths': [32],
                                    'width_reconciled': True,
                                    'synthetic_no_return_continuations_suppressed': 0,
                                    'rule': 'traverse_CFG_with_no_return_blocks_as_terminal_then_reconcile_reachable_raw_return_transports_only'},
 'rule': 'ABI_A_B_C_authority_only_thunk_endpoint_and_compatibility_tri_state_no_downstream_argument_reinference'}

[FUNCTION ENTRY ABI PLAN]
{'plan_id': 'function_entry:1052704',
 'status': 'ready',
 'callable_signature_status': 'legacy_non_variadic_fallback',
 'fixed_argument_count': 0,
 'implicit_input_count': 0,
 'variadic_register_save_area': {'required': False,
                                 'status': 'not_required',
                                 'slots': [],
                                 'gp_slots': [],
                                 'sse_slots': [],
                                 'fixed_variadic_partition_status': 'deferred_to_entry_protocol_analysis',
                                 'source': 'abi_context.registers',
                                 'authority': 'ABI_C_carriers_plus_variadic_contract'},
 'overflow_argument_area': {'required': False,
                            'status': 'not_required',
                            'source': 'abi_context.overflow_argument_area',
                            'observed_stack_carriers': [],
                            'materialization': 'consume_preclassified_overflow_slots',
                            'offset_inference_allowed': False,
                            'authority': 'ABI_C_stack_carriers_or_variadic_protocol'},
 'variadic_al': {'required': False,
                 'status': 'not_required',
                 'source': 'abi_context.variadic_xmm_count',
                 'inputs': [],
                 'default_allowed': False,
                 'authority': 'ABI_C_variadic_xmm_count_contract'},
 'frame_base': {'required': False,
                'status': 'not_observed',
                'source': 'abi_context.frame_base',
                'inputs': [],
                'derive_from_parameter_names': False,
                'authority': 'ABI_C_frame_state_custody'},
 'tls_base': {'required': False,
              'status': 'not_observed',
              'source': 'abi_context.tls_base',
              'inputs': [],
              'derive_from_expression_names': False,
              'authority': 'ABI_C_tls_state_custody'},
 'return_contract': {'kind': 'pal_compute_return_carrier_contract_abi_d',
                     'version': 'v23b_abi_thunk_compatibility_return_reconciliation',
                     'status': 'return_width_proven_carrier_deferred',
                     'no_return': False,
                     'output_sid': None,
                     'output_width_bits': None,
                     'declared_width_bits': None,
                     'effective_result_width_bits': 32,
                     'declared_return': {'name': 'undefined',
                                         'display_name': 'undefined',
                                         'class_name': 'DefaultDataType',
                                         'length_bytes': 1,
                                         'width_bits': 8,
                                         'signed': None,
                                         'kind_hint': None},
                     'return_storage': {'repr': '<UNASSIGNED>',
                                        'size_bytes': 0,
                                        'flags': {'register': False,
                                                  'stack': False,
                                                  'memory': False,
                                                  'unassigned': True,
                                                  'void': False,
                                                  'auto': False},
                                        'pieces': [],
                                        'storage_keys': []},
                     'carrier_pieces': [],
                     'normalization': {'mode': 'mask_to_output_width',
                                       'width_bits': 32,
                                       'mask': 4294967295},
                     'runtime_helper': None,
                     'runtime_helper_authority': 'no_ABI_runtime_helper_assigned',
                     'authority': 'reachable_raw_return_transport',
                     'reported_declared_width_bits': 8,
                     'declared_width_authoritative': False,
                     'declared_return_evidence_status': 'non_authoritative_default_or_unresolved_prototype',
                     'transport_width_bits': 32,
                     'logical_result_width_bits': 32,
                     'reachable_return_widths': [32],
                     'reachable_return_boundary_count': 1,
                     'unreachable_return_boundary_count': 0,
                     'deferred_return_boundary_count': 0},
 'reachable_return_boundaries': [{'block_addr': 1052704,
                                  'return_value_sid': 'c_1_4',
                                  'return_value_width_bits': 32,
                                  'return_transport_width_bits': 32,
                                  'return_logical_width_bits': 32,
                                  'return_declared_view': None,
                                  'return_boundary_authority': 'raw_return_register_transport',
                                  'return_reachability': 'reachable',
                                  'reachable_return': True,
                                  'execution_suppressed': False,
                                  'emission_policy': 'emit_reachable_return_boundary',
                                  'cut_by_no_return_blocks': [],
                                  'cut_by_no_return_call_op_keys': []}],
 'unreachable_return_boundaries': []}

[RETURN BOUNDARY RECONCILIATION]
{'kind': 'pal_compute_return_boundary_reconciliation_v23b',
 'version': 'v23b_abi_thunk_compatibility_return_reconciliation',
 'function': 'FUN_00101020',
 'entry_block_addr': 1052704,
 'cfg_evidence_available': True,
 'no_return_terminating_blocks': [],
 'no_return_call_op_keys': [],
 'return_boundaries': 1,
 'reachable_return_boundaries': 1,
 'unreachable_return_boundaries': 0,
 'deferred_return_boundaries': 0,
 'reachable_return_widths': [32],
 'width_reconciled': True,
 'synthetic_no_return_continuations_suppressed': 0,
 'rule': 'traverse_CFG_with_no_return_blocks_as_terminal_then_reconcile_reachable_raw_return_transports_only'}

[CALL SITE ABI PLANS]
{'op_key': '1052704:(ram, 0x101026, 3, 3):3',
 'target': None,
 'dispatch_class': 'indirect_runtime_target',
 'status': 'deferred_target_dispatch',
 'argument_count': 0,
 'carrier_allocation_status': 'complete',
 'target_compatibility_status': 'deferred',
 'target_compatible': None,
 'no_return': False,
 'result_width_bits': None}
===== END PAL COMPUTE ANALYZER =====


=========== SGL EXECUTION TREE ===========

sequence
  sequence
    block [0x101020]

=========== END TREE ===========

[SGL EXEC TREE PERSISTED] path=/home/rem/gh/PAL/pyghidra-PAL/PAL/PAL_logs/f_0000000000101020_FUN_00101020.sgl.exec_tree.log mode=append temporary=False delete_on_completion=False

[PHI DROP-INS]
------------------------------------------------------------
------------------------------------------------------------
{'active': True,
 'bound_plans': 5,
 'control_contracts_forwarded': 1,
 'input_op_contracts': 6,
 'input_plans': 5,
 'kind': 'phi_compute_consumer_inventory_v21',
 'outputless_contracts_forwarded': 1,
 'phi_merge_contracts': 0,
 'phi_transition_contracts': 0,
 'preserved_compute_boundaries': 5,
 'preserved_deferred_contracts': 0,
 'preserved_outputless_boundaries': 1,
 'preserved_outputless_deferred_contracts': 1,
 'preserved_outputless_helpers': 0,
 'preserved_runtime_helpers': 0,
 'rule': 'preserve_PALCompute_authority_remap_execution_destination_only',
 'state_alias_bindings': 0,
 'transition_owners': {},
 'version': 'v21_compute_contract_consumers',
 'warnings': 0}
[]
          OK -> functions.f_0000000000101020_FUN_00101020
[3/30] decompile <EXTERNAL>::puts @ 0x101030

===== CFG DEBUG =====

[EDGES]

[IPDOM]
0x101030 -> ipdom: None

=====================

===== PAL RESOLVER INDIRECT STORAGE v22c =====

[INVENTORY]
{'active': True,
 'address_tied_families': 1,
 'custody_transitions': 1,
 'effect_owner_groups': 1,
 'escape_barrier_sids': 2,
 'input_contracts': 1,
 'kind': 'resolver_indirect_storage_inventory_v22c',
 'machine_state_families': 0,
 'machine_state_sids': 0,
 'owner_categories': {'call_boundary': 1},
 'parameter_initializers': 0,
 'persistent_families': 1,
 'rule': 'HighVariable_identity_families_plus_address_escape_alias_barrier',
 'runtime_order': 'CFG_governed_not_linearized',
 'storage_families': 1,
 'version': 'v22c_indirect_storage_families',
 'warnings': 0}

[STORAGE FAMILIES]
{'address_tied': True,
 'classification': 'persistent_address_tied_storage',
 'entry_sids': ['v_32'],
 'family_id': 'storage_family:high_rep:32',
 'high_identity_key': 'high_rep:32',
 'high_name': 'PTR_puts_00104000',
 'member_sids': ['v_32', 'v_28'],
 'parameter_initializers': 0,
 'persistent': True,
 'transitions': 1}

[PARAMETER INITIALIZERS / STORAGE WRITES]
[]

[WARNINGS]
[]
===== END PAL RESOLVER INDIRECT STORAGE =====

========================================================================
PALRAW AUDIT v0.3 :: raw instruction BLOCK p-code vs HF/PAL CFG
========================================================================

--- 0x10127f ---
Raw block  : 0x101030 -> next None
Instr count: 1
Terminal   : 0x101030 JMP qword ptr [0x00104000]
Raw succs  : ['0x105010']
Norm succs : ['0x105010']
HF block   : 0x101030
CFG edges  : []
STATUS     : successors_differ
NOTE       : Raw successor(s) missing from HF/PAL CFG: ['0x105010']
Raw instructions:
   0x101030  JMP qword ptr [0x00104000]
Terminal raw p-code:
     ---  BRANCHIND (ram, 0x104000, 8)
HF/PAL ops :
    CAST [PTR_puts_00104000] -> v_33
    INDIRECT [PTR_puts_00104000, 0x0] -> PTR_puts_00104000
    CALLIND [v_33] -> v_15
    COPY [PTR_puts_00104000] -> PTR_puts_00104000
HF/PAL term:
    RETURN [0x0, v_15] -> None

--- 0x1011b6 ---
Raw block  : 0x101030 -> next None
Instr count: 1
Terminal   : 0x101030 JMP qword ptr [0x00104000]
Raw succs  : ['0x105010']
Norm succs : ['0x105010']
HF block   : 0x101030
CFG edges  : []
STATUS     : successors_differ
NOTE       : Raw successor(s) missing from HF/PAL CFG: ['0x105010']
Raw instructions:
   0x101030  JMP qword ptr [0x00104000]
Terminal raw p-code:
     ---  BRANCHIND (ram, 0x104000, 8)
HF/PAL ops :
    CAST [PTR_puts_00104000] -> v_33
    INDIRECT [PTR_puts_00104000, 0x0] -> PTR_puts_00104000
    CALLIND [v_33] -> v_15
    COPY [PTR_puts_00104000] -> PTR_puts_00104000
HF/PAL term:
    RETURN [0x0, v_15] -> None

--- 0x101219 ---
Raw block  : 0x101030 -> next None
Instr count: 1
Terminal   : 0x101030 JMP qword ptr [0x00104000]
Raw succs  : ['0x105010']
Norm succs : ['0x105010']
HF block   : 0x101030
CFG edges  : []
STATUS     : successors_differ
NOTE       : Raw successor(s) missing from HF/PAL CFG: ['0x105010']
Raw instructions:
   0x101030  JMP qword ptr [0x00104000]
Terminal raw p-code:
     ---  BRANCHIND (ram, 0x104000, 8)
HF/PAL ops :
    CAST [PTR_puts_00104000] -> v_33
    INDIRECT [PTR_puts_00104000, 0x0] -> PTR_puts_00104000
    CALLIND [v_33] -> v_15
    COPY [PTR_puts_00104000] -> PTR_puts_00104000
HF/PAL term:
    RETURN [0x0, v_15] -> None

--- 0x10120f ---
Raw block  : 0x101030 -> next None
Instr count: 1
Terminal   : 0x101030 JMP qword ptr [0x00104000]
Raw succs  : ['0x105010']
Norm succs : ['0x105010']
HF block   : 0x101030
CFG edges  : []
STATUS     : successors_differ
NOTE       : Raw successor(s) missing from HF/PAL CFG: ['0x105010']
Raw instructions:
   0x101030  JMP qword ptr [0x00104000]
Terminal raw p-code:
     ---  BRANCHIND (ram, 0x104000, 8)
HF/PAL ops :
    CAST [PTR_puts_00104000] -> v_33
    INDIRECT [PTR_puts_00104000, 0x0] -> PTR_puts_00104000
    CALLIND [v_33] -> v_15
    COPY [PTR_puts_00104000] -> PTR_puts_00104000
HF/PAL term:
    RETURN [0x0, v_15] -> None

--- 0x101221 ---
Raw block  : 0x101030 -> next None
Instr count: 1
Terminal   : 0x101030 JMP qword ptr [0x00104000]
Raw succs  : ['0x105010']
Norm succs : ['0x105010']
HF block   : 0x101030
CFG edges  : []
STATUS     : successors_differ
NOTE       : Raw successor(s) missing from HF/PAL CFG: ['0x105010']
Raw instructions:
   0x101030  JMP qword ptr [0x00104000]
Terminal raw p-code:
     ---  BRANCHIND (ram, 0x104000, 8)
HF/PAL ops :
    CAST [PTR_puts_00104000] -> v_33
    INDIRECT [PTR_puts_00104000, 0x0] -> PTR_puts_00104000
    CALLIND [v_33] -> v_15
    COPY [PTR_puts_00104000] -> PTR_puts_00104000
HF/PAL term:
    RETURN [0x0, v_15] -> None

--- 0x101284 ---
Raw block  : 0x101030 -> next None
Instr count: 1
Terminal   : 0x101030 JMP qword ptr [0x00104000]
Raw succs  : ['0x105010']
Norm succs : ['0x105010']
HF block   : 0x101030
CFG edges  : []
STATUS     : successors_differ
NOTE       : Raw successor(s) missing from HF/PAL CFG: ['0x105010']
Raw instructions:
   0x101030  JMP qword ptr [0x00104000]
Terminal raw p-code:
     ---  BRANCHIND (ram, 0x104000, 8)
HF/PAL ops :
    CAST [PTR_puts_00104000] -> v_33
    INDIRECT [PTR_puts_00104000, 0x0] -> PTR_puts_00104000
    CALLIND [v_33] -> v_15
    COPY [PTR_puts_00104000] -> PTR_puts_00104000
HF/PAL term:
    RETURN [0x0, v_15] -> None

--- 0x10127f ---
Raw block  : 0x101030 -> next None
Instr count: 1
Terminal   : 0x101030 JMP qword ptr [0x00104000]
Raw succs  : ['0x105010']
Norm succs : ['0x105010']
HF block   : 0x101030
CFG edges  : []
STATUS     : successors_differ
NOTE       : Raw successor(s) missing from HF/PAL CFG: ['0x105010']
Raw instructions:
   0x101030  JMP qword ptr [0x00104000]
Terminal raw p-code:
     ---  BRANCHIND (ram, 0x104000, 8)
HF/PAL ops :
    CAST [PTR_puts_00104000] -> v_33
    INDIRECT [PTR_puts_00104000, 0x0] -> PTR_puts_00104000
    CALLIND [v_33] -> v_15
    COPY [PTR_puts_00104000] -> PTR_puts_00104000
HF/PAL term:
    RETURN [0x0, v_15] -> None

========================================================================

===== PAL COMPUTE ANALYZER =====
{'kind': 'pal_compute_inventory_v22',
 'version': 'v23b_abi_thunk_compatibility_return_reconciliation',
 'runtime_representation': 'raw_unsigned_bitvector_at_ssa_boundaries',
 'operations': 4,
 'output_plans': 4,
 'control_contracts': 1,
 'c_compute_filtered': 4,
 'use_site_overrides': 0,
 'return_observation_view_mismatches': 0,
 'storage_custody_related_ops': 4,
 'indirect_custody_contracts': 1,
 'indirect_custody_resolved': 1,
 'indirect_custody_deferred': 0,
 'indirect_effect_owner_compute_ops': 1,
 'storage_family_bindings': 2,
 'function_entry_abi_plan': True,
 'call_site_abi_plans': 1,
 'internal_call_plan_failures': 0,
 'unsupported_implicit_inputs': 0,
 'abi_runtime_helper_assignments': 0,
 'no_return_calls': 0,
 'reachable_return_boundaries': 1,
 'unreachable_return_boundaries': 0,
 'synthetic_no_return_continuations_suppressed': 0,
 'statuses': {'metadata_only': 3, 'deferred_external': 1},
 'categories': {'conversion': 1,
                'storage_custody': 1,
                'call_boundary': 1,
                'transport': 1},
 'helpers': {},
 'opcodes': {'CAST': 1, 'INDIRECT': 1, 'CALLIND': 1, 'COPY': 1},
 'warnings': 0}

[WARNINGS]
[]

[METADATA-ONLY COMPUTE BOUNDARIES]
0x101030 CAST ['v_32'] -> v_33 classification=same_width_explicit_view_boundary
0x101030 INDIRECT ['v_32', 'c_0_4'] -> v_28 classification=None
0x101030 COPY ['v_28'] -> v_30 classification=bit_preserving_copy

[HELPER-REQUIRED CONTRACTS]

[INDIRECT STORAGE-CUSTODY CONTRACTS]
0x101030 v_32 -> v_28 family=storage_family:high_rep:32 owner=CALLIND/0x0 owner_compute=1052720:(ram, 0x101030, 0, 2):2 status=metadata_only

[INDIRECT CUSTODY INVENTORY]
{'kind': 'pal_compute_indirect_custody_inventory_v22d',
 'version': 'v23b_abi_thunk_compatibility_return_reconciliation',
 'resolver_transitions': 1,
 'compute_indirect_contracts': 1,
 'resolved_custody': 1,
 'deferred_custody': 0,
 'effect_owner_compute_bindings': 1,
 'effect_owner_compute_ops': 1,
 'owner_categories': {'call_boundary': 1},
 'storage_families': 1,
 'storage_sid_bindings': 2,
 'address_escape_barrier_sids': 2,
 'parameter_storage_initializers': 0,
 'runtime_helpers': 0,
 'warnings': 0,
 'rule': 'INDIRECT_is_metadata_only_owner_bound_storage_transition'}

[ABI-D ENTRY/CALL PLAN INVENTORY]
{'kind': 'pal_compute_abi_plan_inventory_v23',
 'version': 'v23b_abi_thunk_compatibility_return_reconciliation',
 'function': 'puts',
 'entry_plan_present': True,
 'entry_plan_status': 'ready',
 'fixed_arguments': 1,
 'implicit_inputs': 0,
 'implicit_inputs_unsupported': 0,
 'call_compute_contracts': 1,
 'call_site_plans': 1,
 'call_sites_without_plan': 0,
 'call_statuses': {'deferred_target_dispatch': 1},
 'dispatch_classes': {'indirect_runtime_target': 1},
 'internal_calls': 0,
 'internal_calls_with_target_compatible_plan': 0,
 'internal_calls_without_target_compatible_plan': 0,
 'internal_calls_with_deferred_target_compatibility': 0,
 'internal_calls_with_incompatible_target': 0,
 'internal_calls_without_transport_plan': 0,
 'external_calls': 0,
 'thunk_calls': 0,
 'external_via_thunk_calls': 0,
 'thunk_endpoint_deferred_calls': 0,
 'thunk_calls_misclassified_internal': 0,
 'target_compatibility_overclaims': 0,
 'no_return_calls': 0,
 'result_carrier_contracts': 1,
 'abi_runtime_helper_assignments': 0,
 'warnings': 0,
 'acceptance_gates': {'every_emitted_function_has_entry_plan': True,
                      'every_call_has_call_site_plan': True,
                      'every_internal_call_has_target_compatible_plan': True,
                      'every_internal_call_has_carrier_transport_plan': True,
                      'no_resolved_thunk_misclassified_internal': True,
                      'no_target_compatibility_overclaim': True,
                      'no_implicit_input_is_unsupported': True,
                      'no_runtime_helper_assigned_by_ABI_guesswork': True},
 'return_boundary_reconciliation': {'kind': 'pal_compute_return_boundary_reconciliation_v23b',
                                    'version': 'v23b_abi_thunk_compatibility_return_reconciliation',
                                    'function': 'puts',
                                    'entry_block_addr': 1052720,
                                    'cfg_evidence_available': True,
                                    'no_return_terminating_blocks': [],
                                    'no_return_call_op_keys': [],
                                    'return_boundaries': 1,
                                    'reachable_return_boundaries': 1,
                                    'unreachable_return_boundaries': 0,
                                    'deferred_return_boundaries': 0,
                                    'reachable_return_widths': [32],
                                    'width_reconciled': True,
                                    'synthetic_no_return_continuations_suppressed': 0,
                                    'rule': 'traverse_CFG_with_no_return_blocks_as_terminal_then_reconcile_reachable_raw_return_transports_only'},
 'rule': 'ABI_A_B_C_authority_only_thunk_endpoint_and_compatibility_tri_state_no_downstream_argument_reinference'}

[FUNCTION ENTRY ABI PLAN]
{'plan_id': 'function_entry:1052720',
 'status': 'ready',
 'callable_signature_status': 'authoritative_logical_parameter_order',
 'fixed_argument_count': 1,
 'implicit_input_count': 0,
 'variadic_register_save_area': {'required': False,
                                 'status': 'not_required',
                                 'slots': [{'sid': 'v_8',
                                            'bank': 'gp',
                                            'index': 0,
                                            'register': 'RDI',
                                            'width_bits': 64,
                                            'canonical_alias': 'param_0',
                                            'owner_namespace': 'logical_parameter',
                                            'owner_role': 'callable_parameter_carrier',
                                            'materialization': 'capture_entry_register_bits',
                                            'source': 'abi_context.registers',
                                            'runtime_helper': None,
                                            'authority': 'PALSymbolResolver_ABI_C_physical_carrier_binding'}],
                                 'gp_slots': [{'sid': 'v_8',
                                               'bank': 'gp',
                                               'index': 0,
                                               'register': 'RDI',
                                               'width_bits': 64,
                                               'canonical_alias': 'param_0',
                                               'owner_namespace': 'logical_parameter',
                                               'owner_role': 'callable_parameter_carrier',
                                               'materialization': 'capture_entry_register_bits',
                                               'source': 'abi_context.registers',
                                               'runtime_helper': None,
                                               'authority': 'PALSymbolResolver_ABI_C_physical_carrier_binding'}],
                                 'sse_slots': [],
                                 'fixed_variadic_partition_status': 'deferred_to_entry_protocol_analysis',
                                 'source': 'abi_context.registers',
                                 'authority': 'ABI_C_carriers_plus_variadic_contract'},
 'overflow_argument_area': {'required': False,
                            'status': 'not_required',
                            'source': 'abi_context.overflow_argument_area',
                            'observed_stack_carriers': [],
                            'materialization': 'consume_preclassified_overflow_slots',
                            'offset_inference_allowed': False,
                            'authority': 'ABI_C_stack_carriers_or_variadic_protocol'},
 'variadic_al': {'required': False,
                 'status': 'not_required',
                 'source': 'abi_context.variadic_xmm_count',
                 'inputs': [],
                 'default_allowed': False,
                 'authority': 'ABI_C_variadic_xmm_count_contract'},
 'frame_base': {'required': False,
                'status': 'not_observed',
                'source': 'abi_context.frame_base',
                'inputs': [],
                'derive_from_parameter_names': False,
                'authority': 'ABI_C_frame_state_custody'},
 'tls_base': {'required': False,
              'status': 'not_observed',
              'source': 'abi_context.tls_base',
              'inputs': [],
              'derive_from_expression_names': False,
              'authority': 'ABI_C_tls_state_custody'},
 'return_contract': {'kind': 'pal_compute_return_carrier_contract_abi_d',
                     'version': 'v23b_abi_thunk_compatibility_return_reconciliation',
                     'status': 'physical_return_carrier_proven',
                     'no_return': False,
                     'output_sid': None,
                     'output_width_bits': None,
                     'declared_width_bits': 32,
                     'effective_result_width_bits': 32,
                     'declared_return': {'name': 'int',
                                         'display_name': 'int',
                                         'class_name': 'IntegerDataType',
                                         'length_bytes': 4,
                                         'width_bits': 32,
                                         'signed': True,
                                         'kind_hint': 'integer'},
                     'return_storage': {'repr': 'EAX:4',
                                        'size_bytes': 4,
                                        'flags': {'register': True,
                                                  'stack': False,
                                                  'memory': False,
                                                  'unassigned': False,
                                                  'void': False,
                                                  'auto': False},
                                        'pieces': [{'kind': 'register',
                                                    'space': 'register',
                                                    'offset': 0,
                                                    'size_bytes': 4,
                                                    'width_bits': 32,
                                                    'storage_key': 'register:0:4',
                                                    'register': {'name': 'EAX',
                                                                 'base_name': 'RAX',
                                                                 'size_bytes': 4,
                                                                 'repr': 'EAX'},
                                                    'flags': {'constant': False,
                                                              'register': True,
                                                              'address': False,
                                                              'unique': False,
                                                              'input': False,
                                                              'unaffected': False},
                                                    'repr': '(register, 0x0, '
                                                            '4)'}],
                                        'storage_keys': ['register:0:4']},
                     'carrier_pieces': [{'kind': 'register',
                                         'space': 'register',
                                         'offset': 0,
                                         'size_bytes': 4,
                                         'width_bits': 32,
                                         'storage_key': 'register:0:4',
                                         'register': {'name': 'EAX',
                                                      'base_name': 'RAX',
                                                      'size_bytes': 4,
                                                      'repr': 'EAX'},
                                         'flags': {'constant': False,
                                                   'register': True,
                                                   'address': False,
                                                   'unique': False,
                                                   'input': False,
                                                   'unaffected': False},
                                         'repr': '(register, 0x0, 4)'}],
                     'normalization': {'mode': 'mask_to_output_width',
                                       'width_bits': 32,
                                       'mask': 4294967295},
                     'runtime_helper': None,
                     'runtime_helper_authority': 'no_ABI_runtime_helper_assigned',
                     'authority': 'reachable_raw_return_transport_plus_authoritative_prototype',
                     'reported_declared_width_bits': 32,
                     'declared_width_authoritative': True,
                     'declared_return_evidence_status': 'authoritative_function_prototype',
                     'transport_width_bits': 32,
                     'logical_result_width_bits': 32,
                     'reachable_return_widths': [32],
                     'reachable_return_boundary_count': 1,
                     'unreachable_return_boundary_count': 0,
                     'deferred_return_boundary_count': 0},
 'reachable_return_boundaries': [{'block_addr': 1052720,
                                  'return_value_sid': 'v_15',
                                  'return_value_width_bits': 32,
                                  'return_transport_width_bits': 32,
                                  'return_logical_width_bits': 32,
                                  'return_declared_view': {'sid': 'v_15',
                                                           'width_bits': 32,
                                                           'domain': 'integer',
                                                           'signedness': 'signed',
                                                           'canonical_type': 's32'},
                                  'return_boundary_authority': 'function_signature_logical_width_plus_raw_transport',
                                  'return_reachability': 'reachable',
                                  'reachable_return': True,
                                  'execution_suppressed': False,
                                  'emission_policy': 'emit_reachable_return_boundary',
                                  'cut_by_no_return_blocks': [],
                                  'cut_by_no_return_call_op_keys': []}],
 'unreachable_return_boundaries': []}

[RETURN BOUNDARY RECONCILIATION]
{'kind': 'pal_compute_return_boundary_reconciliation_v23b',
 'version': 'v23b_abi_thunk_compatibility_return_reconciliation',
 'function': 'puts',
 'entry_block_addr': 1052720,
 'cfg_evidence_available': True,
 'no_return_terminating_blocks': [],
 'no_return_call_op_keys': [],
 'return_boundaries': 1,
 'reachable_return_boundaries': 1,
 'unreachable_return_boundaries': 0,
 'deferred_return_boundaries': 0,
 'reachable_return_widths': [32],
 'width_reconciled': True,
 'synthetic_no_return_continuations_suppressed': 0,
 'rule': 'traverse_CFG_with_no_return_blocks_as_terminal_then_reconcile_reachable_raw_return_transports_only'}

[CALL SITE ABI PLANS]
{'op_key': '1052720:(ram, 0x101030, 0, 2):2',
 'target': None,
 'dispatch_class': 'indirect_runtime_target',
 'status': 'deferred_target_dispatch',
 'argument_count': 0,
 'carrier_allocation_status': 'complete',
 'target_compatibility_status': 'deferred',
 'target_compatible': None,
 'no_return': False,
 'result_width_bits': 32}
===== END PAL COMPUTE ANALYZER =====


=========== SGL EXECUTION TREE ===========

sequence
  sequence
    block [0x101030]

=========== END TREE ===========

[SGL EXEC TREE PERSISTED] path=/home/rem/gh/PAL/pyghidra-PAL/PAL/PAL_logs/f_0000000000101030_puts.sgl.exec_tree.log mode=append temporary=False delete_on_completion=False

[PHI DROP-INS]
------------------------------------------------------------
------------------------------------------------------------
{'active': True,
 'bound_plans': 4,
 'control_contracts_forwarded': 1,
 'input_op_contracts': 4,
 'input_plans': 4,
 'kind': 'phi_compute_consumer_inventory_v21',
 'outputless_contracts_forwarded': 0,
 'phi_merge_contracts': 0,
 'phi_transition_contracts': 0,
 'preserved_compute_boundaries': 4,
 'preserved_deferred_contracts': 1,
 'preserved_outputless_boundaries': 0,
 'preserved_outputless_deferred_contracts': 0,
 'preserved_outputless_helpers': 0,
 'preserved_runtime_helpers': 0,
 'rule': 'preserve_PALCompute_authority_remap_execution_destination_only',
 'state_alias_bindings': 0,
 'transition_owners': {},
 'version': 'v21_compute_contract_consumers',
 'warnings': 0}
[]
          OK -> functions.f_0000000000101030_puts
[4/30] decompile <EXTERNAL>::printf @ 0x101040

===== CFG DEBUG =====

[EDGES]

[IPDOM]
0x101040 -> ipdom: None

=====================

===== PAL RESOLVER INDIRECT STORAGE v22c =====

[INVENTORY]
{'active': True,
 'address_tied_families': 1,
 'custody_transitions': 1,
 'effect_owner_groups': 1,
 'escape_barrier_sids': 2,
 'input_contracts': 1,
 'kind': 'resolver_indirect_storage_inventory_v22c',
 'machine_state_families': 0,
 'machine_state_sids': 0,
 'owner_categories': {'call_boundary': 1},
 'parameter_initializers': 0,
 'persistent_families': 1,
 'rule': 'HighVariable_identity_families_plus_address_escape_alias_barrier',
 'runtime_order': 'CFG_governed_not_linearized',
 'storage_families': 1,
 'version': 'v22c_indirect_storage_families',
 'warnings': 0}

[STORAGE FAMILIES]
{'address_tied': True,
 'classification': 'persistent_address_tied_storage',
 'entry_sids': ['v_32'],
 'family_id': 'storage_family:high_rep:32',
 'high_identity_key': 'high_rep:32',
 'high_name': 'PTR_printf_00104008',
 'member_sids': ['v_32', 'v_28'],
 'parameter_initializers': 0,
 'persistent': True,
 'transitions': 1}

[PARAMETER INITIALIZERS / STORAGE WRITES]
[]

[WARNINGS]
[]
===== END PAL RESOLVER INDIRECT STORAGE =====

========================================================================
PALRAW AUDIT v0.3 :: raw instruction BLOCK p-code vs HF/PAL CFG
========================================================================

--- 0x10127f ---
Raw block  : 0x101040 -> next None
Instr count: 1
Terminal   : 0x101040 JMP qword ptr [0x00104008]
Raw succs  : ['0x105018']
Norm succs : ['0x105018']
HF block   : 0x101040
CFG edges  : []
STATUS     : successors_differ
NOTE       : Raw successor(s) missing from HF/PAL CFG: ['0x105018']
Raw instructions:
   0x101040  JMP qword ptr [0x00104008]
Terminal raw p-code:
     ---  BRANCHIND (ram, 0x104008, 8)
HF/PAL ops :
    CAST [PTR_printf_00104008] -> v_33
    INDIRECT [PTR_printf_00104008, 0x0] -> PTR_printf_00104008
    CALLIND [v_33] -> v_15
    COPY [PTR_printf_00104008] -> PTR_printf_00104008
HF/PAL term:
    RETURN [0x0, v_15] -> None

--- 0x1011b6 ---
Raw block  : 0x101040 -> next None
Instr count: 1
Terminal   : 0x101040 JMP qword ptr [0x00104008]
Raw succs  : ['0x105018']
Norm succs : ['0x105018']
HF block   : 0x101040
CFG edges  : []
STATUS     : successors_differ
NOTE       : Raw successor(s) missing from HF/PAL CFG: ['0x105018']
Raw instructions:
   0x101040  JMP qword ptr [0x00104008]
Terminal raw p-code:
     ---  BRANCHIND (ram, 0x104008, 8)
HF/PAL ops :
    CAST [PTR_printf_00104008] -> v_33
    INDIRECT [PTR_printf_00104008, 0x0] -> PTR_printf_00104008
    CALLIND [v_33] -> v_15
    COPY [PTR_printf_00104008] -> PTR_printf_00104008
HF/PAL term:
    RETURN [0x0, v_15] -> None

--- 0x101219 ---
Raw block  : 0x101040 -> next None
Instr count: 1
Terminal   : 0x101040 JMP qword ptr [0x00104008]
Raw succs  : ['0x105018']
Norm succs : ['0x105018']
HF block   : 0x101040
CFG edges  : []
STATUS     : successors_differ
NOTE       : Raw successor(s) missing from HF/PAL CFG: ['0x105018']
Raw instructions:
   0x101040  JMP qword ptr [0x00104008]
Terminal raw p-code:
     ---  BRANCHIND (ram, 0x104008, 8)
HF/PAL ops :
    CAST [PTR_printf_00104008] -> v_33
    INDIRECT [PTR_printf_00104008, 0x0] -> PTR_printf_00104008
    CALLIND [v_33] -> v_15
    COPY [PTR_printf_00104008] -> PTR_printf_00104008
HF/PAL term:
    RETURN [0x0, v_15] -> None

--- 0x10120f ---
Raw block  : 0x101040 -> next None
Instr count: 1
Terminal   : 0x101040 JMP qword ptr [0x00104008]
Raw succs  : ['0x105018']
Norm succs : ['0x105018']
HF block   : 0x101040
CFG edges  : []
STATUS     : successors_differ
NOTE       : Raw successor(s) missing from HF/PAL CFG: ['0x105018']
Raw instructions:
   0x101040  JMP qword ptr [0x00104008]
Terminal raw p-code:
     ---  BRANCHIND (ram, 0x104008, 8)
HF/PAL ops :
    CAST [PTR_printf_00104008] -> v_33
    INDIRECT [PTR_printf_00104008, 0x0] -> PTR_printf_00104008
    CALLIND [v_33] -> v_15
    COPY [PTR_printf_00104008] -> PTR_printf_00104008
HF/PAL term:
    RETURN [0x0, v_15] -> None

--- 0x101221 ---
Raw block  : 0x101040 -> next None
Instr count: 1
Terminal   : 0x101040 JMP qword ptr [0x00104008]
Raw succs  : ['0x105018']
Norm succs : ['0x105018']
HF block   : 0x101040
CFG edges  : []
STATUS     : successors_differ
NOTE       : Raw successor(s) missing from HF/PAL CFG: ['0x105018']
Raw instructions:
   0x101040  JMP qword ptr [0x00104008]
Terminal raw p-code:
     ---  BRANCHIND (ram, 0x104008, 8)
HF/PAL ops :
    CAST [PTR_printf_00104008] -> v_33
    INDIRECT [PTR_printf_00104008, 0x0] -> PTR_printf_00104008
    CALLIND [v_33] -> v_15
    COPY [PTR_printf_00104008] -> PTR_printf_00104008
HF/PAL term:
    RETURN [0x0, v_15] -> None

--- 0x101284 ---
Raw block  : 0x101040 -> next None
Instr count: 1
Terminal   : 0x101040 JMP qword ptr [0x00104008]
Raw succs  : ['0x105018']
Norm succs : ['0x105018']
HF block   : 0x101040
CFG edges  : []
STATUS     : successors_differ
NOTE       : Raw successor(s) missing from HF/PAL CFG: ['0x105018']
Raw instructions:
   0x101040  JMP qword ptr [0x00104008]
Terminal raw p-code:
     ---  BRANCHIND (ram, 0x104008, 8)
HF/PAL ops :
    CAST [PTR_printf_00104008] -> v_33
    INDIRECT [PTR_printf_00104008, 0x0] -> PTR_printf_00104008
    CALLIND [v_33] -> v_15
    COPY [PTR_printf_00104008] -> PTR_printf_00104008
HF/PAL term:
    RETURN [0x0, v_15] -> None

--- 0x10127f ---
Raw block  : 0x101040 -> next None
Instr count: 1
Terminal   : 0x101040 JMP qword ptr [0x00104008]
Raw succs  : ['0x105018']
Norm succs : ['0x105018']
HF block   : 0x101040
CFG edges  : []
STATUS     : successors_differ
NOTE       : Raw successor(s) missing from HF/PAL CFG: ['0x105018']
Raw instructions:
   0x101040  JMP qword ptr [0x00104008]
Terminal raw p-code:
     ---  BRANCHIND (ram, 0x104008, 8)
HF/PAL ops :
    CAST [PTR_printf_00104008] -> v_33
    INDIRECT [PTR_printf_00104008, 0x0] -> PTR_printf_00104008
    CALLIND [v_33] -> v_15
    COPY [PTR_printf_00104008] -> PTR_printf_00104008
HF/PAL term:
    RETURN [0x0, v_15] -> None

========================================================================

===== PAL COMPUTE ANALYZER =====
{'kind': 'pal_compute_inventory_v22',
 'version': 'v23b_abi_thunk_compatibility_return_reconciliation',
 'runtime_representation': 'raw_unsigned_bitvector_at_ssa_boundaries',
 'operations': 4,
 'output_plans': 4,
 'control_contracts': 1,
 'c_compute_filtered': 4,
 'use_site_overrides': 0,
 'return_observation_view_mismatches': 0,
 'storage_custody_related_ops': 4,
 'indirect_custody_contracts': 1,
 'indirect_custody_resolved': 1,
 'indirect_custody_deferred': 0,
 'indirect_effect_owner_compute_ops': 1,
 'storage_family_bindings': 2,
 'function_entry_abi_plan': True,
 'call_site_abi_plans': 1,
 'internal_call_plan_failures': 0,
 'unsupported_implicit_inputs': 0,
 'abi_runtime_helper_assignments': 0,
 'no_return_calls': 0,
 'reachable_return_boundaries': 1,
 'unreachable_return_boundaries': 0,
 'synthetic_no_return_continuations_suppressed': 0,
 'statuses': {'metadata_only': 3, 'deferred_external': 1},
 'categories': {'conversion': 1,
                'storage_custody': 1,
                'call_boundary': 1,
                'transport': 1},
 'helpers': {},
 'opcodes': {'CAST': 1, 'INDIRECT': 1, 'CALLIND': 1, 'COPY': 1},
 'warnings': 0}

[WARNINGS]
[]

[METADATA-ONLY COMPUTE BOUNDARIES]
0x101040 CAST ['v_32'] -> v_33 classification=same_width_explicit_view_boundary
0x101040 INDIRECT ['v_32', 'c_0_4'] -> v_28 classification=None
0x101040 COPY ['v_28'] -> v_30 classification=bit_preserving_copy

[HELPER-REQUIRED CONTRACTS]

[INDIRECT STORAGE-CUSTODY CONTRACTS]
0x101040 v_32 -> v_28 family=storage_family:high_rep:32 owner=CALLIND/0x0 owner_compute=1052736:(ram, 0x101040, 0, 2):2 status=metadata_only

[INDIRECT CUSTODY INVENTORY]
{'kind': 'pal_compute_indirect_custody_inventory_v22d',
 'version': 'v23b_abi_thunk_compatibility_return_reconciliation',
 'resolver_transitions': 1,
 'compute_indirect_contracts': 1,
 'resolved_custody': 1,
 'deferred_custody': 0,
 'effect_owner_compute_bindings': 1,
 'effect_owner_compute_ops': 1,
 'owner_categories': {'call_boundary': 1},
 'storage_families': 1,
 'storage_sid_bindings': 2,
 'address_escape_barrier_sids': 2,
 'parameter_storage_initializers': 0,
 'runtime_helpers': 0,
 'warnings': 0,
 'rule': 'INDIRECT_is_metadata_only_owner_bound_storage_transition'}

[ABI-D ENTRY/CALL PLAN INVENTORY]
{'kind': 'pal_compute_abi_plan_inventory_v23',
 'version': 'v23b_abi_thunk_compatibility_return_reconciliation',
 'function': 'printf',
 'entry_plan_present': True,
 'entry_plan_status': 'ready',
 'fixed_arguments': 1,
 'implicit_inputs': 0,
 'implicit_inputs_unsupported': 0,
 'call_compute_contracts': 1,
 'call_site_plans': 1,
 'call_sites_without_plan': 0,
 'call_statuses': {'deferred_target_dispatch': 1},
 'dispatch_classes': {'indirect_runtime_target': 1},
 'internal_calls': 0,
 'internal_calls_with_target_compatible_plan': 0,
 'internal_calls_without_target_compatible_plan': 0,
 'internal_calls_with_deferred_target_compatibility': 0,
 'internal_calls_with_incompatible_target': 0,
 'internal_calls_without_transport_plan': 0,
 'external_calls': 0,
 'thunk_calls': 0,
 'external_via_thunk_calls': 0,
 'thunk_endpoint_deferred_calls': 0,
 'thunk_calls_misclassified_internal': 0,
 'target_compatibility_overclaims': 0,
 'no_return_calls': 0,
 'result_carrier_contracts': 1,
 'abi_runtime_helper_assignments': 0,
 'warnings': 0,
 'acceptance_gates': {'every_emitted_function_has_entry_plan': True,
                      'every_call_has_call_site_plan': True,
                      'every_internal_call_has_target_compatible_plan': True,
                      'every_internal_call_has_carrier_transport_plan': True,
                      'no_resolved_thunk_misclassified_internal': True,
                      'no_target_compatibility_overclaim': True,
                      'no_implicit_input_is_unsupported': True,
                      'no_runtime_helper_assigned_by_ABI_guesswork': True},
 'return_boundary_reconciliation': {'kind': 'pal_compute_return_boundary_reconciliation_v23b',
                                    'version': 'v23b_abi_thunk_compatibility_return_reconciliation',
                                    'function': 'printf',
                                    'entry_block_addr': 1052736,
                                    'cfg_evidence_available': True,
                                    'no_return_terminating_blocks': [],
                                    'no_return_call_op_keys': [],
                                    'return_boundaries': 1,
                                    'reachable_return_boundaries': 1,
                                    'unreachable_return_boundaries': 0,
                                    'deferred_return_boundaries': 0,
                                    'reachable_return_widths': [32],
                                    'width_reconciled': True,
                                    'synthetic_no_return_continuations_suppressed': 0,
                                    'rule': 'traverse_CFG_with_no_return_blocks_as_terminal_then_reconcile_reachable_raw_return_transports_only'},
 'rule': 'ABI_A_B_C_authority_only_thunk_endpoint_and_compatibility_tri_state_no_downstream_argument_reinference'}

[FUNCTION ENTRY ABI PLAN]
{'plan_id': 'function_entry:1052736',
 'status': 'ready',
 'callable_signature_status': 'authoritative_logical_parameter_order',
 'fixed_argument_count': 1,
 'implicit_input_count': 0,
 'variadic_register_save_area': {'required': True,
                                 'status': 'runtime_abi_context_required',
                                 'slots': [{'sid': 'v_8',
                                            'bank': 'gp',
                                            'index': 0,
                                            'register': 'RDI',
                                            'width_bits': 64,
                                            'canonical_alias': 'param_0',
                                            'owner_namespace': 'logical_parameter',
                                            'owner_role': 'callable_parameter_carrier',
                                            'materialization': 'capture_entry_register_bits',
                                            'source': 'abi_context.registers',
                                            'runtime_helper': None,
                                            'authority': 'PALSymbolResolver_ABI_C_physical_carrier_binding'}],
                                 'gp_slots': [{'sid': 'v_8',
                                               'bank': 'gp',
                                               'index': 0,
                                               'register': 'RDI',
                                               'width_bits': 64,
                                               'canonical_alias': 'param_0',
                                               'owner_namespace': 'logical_parameter',
                                               'owner_role': 'callable_parameter_carrier',
                                               'materialization': 'capture_entry_register_bits',
                                               'source': 'abi_context.registers',
                                               'runtime_helper': None,
                                               'authority': 'PALSymbolResolver_ABI_C_physical_carrier_binding'}],
                                 'sse_slots': [],
                                 'fixed_variadic_partition_status': 'deferred_to_entry_protocol_analysis',
                                 'source': 'abi_context.registers',
                                 'authority': 'ABI_C_carriers_plus_variadic_contract'},
 'overflow_argument_area': {'required': True,
                            'status': 'runtime_abi_context_required',
                            'source': 'abi_context.overflow_argument_area',
                            'observed_stack_carriers': [],
                            'materialization': 'consume_preclassified_overflow_slots',
                            'offset_inference_allowed': False,
                            'authority': 'ABI_C_stack_carriers_or_variadic_protocol'},
 'variadic_al': {'required': True,
                 'status': 'runtime_abi_context_required',
                 'source': 'abi_context.variadic_xmm_count',
                 'inputs': [],
                 'default_allowed': False,
                 'authority': 'ABI_C_variadic_xmm_count_contract'},
 'frame_base': {'required': False,
                'status': 'not_observed',
                'source': 'abi_context.frame_base',
                'inputs': [],
                'derive_from_parameter_names': False,
                'authority': 'ABI_C_frame_state_custody'},
 'tls_base': {'required': False,
              'status': 'not_observed',
              'source': 'abi_context.tls_base',
              'inputs': [],
              'derive_from_expression_names': False,
              'authority': 'ABI_C_tls_state_custody'},
 'return_contract': {'kind': 'pal_compute_return_carrier_contract_abi_d',
                     'version': 'v23b_abi_thunk_compatibility_return_reconciliation',
                     'status': 'physical_return_carrier_proven',
                     'no_return': False,
                     'output_sid': None,
                     'output_width_bits': None,
                     'declared_width_bits': 32,
                     'effective_result_width_bits': 32,
                     'declared_return': {'name': 'int',
                                         'display_name': 'int',
                                         'class_name': 'IntegerDataType',
                                         'length_bytes': 4,
                                         'width_bits': 32,
                                         'signed': True,
                                         'kind_hint': 'integer'},
                     'return_storage': {'repr': 'EAX:4',
                                        'size_bytes': 4,
                                        'flags': {'register': True,
                                                  'stack': False,
                                                  'memory': False,
                                                  'unassigned': False,
                                                  'void': False,
                                                  'auto': False},
                                        'pieces': [{'kind': 'register',
                                                    'space': 'register',
                                                    'offset': 0,
                                                    'size_bytes': 4,
                                                    'width_bits': 32,
                                                    'storage_key': 'register:0:4',
                                                    'register': {'name': 'EAX',
                                                                 'base_name': 'RAX',
                                                                 'size_bytes': 4,
                                                                 'repr': 'EAX'},
                                                    'flags': {'constant': False,
                                                              'register': True,
                                                              'address': False,
                                                              'unique': False,
                                                              'input': False,
                                                              'unaffected': False},
                                                    'repr': '(register, 0x0, '
                                                            '4)'}],
                                        'storage_keys': ['register:0:4']},
                     'carrier_pieces': [{'kind': 'register',
                                         'space': 'register',
                                         'offset': 0,
                                         'size_bytes': 4,
                                         'width_bits': 32,
                                         'storage_key': 'register:0:4',
                                         'register': {'name': 'EAX',
                                                      'base_name': 'RAX',
                                                      'size_bytes': 4,
                                                      'repr': 'EAX'},
                                         'flags': {'constant': False,
                                                   'register': True,
                                                   'address': False,
                                                   'unique': False,
                                                   'input': False,
                                                   'unaffected': False},
                                         'repr': '(register, 0x0, 4)'}],
                     'normalization': {'mode': 'mask_to_output_width',
                                       'width_bits': 32,
                                       'mask': 4294967295},
                     'runtime_helper': None,
                     'runtime_helper_authority': 'no_ABI_runtime_helper_assigned',
                     'authority': 'reachable_raw_return_transport_plus_authoritative_prototype',
                     'reported_declared_width_bits': 32,
                     'declared_width_authoritative': True,
                     'declared_return_evidence_status': 'authoritative_function_prototype',
                     'transport_width_bits': 32,
                     'logical_result_width_bits': 32,
                     'reachable_return_widths': [32],
                     'reachable_return_boundary_count': 1,
                     'unreachable_return_boundary_count': 0,
                     'deferred_return_boundary_count': 0},
 'reachable_return_boundaries': [{'block_addr': 1052736,
                                  'return_value_sid': 'v_15',
                                  'return_value_width_bits': 32,
                                  'return_transport_width_bits': 32,
                                  'return_logical_width_bits': 32,
                                  'return_declared_view': {'sid': 'v_15',
                                                           'width_bits': 32,
                                                           'domain': 'integer',
                                                           'signedness': 'signed',
                                                           'canonical_type': 's32'},
                                  'return_boundary_authority': 'function_signature_logical_width_plus_raw_transport',
                                  'return_reachability': 'reachable',
                                  'reachable_return': True,
                                  'execution_suppressed': False,
                                  'emission_policy': 'emit_reachable_return_boundary',
                                  'cut_by_no_return_blocks': [],
                                  'cut_by_no_return_call_op_keys': []}],
 'unreachable_return_boundaries': []}

[RETURN BOUNDARY RECONCILIATION]
{'kind': 'pal_compute_return_boundary_reconciliation_v23b',
 'version': 'v23b_abi_thunk_compatibility_return_reconciliation',
 'function': 'printf',
 'entry_block_addr': 1052736,
 'cfg_evidence_available': True,
 'no_return_terminating_blocks': [],
 'no_return_call_op_keys': [],
 'return_boundaries': 1,
 'reachable_return_boundaries': 1,
 'unreachable_return_boundaries': 0,
 'deferred_return_boundaries': 0,
 'reachable_return_widths': [32],
 'width_reconciled': True,
 'synthetic_no_return_continuations_suppressed': 0,
 'rule': 'traverse_CFG_with_no_return_blocks_as_terminal_then_reconcile_reachable_raw_return_transports_only'}

[CALL SITE ABI PLANS]
{'op_key': '1052736:(ram, 0x101040, 0, 2):2',
 'target': None,
 'dispatch_class': 'indirect_runtime_target',
 'status': 'deferred_target_dispatch',
 'argument_count': 0,
 'carrier_allocation_status': 'complete',
 'target_compatibility_status': 'deferred',
 'target_compatible': None,
 'no_return': False,
 'result_width_bits': 32}
===== END PAL COMPUTE ANALYZER =====


=========== SGL EXECUTION TREE ===========

sequence
  sequence
    block [0x101040]

=========== END TREE ===========

[SGL EXEC TREE PERSISTED] path=/home/rem/gh/PAL/pyghidra-PAL/PAL/PAL_logs/f_0000000000101040_printf.sgl.exec_tree.log mode=append temporary=False delete_on_completion=False

[PHI DROP-INS]
------------------------------------------------------------
------------------------------------------------------------
{'active': True,
 'bound_plans': 4,
 'control_contracts_forwarded': 1,
 'input_op_contracts': 4,
 'input_plans': 4,
 'kind': 'phi_compute_consumer_inventory_v21',
 'outputless_contracts_forwarded': 0,
 'phi_merge_contracts': 0,
 'phi_transition_contracts': 0,
 'preserved_compute_boundaries': 4,
 'preserved_deferred_contracts': 1,
 'preserved_outputless_boundaries': 0,
 'preserved_outputless_deferred_contracts': 0,
 'preserved_outputless_helpers': 0,
 'preserved_runtime_helpers': 0,
 'rule': 'preserve_PALCompute_authority_remap_execution_destination_only',
 'state_alias_bindings': 0,
 'transition_owners': {},
 'version': 'v21_compute_contract_consumers',
 'warnings': 0}
[]
          OK -> functions.f_0000000000101040_printf
[5/30] decompile <EXTERNAL>::fgets @ 0x101050

===== CFG DEBUG =====

[EDGES]

[IPDOM]
0x101050 -> ipdom: None

=====================

===== PAL RESOLVER INDIRECT STORAGE v22c =====

[INVENTORY]
{'active': True,
 'address_tied_families': 1,
 'custody_transitions': 1,
 'effect_owner_groups': 1,
 'escape_barrier_sids': 2,
 'input_contracts': 1,
 'kind': 'resolver_indirect_storage_inventory_v22c',
 'machine_state_families': 0,
 'machine_state_sids': 0,
 'owner_categories': {'call_boundary': 1},
 'parameter_initializers': 0,
 'persistent_families': 1,
 'rule': 'HighVariable_identity_families_plus_address_escape_alias_barrier',
 'runtime_order': 'CFG_governed_not_linearized',
 'storage_families': 1,
 'version': 'v22c_indirect_storage_families',
 'warnings': 0}

[STORAGE FAMILIES]
{'address_tied': True,
 'classification': 'persistent_address_tied_storage',
 'entry_sids': ['v_44'],
 'family_id': 'storage_family:high_rep:44',
 'high_identity_key': 'high_rep:44',
 'high_name': 'PTR_fgets_00104010',
 'member_sids': ['v_44', 'v_40'],
 'parameter_initializers': 0,
 'persistent': True,
 'transitions': 1}

[PARAMETER INITIALIZERS / STORAGE WRITES]
[]

[WARNINGS]
[]
===== END PAL RESOLVER INDIRECT STORAGE =====

========================================================================
PALRAW AUDIT v0.3 :: raw instruction BLOCK p-code vs HF/PAL CFG
========================================================================

--- 0x10127f ---
Raw block  : 0x101050 -> next None
Instr count: 1
Terminal   : 0x101050 JMP qword ptr [0x00104010]
Raw succs  : ['0x105020']
Norm succs : ['0x105020']
HF block   : 0x101050
CFG edges  : []
STATUS     : successors_differ
NOTE       : Raw successor(s) missing from HF/PAL CFG: ['0x105020']
Raw instructions:
   0x101050  JMP qword ptr [0x00104010]
Terminal raw p-code:
     ---  BRANCHIND (ram, 0x104010, 8)
HF/PAL ops :
    CAST [PTR_fgets_00104010] -> v_45
    INDIRECT [PTR_fgets_00104010, 0x0] -> PTR_fgets_00104010
    CALLIND [v_45] -> v_46
    CAST [v_46] -> v_17
    COPY [PTR_fgets_00104010] -> PTR_fgets_00104010
HF/PAL term:
    RETURN [0x0, v_17] -> None

--- 0x1011b6 ---
Raw block  : 0x101050 -> next None
Instr count: 1
Terminal   : 0x101050 JMP qword ptr [0x00104010]
Raw succs  : ['0x105020']
Norm succs : ['0x105020']
HF block   : 0x101050
CFG edges  : []
STATUS     : successors_differ
NOTE       : Raw successor(s) missing from HF/PAL CFG: ['0x105020']
Raw instructions:
   0x101050  JMP qword ptr [0x00104010]
Terminal raw p-code:
     ---  BRANCHIND (ram, 0x104010, 8)
HF/PAL ops :
    CAST [PTR_fgets_00104010] -> v_45
    INDIRECT [PTR_fgets_00104010, 0x0] -> PTR_fgets_00104010
    CALLIND [v_45] -> v_46
    CAST [v_46] -> v_17
    COPY [PTR_fgets_00104010] -> PTR_fgets_00104010
HF/PAL term:
    RETURN [0x0, v_17] -> None

--- 0x101219 ---
Raw block  : 0x101050 -> next None
Instr count: 1
Terminal   : 0x101050 JMP qword ptr [0x00104010]
Raw succs  : ['0x105020']
Norm succs : ['0x105020']
HF block   : 0x101050
CFG edges  : []
STATUS     : successors_differ
NOTE       : Raw successor(s) missing from HF/PAL CFG: ['0x105020']
Raw instructions:
   0x101050  JMP qword ptr [0x00104010]
Terminal raw p-code:
     ---  BRANCHIND (ram, 0x104010, 8)
HF/PAL ops :
    CAST [PTR_fgets_00104010] -> v_45
    INDIRECT [PTR_fgets_00104010, 0x0] -> PTR_fgets_00104010
    CALLIND [v_45] -> v_46
    CAST [v_46] -> v_17
    COPY [PTR_fgets_00104010] -> PTR_fgets_00104010
HF/PAL term:
    RETURN [0x0, v_17] -> None

--- 0x10120f ---
Raw block  : 0x101050 -> next None
Instr count: 1
Terminal   : 0x101050 JMP qword ptr [0x00104010]
Raw succs  : ['0x105020']
Norm succs : ['0x105020']
HF block   : 0x101050
CFG edges  : []
STATUS     : successors_differ
NOTE       : Raw successor(s) missing from HF/PAL CFG: ['0x105020']
Raw instructions:
   0x101050  JMP qword ptr [0x00104010]
Terminal raw p-code:
     ---  BRANCHIND (ram, 0x104010, 8)
HF/PAL ops :
    CAST [PTR_fgets_00104010] -> v_45
    INDIRECT [PTR_fgets_00104010, 0x0] -> PTR_fgets_00104010
    CALLIND [v_45] -> v_46
    CAST [v_46] -> v_17
    COPY [PTR_fgets_00104010] -> PTR_fgets_00104010
HF/PAL term:
    RETURN [0x0, v_17] -> None

--- 0x101221 ---
Raw block  : 0x101050 -> next None
Instr count: 1
Terminal   : 0x101050 JMP qword ptr [0x00104010]
Raw succs  : ['0x105020']
Norm succs : ['0x105020']
HF block   : 0x101050
CFG edges  : []
STATUS     : successors_differ
NOTE       : Raw successor(s) missing from HF/PAL CFG: ['0x105020']
Raw instructions:
   0x101050  JMP qword ptr [0x00104010]
Terminal raw p-code:
     ---  BRANCHIND (ram, 0x104010, 8)
HF/PAL ops :
    CAST [PTR_fgets_00104010] -> v_45
    INDIRECT [PTR_fgets_00104010, 0x0] -> PTR_fgets_00104010
    CALLIND [v_45] -> v_46
    CAST [v_46] -> v_17
    COPY [PTR_fgets_00104010] -> PTR_fgets_00104010
HF/PAL term:
    RETURN [0x0, v_17] -> None

--- 0x101284 ---
Raw block  : 0x101050 -> next None
Instr count: 1
Terminal   : 0x101050 JMP qword ptr [0x00104010]
Raw succs  : ['0x105020']
Norm succs : ['0x105020']
HF block   : 0x101050
CFG edges  : []
STATUS     : successors_differ
NOTE       : Raw successor(s) missing from HF/PAL CFG: ['0x105020']
Raw instructions:
   0x101050  JMP qword ptr [0x00104010]
Terminal raw p-code:
     ---  BRANCHIND (ram, 0x104010, 8)
HF/PAL ops :
    CAST [PTR_fgets_00104010] -> v_45
    INDIRECT [PTR_fgets_00104010, 0x0] -> PTR_fgets_00104010
    CALLIND [v_45] -> v_46
    CAST [v_46] -> v_17
    COPY [PTR_fgets_00104010] -> PTR_fgets_00104010
HF/PAL term:
    RETURN [0x0, v_17] -> None

--- 0x10127f ---
Raw block  : 0x101050 -> next None
Instr count: 1
Terminal   : 0x101050 JMP qword ptr [0x00104010]
Raw succs  : ['0x105020']
Norm succs : ['0x105020']
HF block   : 0x101050
CFG edges  : []
STATUS     : successors_differ
NOTE       : Raw successor(s) missing from HF/PAL CFG: ['0x105020']
Raw instructions:
   0x101050  JMP qword ptr [0x00104010]
Terminal raw p-code:
     ---  BRANCHIND (ram, 0x104010, 8)
HF/PAL ops :
    CAST [PTR_fgets_00104010] -> v_45
    INDIRECT [PTR_fgets_00104010, 0x0] -> PTR_fgets_00104010
    CALLIND [v_45] -> v_46
    CAST [v_46] -> v_17
    COPY [PTR_fgets_00104010] -> PTR_fgets_00104010
HF/PAL term:
    RETURN [0x0, v_17] -> None

========================================================================

===== PAL COMPUTE ANALYZER =====
{'kind': 'pal_compute_inventory_v22',
 'version': 'v23b_abi_thunk_compatibility_return_reconciliation',
 'runtime_representation': 'raw_unsigned_bitvector_at_ssa_boundaries',
 'operations': 5,
 'output_plans': 5,
 'control_contracts': 1,
 'c_compute_filtered': 5,
 'use_site_overrides': 0,
 'return_observation_view_mismatches': 1,
 'storage_custody_related_ops': 4,
 'indirect_custody_contracts': 1,
 'indirect_custody_resolved': 1,
 'indirect_custody_deferred': 0,
 'indirect_effect_owner_compute_ops': 1,
 'storage_family_bindings': 2,
 'function_entry_abi_plan': True,
 'call_site_abi_plans': 1,
 'internal_call_plan_failures': 0,
 'unsupported_implicit_inputs': 0,
 'abi_runtime_helper_assignments': 0,
 'no_return_calls': 0,
 'reachable_return_boundaries': 1,
 'unreachable_return_boundaries': 0,
 'synthetic_no_return_continuations_suppressed': 0,
 'statuses': {'metadata_only': 4, 'deferred_external': 1},
 'categories': {'conversion': 2,
                'storage_custody': 1,
                'call_boundary': 1,
                'transport': 1},
 'helpers': {},
 'opcodes': {'CAST': 2, 'INDIRECT': 1, 'CALLIND': 1, 'COPY': 1},
 'warnings': 0}

[WARNINGS]
[]

[METADATA-ONLY COMPUTE BOUNDARIES]
0x101050 CAST ['v_44'] -> v_45 classification=same_width_explicit_view_boundary
0x101050 INDIRECT ['v_44', 'c_0_4'] -> v_40 classification=None
0x101050 CAST ['v_46'] -> v_17 classification=same_width_explicit_recast
0x101050 COPY ['v_40'] -> v_42 classification=bit_preserving_copy

[HELPER-REQUIRED CONTRACTS]

[INDIRECT STORAGE-CUSTODY CONTRACTS]
0x101050 v_44 -> v_40 family=storage_family:high_rep:44 owner=CALLIND/0x0 owner_compute=1052752:(ram, 0x101050, 0, 2):2 status=metadata_only

[INDIRECT CUSTODY INVENTORY]
{'kind': 'pal_compute_indirect_custody_inventory_v22d',
 'version': 'v23b_abi_thunk_compatibility_return_reconciliation',
 'resolver_transitions': 1,
 'compute_indirect_contracts': 1,
 'resolved_custody': 1,
 'deferred_custody': 0,
 'effect_owner_compute_bindings': 1,
 'effect_owner_compute_ops': 1,
 'owner_categories': {'call_boundary': 1},
 'storage_families': 1,
 'storage_sid_bindings': 2,
 'address_escape_barrier_sids': 2,
 'parameter_storage_initializers': 0,
 'runtime_helpers': 0,
 'warnings': 0,
 'rule': 'INDIRECT_is_metadata_only_owner_bound_storage_transition'}

[ABI-D ENTRY/CALL PLAN INVENTORY]
{'kind': 'pal_compute_abi_plan_inventory_v23',
 'version': 'v23b_abi_thunk_compatibility_return_reconciliation',
 'function': 'fgets',
 'entry_plan_present': True,
 'entry_plan_status': 'ready',
 'fixed_arguments': 3,
 'implicit_inputs': 0,
 'implicit_inputs_unsupported': 0,
 'call_compute_contracts': 1,
 'call_site_plans': 1,
 'call_sites_without_plan': 0,
 'call_statuses': {'deferred_target_dispatch': 1},
 'dispatch_classes': {'indirect_runtime_target': 1},
 'internal_calls': 0,
 'internal_calls_with_target_compatible_plan': 0,
 'internal_calls_without_target_compatible_plan': 0,
 'internal_calls_with_deferred_target_compatibility': 0,
 'internal_calls_with_incompatible_target': 0,
 'internal_calls_without_transport_plan': 0,
 'external_calls': 0,
 'thunk_calls': 0,
 'external_via_thunk_calls': 0,
 'thunk_endpoint_deferred_calls': 0,
 'thunk_calls_misclassified_internal': 0,
 'target_compatibility_overclaims': 0,
 'no_return_calls': 0,
 'result_carrier_contracts': 1,
 'abi_runtime_helper_assignments': 0,
 'warnings': 0,
 'acceptance_gates': {'every_emitted_function_has_entry_plan': True,
                      'every_call_has_call_site_plan': True,
                      'every_internal_call_has_target_compatible_plan': True,
                      'every_internal_call_has_carrier_transport_plan': True,
                      'no_resolved_thunk_misclassified_internal': True,
                      'no_target_compatibility_overclaim': True,
                      'no_implicit_input_is_unsupported': True,
                      'no_runtime_helper_assigned_by_ABI_guesswork': True},
 'return_boundary_reconciliation': {'kind': 'pal_compute_return_boundary_reconciliation_v23b',
                                    'version': 'v23b_abi_thunk_compatibility_return_reconciliation',
                                    'function': 'fgets',
                                    'entry_block_addr': 1052752,
                                    'cfg_evidence_available': True,
                                    'no_return_terminating_blocks': [],
                                    'no_return_call_op_keys': [],
                                    'return_boundaries': 1,
                                    'reachable_return_boundaries': 1,
                                    'unreachable_return_boundaries': 0,
                                    'deferred_return_boundaries': 0,
                                    'reachable_return_widths': [64],
                                    'width_reconciled': True,
                                    'synthetic_no_return_continuations_suppressed': 0,
                                    'rule': 'traverse_CFG_with_no_return_blocks_as_terminal_then_reconcile_reachable_raw_return_transports_only'},
 'rule': 'ABI_A_B_C_authority_only_thunk_endpoint_and_compatibility_tri_state_no_downstream_argument_reinference'}

[FUNCTION ENTRY ABI PLAN]
{'plan_id': 'function_entry:1052752',
 'status': 'ready',
 'callable_signature_status': 'authoritative_logical_parameter_order',
 'fixed_argument_count': 3,
 'implicit_input_count': 0,
 'variadic_register_save_area': {'required': False,
                                 'status': 'not_required',
                                 'slots': [{'sid': 'v_8',
                                            'bank': 'gp',
                                            'index': 0,
                                            'register': 'RDI',
                                            'width_bits': 64,
                                            'canonical_alias': 'param_1',
                                            'owner_namespace': 'logical_parameter',
                                            'owner_role': 'callable_parameter_carrier',
                                            'materialization': 'capture_entry_register_bits',
                                            'source': 'abi_context.registers',
                                            'runtime_helper': None,
                                            'authority': 'PALSymbolResolver_ABI_C_physical_carrier_binding'},
                                           {'sid': 'v_9',
                                            'bank': 'gp',
                                            'index': 1,
                                            'register': 'ESI',
                                            'width_bits': 32,
                                            'canonical_alias': 'param_0',
                                            'owner_namespace': 'logical_parameter',
                                            'owner_role': 'callable_parameter_carrier',
                                            'materialization': 'capture_entry_register_bits',
                                            'source': 'abi_context.registers',
                                            'runtime_helper': None,
                                            'authority': 'PALSymbolResolver_ABI_C_physical_carrier_binding'},
                                           {'sid': 'v_10',
                                            'bank': 'gp',
                                            'index': 2,
                                            'register': 'RDX',
                                            'width_bits': 64,
                                            'canonical_alias': 'param_2',
                                            'owner_namespace': 'logical_parameter',
                                            'owner_role': 'callable_parameter_carrier',
                                            'materialization': 'capture_entry_register_bits',
                                            'source': 'abi_context.registers',
                                            'runtime_helper': None,
                                            'authority': 'PALSymbolResolver_ABI_C_physical_carrier_binding'}],
                                 'gp_slots': [{'sid': 'v_8',
                                               'bank': 'gp',
                                               'index': 0,
                                               'register': 'RDI',
                                               'width_bits': 64,
                                               'canonical_alias': 'param_1',
                                               'owner_namespace': 'logical_parameter',
                                               'owner_role': 'callable_parameter_carrier',
                                               'materialization': 'capture_entry_register_bits',
                                               'source': 'abi_context.registers',
                                               'runtime_helper': None,
                                               'authority': 'PALSymbolResolver_ABI_C_physical_carrier_binding'},
                                              {'sid': 'v_9',
                                               'bank': 'gp',
                                               'index': 1,
                                               'register': 'ESI',
                                               'width_bits': 32,
                                               'canonical_alias': 'param_0',
                                               'owner_namespace': 'logical_parameter',
                                               'owner_role': 'callable_parameter_carrier',
                                               'materialization': 'capture_entry_register_bits',
                                               'source': 'abi_context.registers',
                                               'runtime_helper': None,
                                               'authority': 'PALSymbolResolver_ABI_C_physical_carrier_binding'},
                                              {'sid': 'v_10',
                                               'bank': 'gp',
                                               'index': 2,
                                               'register': 'RDX',
                                               'width_bits': 64,
                                               'canonical_alias': 'param_2',
                                               'owner_namespace': 'logical_parameter',
                                               'owner_role': 'callable_parameter_carrier',
                                               'materialization': 'capture_entry_register_bits',
                                               'source': 'abi_context.registers',
                                               'runtime_helper': None,
                                               'authority': 'PALSymbolResolver_ABI_C_physical_carrier_binding'}],
                                 'sse_slots': [],
                                 'fixed_variadic_partition_status': 'deferred_to_entry_protocol_analysis',
                                 'source': 'abi_context.registers',
                                 'authority': 'ABI_C_carriers_plus_variadic_contract'},
 'overflow_argument_area': {'required': False,
                            'status': 'not_required',
                            'source': 'abi_context.overflow_argument_area',
                            'observed_stack_carriers': [],
                            'materialization': 'consume_preclassified_overflow_slots',
                            'offset_inference_allowed': False,
                            'authority': 'ABI_C_stack_carriers_or_variadic_protocol'},
 'variadic_al': {'required': False,
                 'status': 'not_required',
                 'source': 'abi_context.variadic_xmm_count',
                 'inputs': [],
                 'default_allowed': False,
                 'authority': 'ABI_C_variadic_xmm_count_contract'},
 'frame_base': {'required': False,
                'status': 'not_observed',
                'source': 'abi_context.frame_base',
                'inputs': [],
                'derive_from_parameter_names': False,
                'authority': 'ABI_C_frame_state_custody'},
 'tls_base': {'required': False,
              'status': 'not_observed',
              'source': 'abi_context.tls_base',
              'inputs': [],
              'derive_from_expression_names': False,
              'authority': 'ABI_C_tls_state_custody'},
 'return_contract': {'kind': 'pal_compute_return_carrier_contract_abi_d',
                     'version': 'v23b_abi_thunk_compatibility_return_reconciliation',
                     'status': 'physical_return_carrier_proven',
                     'no_return': False,
                     'output_sid': None,
                     'output_width_bits': None,
                     'declared_width_bits': 64,
                     'effective_result_width_bits': 64,
                     'declared_return': {'name': 'char *',
                                         'display_name': 'char *',
                                         'class_name': 'PointerDB',
                                         'length_bytes': 8,
                                         'width_bits': 64,
                                         'signed': None,
                                         'kind_hint': 'pointer',
                                         'element_type': {'name': 'char',
                                                          'display_name': 'char',
                                                          'class_name': 'CharDataType',
                                                          'length_bytes': 1,
                                                          'width_bits': 8,
                                                          'signed': True,
                                                          'kind_hint': 'integer'}},
                     'return_storage': {'repr': 'RAX:8',
                                        'size_bytes': 8,
                                        'flags': {'register': True,
                                                  'stack': False,
                                                  'memory': False,
                                                  'unassigned': False,
                                                  'void': False,
                                                  'auto': False},
                                        'pieces': [{'kind': 'register',
                                                    'space': 'register',
                                                    'offset': 0,
                                                    'size_bytes': 8,
                                                    'width_bits': 64,
                                                    'storage_key': 'register:0:8',
                                                    'register': {'name': 'RAX',
                                                                 'base_name': 'RAX',
                                                                 'size_bytes': 8,
                                                                 'repr': 'RAX'},
                                                    'flags': {'constant': False,
                                                              'register': True,
                                                              'address': False,
                                                              'unique': False,
                                                              'input': False,
                                                              'unaffected': False},
                                                    'repr': '(register, 0x0, '
                                                            '8)'}],
                                        'storage_keys': ['register:0:8']},
                     'carrier_pieces': [{'kind': 'register',
                                         'space': 'register',
                                         'offset': 0,
                                         'size_bytes': 8,
                                         'width_bits': 64,
                                         'storage_key': 'register:0:8',
                                         'register': {'name': 'RAX',
                                                      'base_name': 'RAX',
                                                      'size_bytes': 8,
                                                      'repr': 'RAX'},
                                         'flags': {'constant': False,
                                                   'register': True,
                                                   'address': False,
                                                   'unique': False,
                                                   'input': False,
                                                   'unaffected': False},
                                         'repr': '(register, 0x0, 8)'}],
                     'normalization': {'mode': 'mask_to_output_width',
                                       'width_bits': 64,
                                       'mask': 18446744073709551615},
                     'runtime_helper': None,
                     'runtime_helper_authority': 'no_ABI_runtime_helper_assigned',
                     'authority': 'reachable_raw_return_transport_plus_authoritative_prototype',
                     'reported_declared_width_bits': 64,
                     'declared_width_authoritative': True,
                     'declared_return_evidence_status': 'authoritative_function_prototype',
                     'transport_width_bits': 64,
                     'logical_result_width_bits': 64,
                     'reachable_return_widths': [64],
                     'reachable_return_boundary_count': 1,
                     'unreachable_return_boundary_count': 0,
                     'deferred_return_boundary_count': 0},
 'reachable_return_boundaries': [{'block_addr': 1052752,
                                  'return_value_sid': 'v_17',
                                  'return_value_width_bits': 64,
                                  'return_transport_width_bits': 64,
                                  'return_logical_width_bits': 64,
                                  'return_declared_view': {'sid': 'v_17',
                                                           'width_bits': 64,
                                                           'domain': 'pointer',
                                                           'signedness': 'unsigned',
                                                           'canonical_type': 'ptr64'},
                                  'return_boundary_authority': 'function_signature_logical_width_plus_raw_transport',
                                  'return_reachability': 'reachable',
                                  'reachable_return': True,
                                  'execution_suppressed': False,
                                  'emission_policy': 'emit_reachable_return_boundary',
                                  'cut_by_no_return_blocks': [],
                                  'cut_by_no_return_call_op_keys': []}],
 'unreachable_return_boundaries': []}

[RETURN BOUNDARY RECONCILIATION]
{'kind': 'pal_compute_return_boundary_reconciliation_v23b',
 'version': 'v23b_abi_thunk_compatibility_return_reconciliation',
 'function': 'fgets',
 'entry_block_addr': 1052752,
 'cfg_evidence_available': True,
 'no_return_terminating_blocks': [],
 'no_return_call_op_keys': [],
 'return_boundaries': 1,
 'reachable_return_boundaries': 1,
 'unreachable_return_boundaries': 0,
 'deferred_return_boundaries': 0,
 'reachable_return_widths': [64],
 'width_reconciled': True,
 'synthetic_no_return_continuations_suppressed': 0,
 'rule': 'traverse_CFG_with_no_return_blocks_as_terminal_then_reconcile_reachable_raw_return_transports_only'}

[CALL SITE ABI PLANS]
{'op_key': '1052752:(ram, 0x101050, 0, 2):2',
 'target': None,
 'dispatch_class': 'indirect_runtime_target',
 'status': 'deferred_target_dispatch',
 'argument_count': 0,
 'carrier_allocation_status': 'complete',
 'target_compatibility_status': 'deferred',
 'target_compatible': None,
 'no_return': False,
 'result_width_bits': 64}
===== END PAL COMPUTE ANALYZER =====


=========== SGL EXECUTION TREE ===========

sequence
  sequence
    block [0x101050]

=========== END TREE ===========

[SGL EXEC TREE PERSISTED] path=/home/rem/gh/PAL/pyghidra-PAL/PAL/PAL_logs/f_0000000000101050_fgets.sgl.exec_tree.log mode=append temporary=False delete_on_completion=False

[PHI DROP-INS]
------------------------------------------------------------
------------------------------------------------------------
{'active': True,
 'bound_plans': 5,
 'control_contracts_forwarded': 1,
 'input_op_contracts': 5,
 'input_plans': 5,
 'kind': 'phi_compute_consumer_inventory_v21',
 'outputless_contracts_forwarded': 0,
 'phi_merge_contracts': 0,
 'phi_transition_contracts': 0,
 'preserved_compute_boundaries': 5,
 'preserved_deferred_contracts': 1,
 'preserved_outputless_boundaries': 0,
 'preserved_outputless_deferred_contracts': 0,
 'preserved_outputless_helpers': 0,
 'preserved_runtime_helpers': 0,
 'rule': 'preserve_PALCompute_authority_remap_execution_destination_only',
 'state_alias_bindings': 0,
 'transition_owners': {},
 'version': 'v21_compute_contract_consumers',
 'warnings': 0}
[]
          OK -> functions.f_0000000000101050_fgets
[6/30] decompile <EXTERNAL>::__cxa_finalize @ 0x101060

===== CFG DEBUG =====

[EDGES]

[IPDOM]
0x101060 -> ipdom: None

=====================

===== PAL RESOLVER INDIRECT STORAGE v22c =====

[INVENTORY]
{'active': True,
 'address_tied_families': 1,
 'custody_transitions': 1,
 'effect_owner_groups': 1,
 'escape_barrier_sids': 2,
 'input_contracts': 1,
 'kind': 'resolver_indirect_storage_inventory_v22c',
 'machine_state_families': 0,
 'machine_state_sids': 0,
 'owner_categories': {'call_boundary': 1},
 'parameter_initializers': 0,
 'persistent_families': 1,
 'rule': 'HighVariable_identity_families_plus_address_escape_alias_barrier',
 'runtime_order': 'CFG_governed_not_linearized',
 'storage_families': 1,
 'version': 'v22c_indirect_storage_families',
 'warnings': 0}

[STORAGE FAMILIES]
{'address_tied': True,
 'classification': 'persistent_address_tied_storage',
 'entry_sids': ['v_22'],
 'family_id': 'storage_family:high_rep:22',
 'high_identity_key': 'high_rep:22',
 'high_name': 'PTR___cxa_finalize_00103fe0',
 'member_sids': ['v_22', 'v_18'],
 'parameter_initializers': 0,
 'persistent': True,
 'transitions': 1}

[PARAMETER INITIALIZERS / STORAGE WRITES]
[]

[WARNINGS]
[]
===== END PAL RESOLVER INDIRECT STORAGE =====

========================================================================
PALRAW AUDIT v0.3 :: raw instruction BLOCK p-code vs HF/PAL CFG
========================================================================

--- 0x10127f ---
Raw block  : 0x101060 -> next None
Instr count: 1
Terminal   : 0x101060 JMP qword ptr [0x00103fe0]
Raw succs  : ['0x105038']
Norm succs : ['0x105038']
HF block   : 0x101060
CFG edges  : []
STATUS     : successors_differ
NOTE       : Raw successor(s) missing from HF/PAL CFG: ['0x105038']
Raw instructions:
   0x101060  JMP qword ptr [0x00103fe0]
Terminal raw p-code:
     ---  BRANCHIND (ram, 0x103fe0, 8)
HF/PAL ops :
    CAST [PTR___cxa_finalize_00103fe0] -> v_23
    INDIRECT [PTR___cxa_finalize_00103fe0, 0x0] -> PTR___cxa_finalize_00103fe0
    CALLIND [v_23] -> None
    COPY [PTR___cxa_finalize_00103fe0] -> PTR___cxa_finalize_00103fe0
HF/PAL term:
    RETURN [0x0] -> None

--- 0x1011b6 ---
Raw block  : 0x101060 -> next None
Instr count: 1
Terminal   : 0x101060 JMP qword ptr [0x00103fe0]
Raw succs  : ['0x105038']
Norm succs : ['0x105038']
HF block   : 0x101060
CFG edges  : []
STATUS     : successors_differ
NOTE       : Raw successor(s) missing from HF/PAL CFG: ['0x105038']
Raw instructions:
   0x101060  JMP qword ptr [0x00103fe0]
Terminal raw p-code:
     ---  BRANCHIND (ram, 0x103fe0, 8)
HF/PAL ops :
    CAST [PTR___cxa_finalize_00103fe0] -> v_23
    INDIRECT [PTR___cxa_finalize_00103fe0, 0x0] -> PTR___cxa_finalize_00103fe0
    CALLIND [v_23] -> None
    COPY [PTR___cxa_finalize_00103fe0] -> PTR___cxa_finalize_00103fe0
HF/PAL term:
    RETURN [0x0] -> None

--- 0x101219 ---
Raw block  : 0x101060 -> next None
Instr count: 1
Terminal   : 0x101060 JMP qword ptr [0x00103fe0]
Raw succs  : ['0x105038']
Norm succs : ['0x105038']
HF block   : 0x101060
CFG edges  : []
STATUS     : successors_differ
NOTE       : Raw successor(s) missing from HF/PAL CFG: ['0x105038']
Raw instructions:
   0x101060  JMP qword ptr [0x00103fe0]
Terminal raw p-code:
     ---  BRANCHIND (ram, 0x103fe0, 8)
HF/PAL ops :
    CAST [PTR___cxa_finalize_00103fe0] -> v_23
    INDIRECT [PTR___cxa_finalize_00103fe0, 0x0] -> PTR___cxa_finalize_00103fe0
    CALLIND [v_23] -> None
    COPY [PTR___cxa_finalize_00103fe0] -> PTR___cxa_finalize_00103fe0
HF/PAL term:
    RETURN [0x0] -> None

--- 0x10120f ---
Raw block  : 0x101060 -> next None
Instr count: 1
Terminal   : 0x101060 JMP qword ptr [0x00103fe0]
Raw succs  : ['0x105038']
Norm succs : ['0x105038']
HF block   : 0x101060
CFG edges  : []
STATUS     : successors_differ
NOTE       : Raw successor(s) missing from HF/PAL CFG: ['0x105038']
Raw instructions:
   0x101060  JMP qword ptr [0x00103fe0]
Terminal raw p-code:
     ---  BRANCHIND (ram, 0x103fe0, 8)
HF/PAL ops :
    CAST [PTR___cxa_finalize_00103fe0] -> v_23
    INDIRECT [PTR___cxa_finalize_00103fe0, 0x0] -> PTR___cxa_finalize_00103fe0
    CALLIND [v_23] -> None
    COPY [PTR___cxa_finalize_00103fe0] -> PTR___cxa_finalize_00103fe0
HF/PAL term:
    RETURN [0x0] -> None

--- 0x101221 ---
Raw block  : 0x101060 -> next None
Instr count: 1
Terminal   : 0x101060 JMP qword ptr [0x00103fe0]
Raw succs  : ['0x105038']
Norm succs : ['0x105038']
HF block   : 0x101060
CFG edges  : []
STATUS     : successors_differ
NOTE       : Raw successor(s) missing from HF/PAL CFG: ['0x105038']
Raw instructions:
   0x101060  JMP qword ptr [0x00103fe0]
Terminal raw p-code:
     ---  BRANCHIND (ram, 0x103fe0, 8)
HF/PAL ops :
    CAST [PTR___cxa_finalize_00103fe0] -> v_23
    INDIRECT [PTR___cxa_finalize_00103fe0, 0x0] -> PTR___cxa_finalize_00103fe0
    CALLIND [v_23] -> None
    COPY [PTR___cxa_finalize_00103fe0] -> PTR___cxa_finalize_00103fe0
HF/PAL term:
    RETURN [0x0] -> None

--- 0x101284 ---
Raw block  : 0x101060 -> next None
Instr count: 1
Terminal   : 0x101060 JMP qword ptr [0x00103fe0]
Raw succs  : ['0x105038']
Norm succs : ['0x105038']
HF block   : 0x101060
CFG edges  : []
STATUS     : successors_differ
NOTE       : Raw successor(s) missing from HF/PAL CFG: ['0x105038']
Raw instructions:
   0x101060  JMP qword ptr [0x00103fe0]
Terminal raw p-code:
     ---  BRANCHIND (ram, 0x103fe0, 8)
HF/PAL ops :
    CAST [PTR___cxa_finalize_00103fe0] -> v_23
    INDIRECT [PTR___cxa_finalize_00103fe0, 0x0] -> PTR___cxa_finalize_00103fe0
    CALLIND [v_23] -> None
    COPY [PTR___cxa_finalize_00103fe0] -> PTR___cxa_finalize_00103fe0
HF/PAL term:
    RETURN [0x0] -> None

--- 0x10127f ---
Raw block  : 0x101060 -> next None
Instr count: 1
Terminal   : 0x101060 JMP qword ptr [0x00103fe0]
Raw succs  : ['0x105038']
Norm succs : ['0x105038']
HF block   : 0x101060
CFG edges  : []
STATUS     : successors_differ
NOTE       : Raw successor(s) missing from HF/PAL CFG: ['0x105038']
Raw instructions:
   0x101060  JMP qword ptr [0x00103fe0]
Terminal raw p-code:
     ---  BRANCHIND (ram, 0x103fe0, 8)
HF/PAL ops :
    CAST [PTR___cxa_finalize_00103fe0] -> v_23
    INDIRECT [PTR___cxa_finalize_00103fe0, 0x0] -> PTR___cxa_finalize_00103fe0
    CALLIND [v_23] -> None
    COPY [PTR___cxa_finalize_00103fe0] -> PTR___cxa_finalize_00103fe0
HF/PAL term:
    RETURN [0x0] -> None

========================================================================

===== PAL COMPUTE ANALYZER =====
{'kind': 'pal_compute_inventory_v22',
 'version': 'v23b_abi_thunk_compatibility_return_reconciliation',
 'runtime_representation': 'raw_unsigned_bitvector_at_ssa_boundaries',
 'operations': 4,
 'output_plans': 3,
 'control_contracts': 1,
 'c_compute_filtered': 4,
 'use_site_overrides': 0,
 'return_observation_view_mismatches': 0,
 'storage_custody_related_ops': 4,
 'indirect_custody_contracts': 1,
 'indirect_custody_resolved': 1,
 'indirect_custody_deferred': 0,
 'indirect_effect_owner_compute_ops': 1,
 'storage_family_bindings': 2,
 'function_entry_abi_plan': True,
 'call_site_abi_plans': 1,
 'internal_call_plan_failures': 0,
 'unsupported_implicit_inputs': 0,
 'abi_runtime_helper_assignments': 0,
 'no_return_calls': 0,
 'reachable_return_boundaries': 1,
 'unreachable_return_boundaries': 0,
 'synthetic_no_return_continuations_suppressed': 0,
 'statuses': {'metadata_only': 3, 'deferred_external': 1},
 'categories': {'conversion': 1,
                'storage_custody': 1,
                'call_boundary': 1,
                'transport': 1},
 'helpers': {},
 'opcodes': {'CAST': 1, 'INDIRECT': 1, 'CALLIND': 1, 'COPY': 1},
 'warnings': 0}

[WARNINGS]
[]

[METADATA-ONLY COMPUTE BOUNDARIES]
0x101060 CAST ['v_22'] -> v_23 classification=same_width_explicit_view_boundary
0x101060 INDIRECT ['v_22', 'c_0_4'] -> v_18 classification=None
0x101060 COPY ['v_18'] -> v_20 classification=bit_preserving_copy

[HELPER-REQUIRED CONTRACTS]

[INDIRECT STORAGE-CUSTODY CONTRACTS]
0x101060 v_22 -> v_18 family=storage_family:high_rep:22 owner=CALLIND/0x0 owner_compute=1052768:(ram, 0x101060, 0, 2):2 status=metadata_only

[INDIRECT CUSTODY INVENTORY]
{'kind': 'pal_compute_indirect_custody_inventory_v22d',
 'version': 'v23b_abi_thunk_compatibility_return_reconciliation',
 'resolver_transitions': 1,
 'compute_indirect_contracts': 1,
 'resolved_custody': 1,
 'deferred_custody': 0,
 'effect_owner_compute_bindings': 1,
 'effect_owner_compute_ops': 1,
 'owner_categories': {'call_boundary': 1},
 'storage_families': 1,
 'storage_sid_bindings': 2,
 'address_escape_barrier_sids': 2,
 'parameter_storage_initializers': 0,
 'runtime_helpers': 0,
 'warnings': 0,
 'rule': 'INDIRECT_is_metadata_only_owner_bound_storage_transition'}

[ABI-D ENTRY/CALL PLAN INVENTORY]
{'kind': 'pal_compute_abi_plan_inventory_v23',
 'version': 'v23b_abi_thunk_compatibility_return_reconciliation',
 'function': '__cxa_finalize',
 'entry_plan_present': True,
 'entry_plan_status': 'ready',
 'fixed_arguments': 0,
 'implicit_inputs': 0,
 'implicit_inputs_unsupported': 0,
 'call_compute_contracts': 1,
 'call_site_plans': 1,
 'call_sites_without_plan': 0,
 'call_statuses': {'deferred_target_dispatch': 1},
 'dispatch_classes': {'indirect_runtime_target': 1},
 'internal_calls': 0,
 'internal_calls_with_target_compatible_plan': 0,
 'internal_calls_without_target_compatible_plan': 0,
 'internal_calls_with_deferred_target_compatibility': 0,
 'internal_calls_with_incompatible_target': 0,
 'internal_calls_without_transport_plan': 0,
 'external_calls': 0,
 'thunk_calls': 0,
 'external_via_thunk_calls': 0,
 'thunk_endpoint_deferred_calls': 0,
 'thunk_calls_misclassified_internal': 0,
 'target_compatibility_overclaims': 0,
 'no_return_calls': 0,
 'result_carrier_contracts': 1,
 'abi_runtime_helper_assignments': 0,
 'warnings': 0,
 'acceptance_gates': {'every_emitted_function_has_entry_plan': True,
                      'every_call_has_call_site_plan': True,
                      'every_internal_call_has_target_compatible_plan': True,
                      'every_internal_call_has_carrier_transport_plan': True,
                      'no_resolved_thunk_misclassified_internal': True,
                      'no_target_compatibility_overclaim': True,
                      'no_implicit_input_is_unsupported': True,
                      'no_runtime_helper_assigned_by_ABI_guesswork': True},
 'return_boundary_reconciliation': {'kind': 'pal_compute_return_boundary_reconciliation_v23b',
                                    'version': 'v23b_abi_thunk_compatibility_return_reconciliation',
                                    'function': '__cxa_finalize',
                                    'entry_block_addr': 1052768,
                                    'cfg_evidence_available': True,
                                    'no_return_terminating_blocks': [],
                                    'no_return_call_op_keys': [],
                                    'return_boundaries': 1,
                                    'reachable_return_boundaries': 1,
                                    'unreachable_return_boundaries': 0,
                                    'deferred_return_boundaries': 0,
                                    'reachable_return_widths': [64],
                                    'width_reconciled': True,
                                    'synthetic_no_return_continuations_suppressed': 0,
                                    'rule': 'traverse_CFG_with_no_return_blocks_as_terminal_then_reconcile_reachable_raw_return_transports_only'},
 'rule': 'ABI_A_B_C_authority_only_thunk_endpoint_and_compatibility_tri_state_no_downstream_argument_reinference'}

[FUNCTION ENTRY ABI PLAN]
{'plan_id': 'function_entry:1052768',
 'status': 'ready',
 'callable_signature_status': 'legacy_non_variadic_fallback',
 'fixed_argument_count': 0,
 'implicit_input_count': 0,
 'variadic_register_save_area': {'required': False,
                                 'status': 'not_required',
                                 'slots': [],
                                 'gp_slots': [],
                                 'sse_slots': [],
                                 'fixed_variadic_partition_status': 'deferred_to_entry_protocol_analysis',
                                 'source': 'abi_context.registers',
                                 'authority': 'ABI_C_carriers_plus_variadic_contract'},
 'overflow_argument_area': {'required': False,
                            'status': 'not_required',
                            'source': 'abi_context.overflow_argument_area',
                            'observed_stack_carriers': [],
                            'materialization': 'consume_preclassified_overflow_slots',
                            'offset_inference_allowed': False,
                            'authority': 'ABI_C_stack_carriers_or_variadic_protocol'},
 'variadic_al': {'required': False,
                 'status': 'not_required',
                 'source': 'abi_context.variadic_xmm_count',
                 'inputs': [],
                 'default_allowed': False,
                 'authority': 'ABI_C_variadic_xmm_count_contract'},
 'frame_base': {'required': False,
                'status': 'not_observed',
                'source': 'abi_context.frame_base',
                'inputs': [],
                'derive_from_parameter_names': False,
                'authority': 'ABI_C_frame_state_custody'},
 'tls_base': {'required': False,
              'status': 'not_observed',
              'source': 'abi_context.tls_base',
              'inputs': [],
              'derive_from_expression_names': False,
              'authority': 'ABI_C_tls_state_custody'},
 'return_contract': {'kind': 'pal_compute_return_carrier_contract_abi_d',
                     'version': 'v23b_abi_thunk_compatibility_return_reconciliation',
                     'status': 'return_width_proven_carrier_deferred',
                     'no_return': False,
                     'output_sid': None,
                     'output_width_bits': None,
                     'declared_width_bits': None,
                     'effective_result_width_bits': 64,
                     'declared_return': {'name': 'undefined',
                                         'display_name': 'undefined',
                                         'class_name': 'DefaultDataType',
                                         'length_bytes': 1,
                                         'width_bits': 8,
                                         'signed': None,
                                         'kind_hint': None},
                     'return_storage': {'repr': '<UNASSIGNED>',
                                        'size_bytes': 0,
                                        'flags': {'register': False,
                                                  'stack': False,
                                                  'memory': False,
                                                  'unassigned': True,
                                                  'void': False,
                                                  'auto': False},
                                        'pieces': [],
                                        'storage_keys': []},
                     'carrier_pieces': [],
                     'normalization': {'mode': 'mask_to_output_width',
                                       'width_bits': 64,
                                       'mask': 18446744073709551615},
                     'runtime_helper': None,
                     'runtime_helper_authority': 'no_ABI_runtime_helper_assigned',
                     'authority': 'reachable_raw_return_transport',
                     'reported_declared_width_bits': 8,
                     'declared_width_authoritative': False,
                     'declared_return_evidence_status': 'non_authoritative_default_or_unresolved_prototype',
                     'transport_width_bits': 64,
                     'logical_result_width_bits': 64,
                     'reachable_return_widths': [64],
                     'reachable_return_boundary_count': 1,
                     'unreachable_return_boundary_count': 0,
                     'deferred_return_boundary_count': 0},
 'reachable_return_boundaries': [{'block_addr': 1052768,
                                  'return_value_sid': 'c_0_8',
                                  'return_value_width_bits': 64,
                                  'return_transport_width_bits': 64,
                                  'return_logical_width_bits': 64,
                                  'return_declared_view': None,
                                  'return_boundary_authority': 'raw_return_register_transport',
                                  'return_reachability': 'reachable',
                                  'reachable_return': True,
                                  'execution_suppressed': False,
                                  'emission_policy': 'emit_reachable_return_boundary',
                                  'cut_by_no_return_blocks': [],
                                  'cut_by_no_return_call_op_keys': []}],
 'unreachable_return_boundaries': []}

[RETURN BOUNDARY RECONCILIATION]
{'kind': 'pal_compute_return_boundary_reconciliation_v23b',
 'version': 'v23b_abi_thunk_compatibility_return_reconciliation',
 'function': '__cxa_finalize',
 'entry_block_addr': 1052768,
 'cfg_evidence_available': True,
 'no_return_terminating_blocks': [],
 'no_return_call_op_keys': [],
 'return_boundaries': 1,
 'reachable_return_boundaries': 1,
 'unreachable_return_boundaries': 0,
 'deferred_return_boundaries': 0,
 'reachable_return_widths': [64],
 'width_reconciled': True,
 'synthetic_no_return_continuations_suppressed': 0,
 'rule': 'traverse_CFG_with_no_return_blocks_as_terminal_then_reconcile_reachable_raw_return_transports_only'}

[CALL SITE ABI PLANS]
{'op_key': '1052768:(ram, 0x101060, 0, 2):2',
 'target': None,
 'dispatch_class': 'indirect_runtime_target',
 'status': 'deferred_target_dispatch',
 'argument_count': 0,
 'carrier_allocation_status': 'complete',
 'target_compatibility_status': 'deferred',
 'target_compatible': None,
 'no_return': False,
 'result_width_bits': None}
===== END PAL COMPUTE ANALYZER =====


=========== SGL EXECUTION TREE ===========

sequence
  sequence
    block [0x101060]

=========== END TREE ===========

[SGL EXEC TREE PERSISTED] path=/home/rem/gh/PAL/pyghidra-PAL/PAL/PAL_logs/f_0000000000101060_cxa_finalize.sgl.exec_tree.log mode=append temporary=False delete_on_completion=False

[PHI DROP-INS]
------------------------------------------------------------
------------------------------------------------------------
{'active': True,
 'bound_plans': 3,
 'control_contracts_forwarded': 1,
 'input_op_contracts': 4,
 'input_plans': 3,
 'kind': 'phi_compute_consumer_inventory_v21',
 'outputless_contracts_forwarded': 1,
 'phi_merge_contracts': 0,
 'phi_transition_contracts': 0,
 'preserved_compute_boundaries': 3,
 'preserved_deferred_contracts': 0,
 'preserved_outputless_boundaries': 1,
 'preserved_outputless_deferred_contracts': 1,
 'preserved_outputless_helpers': 0,
 'preserved_runtime_helpers': 0,
 'rule': 'preserve_PALCompute_authority_remap_execution_destination_only',
 'state_alias_bindings': 0,
 'transition_owners': {},
 'version': 'v21_compute_contract_consumers',
 'warnings': 0}
[]
          OK -> functions.f_0000000000101060_cxa_finalize
[7/30] decompile Global::_start @ 0x101070

===== CFG DEBUG =====

[EDGES]
0x101070 -> 0x101091  uncond raw=uncond role=uncond pol=unknown inv=None edge=cfg-edge-v1:0x101070->0x101091 direct_join=False
0x101091 -> 0x101091  backedge raw=uncond role=latch_to_header pol=unknown inv=None edge=cfg-edge-v1:0x101091->0x101091 direct_join=False

[EDGE IDENTITY v23 / BOHDI EMPEROR]
{'kind': 'cfg_edge_identity_inventory_v23', 'version': 'FunctionCFG_v23e_clothed_emperor_cfg_truth', 'id_schema': 'cfg_edge_identity_v1', 'canonical_identity': '(src_addr,dst_addr)', 'edges': 2, 'unique_edge_keys': 2, 'binary_cbranch_edges': 0, 'direct_join_edges': 0, 'direct_join_branch_arm_edges': 0, 'direct_join_loop_exit_edges': 0, 'direct_join_empty_arm_candidates': 0, 'warnings': 0, 'topology_mutations': 0, 'polarity_mutations': 0, 'rule': 'freeze_repaired_CFG_edge_identity_then_mark_exact_binary_CBRANCH_edge_to_IPDOM'}

[IPDOM]
0x101070 -> ipdom: 0x101091
0x101091 -> ipdom: 0x101070

[BACKEDGES]
0x101091 -> 0x101091

=====================

===== PAL RESOLVER INDIRECT STORAGE v22c =====

[INVENTORY]
{'active': True,
 'address_tied_families': 1,
 'custody_transitions': 1,
 'effect_owner_groups': 1,
 'escape_barrier_sids': 2,
 'input_contracts': 1,
 'kind': 'resolver_indirect_storage_inventory_v22c',
 'machine_state_families': 0,
 'machine_state_sids': 0,
 'owner_categories': {'call_boundary': 1},
 'parameter_initializers': 0,
 'persistent_families': 1,
 'rule': 'HighVariable_identity_families_plus_address_escape_alias_barrier',
 'runtime_order': 'CFG_governed_not_linearized',
 'storage_families': 1,
 'version': 'v22c_indirect_storage_families',
 'warnings': 0}

[STORAGE FAMILIES]
{'address_tied': True,
 'classification': 'persistent_address_tied_storage',
 'entry_sids': ['v_333'],
 'family_id': 'storage_family:high_rep:333',
 'high_identity_key': 'high_rep:333',
 'high_name': 'PTR___libc_start_main_00103fc0',
 'member_sids': ['v_333', 'v_315'],
 'parameter_initializers': 0,
 'persistent': True,
 'transitions': 1}

[PARAMETER INITIALIZERS / STORAGE WRITES]
[]

[WARNINGS]
[]
===== END PAL RESOLVER INDIRECT STORAGE =====

========================================================================
PALRAW AUDIT v0.3 :: raw instruction BLOCK p-code vs HF/PAL CFG
========================================================================

--- 0x10127f ---
Raw block  : 0x101091 -> next None
Instr count: 1
Terminal   : 0x101091 HLT
Raw succs  : []
Norm succs : []
HF block   : 0x101091
CFG edges  : ['0x101091 role=latch_to_header raw=uncond']
STATUS     : successors_differ
NOTE       : HF/PAL successor(s) not seen in raw terminal successors: ['0x101091']
Raw instructions:
   0x101091  HLT
Terminal raw p-code:
     ---  BRANCH (ram, 0x101091, 8)
HF/PAL ops :
HF/PAL term:
    BRANCH [g_101091] -> None

--- 0x1011b6 ---
Raw block  : 0x101091 -> next None
Instr count: 1
Terminal   : 0x101091 HLT
Raw succs  : []
Norm succs : []
HF block   : 0x101091
CFG edges  : ['0x101091 role=latch_to_header raw=uncond']
STATUS     : successors_differ
NOTE       : HF/PAL successor(s) not seen in raw terminal successors: ['0x101091']
Raw instructions:
   0x101091  HLT
Terminal raw p-code:
     ---  BRANCH (ram, 0x101091, 8)
HF/PAL ops :
HF/PAL term:
    BRANCH [g_101091] -> None

--- 0x101219 ---
Raw block  : 0x101091 -> next None
Instr count: 1
Terminal   : 0x101091 HLT
Raw succs  : []
Norm succs : []
HF block   : 0x101091
CFG edges  : ['0x101091 role=latch_to_header raw=uncond']
STATUS     : successors_differ
NOTE       : HF/PAL successor(s) not seen in raw terminal successors: ['0x101091']
Raw instructions:
   0x101091  HLT
Terminal raw p-code:
     ---  BRANCH (ram, 0x101091, 8)
HF/PAL ops :
HF/PAL term:
    BRANCH [g_101091] -> None

--- 0x10120f ---
Raw block  : 0x101091 -> next None
Instr count: 1
Terminal   : 0x101091 HLT
Raw succs  : []
Norm succs : []
HF block   : 0x101091
CFG edges  : ['0x101091 role=latch_to_header raw=uncond']
STATUS     : successors_differ
NOTE       : HF/PAL successor(s) not seen in raw terminal successors: ['0x101091']
Raw instructions:
   0x101091  HLT
Terminal raw p-code:
     ---  BRANCH (ram, 0x101091, 8)
HF/PAL ops :
HF/PAL term:
    BRANCH [g_101091] -> None

--- 0x101221 ---
Raw block  : 0x101091 -> next None
Instr count: 1
Terminal   : 0x101091 HLT
Raw succs  : []
Norm succs : []
HF block   : 0x101091
CFG edges  : ['0x101091 role=latch_to_header raw=uncond']
STATUS     : successors_differ
NOTE       : HF/PAL successor(s) not seen in raw terminal successors: ['0x101091']
Raw instructions:
   0x101091  HLT
Terminal raw p-code:
     ---  BRANCH (ram, 0x101091, 8)
HF/PAL ops :
HF/PAL term:
    BRANCH [g_101091] -> None

--- 0x101284 ---
Raw block  : 0x101091 -> next None
Instr count: 1
Terminal   : 0x101091 HLT
Raw succs  : []
Norm succs : []
HF block   : 0x101091
CFG edges  : ['0x101091 role=latch_to_header raw=uncond']
STATUS     : successors_differ
NOTE       : HF/PAL successor(s) not seen in raw terminal successors: ['0x101091']
Raw instructions:
   0x101091  HLT
Terminal raw p-code:
     ---  BRANCH (ram, 0x101091, 8)
HF/PAL ops :
HF/PAL term:
    BRANCH [g_101091] -> None

--- 0x10127f ---
Raw block  : 0x101091 -> next None
Instr count: 1
Terminal   : 0x101091 HLT
Raw succs  : []
Norm succs : []
HF block   : 0x101091
CFG edges  : ['0x101091 role=latch_to_header raw=uncond']
STATUS     : successors_differ
NOTE       : HF/PAL successor(s) not seen in raw terminal successors: ['0x101091']
Raw instructions:
   0x101091  HLT
Terminal raw p-code:
     ---  BRANCH (ram, 0x101091, 8)
HF/PAL ops :
HF/PAL term:
    BRANCH [g_101091] -> None

========================================================================

===== PAL COMPUTE ANALYZER =====
{'kind': 'pal_compute_inventory_v22',
 'version': 'v23b_abi_thunk_compatibility_return_reconciliation',
 'runtime_representation': 'raw_unsigned_bitvector_at_ssa_boundaries',
 'operations': 6,
 'output_plans': 5,
 'control_contracts': 1,
 'c_compute_filtered': 6,
 'use_site_overrides': 1,
 'return_observation_view_mismatches': 0,
 'storage_custody_related_ops': 3,
 'indirect_custody_contracts': 1,
 'indirect_custody_resolved': 1,
 'indirect_custody_deferred': 0,
 'indirect_effect_owner_compute_ops': 1,
 'storage_family_bindings': 2,
 'function_entry_abi_plan': True,
 'call_site_abi_plans': 1,
 'internal_call_plan_failures': 0,
 'unsupported_implicit_inputs': 0,
 'abi_runtime_helper_assignments': 0,
 'no_return_calls': 0,
 'reachable_return_boundaries': 0,
 'unreachable_return_boundaries': 0,
 'synthetic_no_return_continuations_suppressed': 0,
 'statuses': {'deferred_memory': 3, 'metadata_only': 2, 'deferred_external': 1},
 'categories': {'pointer_arithmetic': 3,
                'conversion': 1,
                'storage_custody': 1,
                'call_boundary': 1},
 'helpers': {'c_ptrsub': 3},
 'opcodes': {'PTRSUB': 3, 'CAST': 1, 'INDIRECT': 1, 'CALLIND': 1},
 'warnings': 0}

[WARNINGS]
[]

[METADATA-ONLY COMPUTE BOUNDARIES]
0x101070 CAST ['v_333'] -> v_343 classification=same_width_explicit_view_boundary
0x101070 INDIRECT ['v_333', 'c_55_4'] -> v_315 classification=None

[HELPER-REQUIRED CONTRACTS]

[INDIRECT STORAGE-CUSTODY CONTRACTS]
0x101070 v_333 -> v_315 family=storage_family:high_rep:333 owner=CALLIND/0x37 owner_compute=1052784:(ram, 0x10108b, 55, 5):5 status=metadata_only

[INDIRECT CUSTODY INVENTORY]
{'kind': 'pal_compute_indirect_custody_inventory_v22d',
 'version': 'v23b_abi_thunk_compatibility_return_reconciliation',
 'resolver_transitions': 1,
 'compute_indirect_contracts': 1,
 'resolved_custody': 1,
 'deferred_custody': 0,
 'effect_owner_compute_bindings': 1,
 'effect_owner_compute_ops': 1,
 'owner_categories': {'call_boundary': 1},
 'storage_families': 1,
 'storage_sid_bindings': 2,
 'address_escape_barrier_sids': 2,
 'parameter_storage_initializers': 0,
 'runtime_helpers': 0,
 'warnings': 0,
 'rule': 'INDIRECT_is_metadata_only_owner_bound_storage_transition'}

[ABI-D ENTRY/CALL PLAN INVENTORY]
{'kind': 'pal_compute_abi_plan_inventory_v23',
 'version': 'v23b_abi_thunk_compatibility_return_reconciliation',
 'function': '_start',
 'entry_plan_present': True,
 'entry_plan_status': 'ready',
 'fixed_arguments': 2,
 'implicit_inputs': 1,
 'implicit_inputs_unsupported': 0,
 'call_compute_contracts': 1,
 'call_site_plans': 1,
 'call_sites_without_plan': 0,
 'call_statuses': {'deferred_target_dispatch': 1},
 'dispatch_classes': {'indirect_runtime_target': 1},
 'internal_calls': 0,
 'internal_calls_with_target_compatible_plan': 0,
 'internal_calls_without_target_compatible_plan': 0,
 'internal_calls_with_deferred_target_compatibility': 0,
 'internal_calls_with_incompatible_target': 0,
 'internal_calls_without_transport_plan': 0,
 'external_calls': 0,
 'thunk_calls': 0,
 'external_via_thunk_calls': 0,
 'thunk_endpoint_deferred_calls': 0,
 'thunk_calls_misclassified_internal': 0,
 'target_compatibility_overclaims': 0,
 'no_return_calls': 0,
 'result_carrier_contracts': 1,
 'abi_runtime_helper_assignments': 0,
 'warnings': 0,
 'acceptance_gates': {'every_emitted_function_has_entry_plan': True,
                      'every_call_has_call_site_plan': True,
                      'every_internal_call_has_target_compatible_plan': True,
                      'every_internal_call_has_carrier_transport_plan': True,
                      'no_resolved_thunk_misclassified_internal': True,
                      'no_target_compatibility_overclaim': True,
                      'no_implicit_input_is_unsupported': True,
                      'no_runtime_helper_assigned_by_ABI_guesswork': True},
 'return_boundary_reconciliation': {'kind': 'pal_compute_return_boundary_reconciliation_v23b',
                                    'version': 'v23b_abi_thunk_compatibility_return_reconciliation',
                                    'function': '_start',
                                    'entry_block_addr': 1052784,
                                    'cfg_evidence_available': True,
                                    'no_return_terminating_blocks': [],
                                    'no_return_call_op_keys': [],
                                    'return_boundaries': 0,
                                    'reachable_return_boundaries': 0,
                                    'unreachable_return_boundaries': 0,
                                    'deferred_return_boundaries': 0,
                                    'reachable_return_widths': [],
                                    'width_reconciled': True,
                                    'synthetic_no_return_continuations_suppressed': 0,
                                    'rule': 'traverse_CFG_with_no_return_blocks_as_terminal_then_reconcile_reachable_raw_return_transports_only'},
 'rule': 'ABI_A_B_C_authority_only_thunk_endpoint_and_compatibility_tri_state_no_downstream_argument_reinference'}

[FUNCTION ENTRY ABI PLAN]
{'plan_id': 'function_entry:1052784',
 'status': 'ready',
 'callable_signature_status': 'legacy_non_variadic_fallback',
 'fixed_argument_count': 2,
 'implicit_input_count': 1,
 'variadic_register_save_area': {'required': False,
                                 'status': 'not_required',
                                 'slots': [{'sid': 'v_267',
                                            'bank': 'gp',
                                            'index': 2,
                                            'register': 'RDX',
                                            'width_bits': 64,
                                            'canonical_alias': 'param_0',
                                            'owner_namespace': 'logical_parameter',
                                            'owner_role': 'callable_parameter_carrier',
                                            'materialization': 'capture_entry_register_bits',
                                            'source': 'abi_context.registers',
                                            'runtime_helper': None,
                                            'authority': 'PALSymbolResolver_ABI_C_physical_carrier_binding'}],
                                 'gp_slots': [{'sid': 'v_267',
                                               'bank': 'gp',
                                               'index': 2,
                                               'register': 'RDX',
                                               'width_bits': 64,
                                               'canonical_alias': 'param_0',
                                               'owner_namespace': 'logical_parameter',
                                               'owner_role': 'callable_parameter_carrier',
                                               'materialization': 'capture_entry_register_bits',
                                               'source': 'abi_context.registers',
                                               'runtime_helper': None,
                                               'authority': 'PALSymbolResolver_ABI_C_physical_carrier_binding'}],
                                 'sse_slots': [],
                                 'fixed_variadic_partition_status': 'deferred_to_entry_protocol_analysis',
                                 'source': 'abi_context.registers',
                                 'authority': 'ABI_C_carriers_plus_variadic_contract'},
 'overflow_argument_area': {'required': True,
                            'status': 'runtime_abi_context_required',
                            'source': 'abi_context.overflow_argument_area',
                            'observed_stack_carriers': [{'kind': 'resolver_physical_carrier_binding_abi_c',
                                                         'version': 'v24_logical_physical_implicit_namespaces',
                                                         'sid': 'v_332',
                                                         'legacy_emitted_name': 'param_1',
                                                         'high_name': 'param_2',
                                                         'high_ordinal': 1,
                                                         'carrier_bank': 'stack',
                                                         'carrier_class': 'memory',
                                                         'carrier_index': None,
                                                         'register': None,
                                                         'storage_key': 'stack:0:8',
                                                         'canonical_alias': 'param_1',
                                                         'callable_argument': True,
                                                         'owner': {'namespace': 'logical_parameter',
                                                                   'owner_id': 'logical:1',
                                                                   'role': 'callable_parameter_carrier',
                                                                   'resolved': True,
                                                                   'authority': 'legacy_non_variadic_fallback'},
                                                         'authority': 'PALlibrary_v23b_physical_carrier_evidence'}],
                            'materialization': 'consume_preclassified_overflow_slots',
                            'offset_inference_allowed': False,
                            'authority': 'ABI_C_stack_carriers_or_variadic_protocol'},
 'variadic_al': {'required': False,
                 'status': 'not_required',
                 'source': 'abi_context.variadic_xmm_count',
                 'inputs': [],
                 'default_allowed': False,
                 'authority': 'ABI_C_variadic_xmm_count_contract'},
 'frame_base': {'required': True,
                'status': 'runtime_abi_context_required',
                'source': 'abi_context.frame_base',
                'inputs': [{'kind': 'pal_compute_implicit_input_materialization_abi_d',
                            'version': 'v23b_abi_thunk_compatibility_return_reconciliation',
                            'sid': 'v_268',
                            'canonical_alias': 'abi_stack_pointer',
                            'role': 'stack_pointer',
                            'custody_class': 'frame_state',
                            'width_bits': 64,
                            'register': {'name': 'RSP',
                                         'base_name': 'RSP',
                                         'size_bytes': 8,
                                         'repr': 'RSP'},
                            'destination': 'abi_context.stack_pointer',
                            'materialization': 'read_from_runtime_abi_context',
                            'status': 'runtime_context_required',
                            'unsupported': False,
                            'runtime_helper': None,
                            'authority': 'PALSymbolResolver_ABI_C_implicit_input_contract'}],
                'derive_from_parameter_names': False,
                'authority': 'ABI_C_frame_state_custody'},
 'tls_base': {'required': False,
              'status': 'not_observed',
              'source': 'abi_context.tls_base',
              'inputs': [],
              'derive_from_expression_names': False,
              'authority': 'ABI_C_tls_state_custody'},
 'return_contract': {'kind': 'pal_compute_return_carrier_contract_abi_d',
                     'version': 'v23b_abi_thunk_compatibility_return_reconciliation',
                     'status': 'no_reachable_return_boundary',
                     'no_return': False,
                     'output_sid': None,
                     'output_width_bits': None,
                     'declared_width_bits': None,
                     'effective_result_width_bits': None,
                     'declared_return': {'name': 'undefined',
                                         'display_name': 'undefined',
                                         'class_name': 'DefaultDataType',
                                         'length_bytes': 1,
                                         'width_bits': 8,
                                         'signed': None,
                                         'kind_hint': None},
                     'return_storage': {'repr': '<UNASSIGNED>',
                                        'size_bytes': 0,
                                        'flags': {'register': False,
                                                  'stack': False,
                                                  'memory': False,
                                                  'unassigned': True,
                                                  'void': False,
                                                  'auto': False},
                                        'pieces': [],
                                        'storage_keys': []},
                     'carrier_pieces': [],
                     'normalization': None,
                     'runtime_helper': None,
                     'runtime_helper_authority': 'no_ABI_runtime_helper_assigned',
                     'authority': 'PALlibrary_function_signature_return_storage',
                     'reported_declared_width_bits': 8,
                     'declared_width_authoritative': False,
                     'declared_return_evidence_status': 'non_authoritative_default_or_unresolved_prototype',
                     'transport_width_bits': None,
                     'logical_result_width_bits': None,
                     'reachable_return_widths': [],
                     'reachable_return_boundary_count': 0,
                     'unreachable_return_boundary_count': 0,
                     'deferred_return_boundary_count': 0},
 'reachable_return_boundaries': [],
 'unreachable_return_boundaries': []}

[RETURN BOUNDARY RECONCILIATION]
{'kind': 'pal_compute_return_boundary_reconciliation_v23b',
 'version': 'v23b_abi_thunk_compatibility_return_reconciliation',
 'function': '_start',
 'entry_block_addr': 1052784,
 'cfg_evidence_available': True,
 'no_return_terminating_blocks': [],
 'no_return_call_op_keys': [],
 'return_boundaries': 0,
 'reachable_return_boundaries': 0,
 'unreachable_return_boundaries': 0,
 'deferred_return_boundaries': 0,
 'reachable_return_widths': [],
 'width_reconciled': True,
 'synthetic_no_return_continuations_suppressed': 0,
 'rule': 'traverse_CFG_with_no_return_blocks_as_terminal_then_reconcile_reachable_raw_return_transports_only'}

[CALL SITE ABI PLANS]
{'op_key': '1052784:(ram, 0x10108b, 55, 5):5',
 'target': None,
 'dispatch_class': 'indirect_runtime_target',
 'status': 'deferred_target_dispatch',
 'argument_count': 7,
 'carrier_allocation_status': 'complete',
 'target_compatibility_status': 'deferred',
 'target_compatible': None,
 'no_return': False,
 'result_width_bits': None}
===== END PAL COMPUTE ANALYZER =====


=========== SGL EXECUTION TREE ===========

sequence
  sequence
    block [0x101070]
  loop [header=0x101091 role=true semantics=unconditional cond=None order=predicate_only continue_edge=None exit_edge=None selected_invert=None]
    loop_body

=========== END TREE ===========

[SGL EXEC TREE PERSISTED] path=/home/rem/gh/PAL/pyghidra-PAL/PAL/PAL_logs/f_0000000000101070_start.sgl.exec_tree.log mode=append temporary=False delete_on_completion=False

[PHI DROP-INS]
------------------------------------------------------------
------------------------------------------------------------
{'active': True,
 'bound_plans': 5,
 'control_contracts_forwarded': 1,
 'input_op_contracts': 6,
 'input_plans': 5,
 'kind': 'phi_compute_consumer_inventory_v21',
 'outputless_contracts_forwarded': 1,
 'phi_merge_contracts': 0,
 'phi_transition_contracts': 0,
 'preserved_compute_boundaries': 5,
 'preserved_deferred_contracts': 3,
 'preserved_outputless_boundaries': 1,
 'preserved_outputless_deferred_contracts': 1,
 'preserved_outputless_helpers': 0,
 'preserved_runtime_helpers': 3,
 'rule': 'preserve_PALCompute_authority_remap_execution_destination_only',
 'state_alias_bindings': 0,
 'transition_owners': {},
 'version': 'v21_compute_contract_consumers',
 'warnings': 0}
[]
          OK -> functions.f_0000000000101070_start
[8/30] decompile Global::deregister_tm_clones @ 0x1010a0

===== CFG DEBUG =====

[EDGES]

[IPDOM]
0x1010a0 -> ipdom: None

=====================

===== PAL RESOLVER INDIRECT STORAGE v22c =====

[INVENTORY]
{'active': False,
 'address_tied_families': 0,
 'custody_transitions': 0,
 'effect_owner_groups': 0,
 'escape_barrier_sids': 0,
 'input_contracts': 0,
 'kind': 'resolver_indirect_storage_inventory_v22c',
 'machine_state_families': 0,
 'machine_state_sids': 0,
 'owner_categories': {},
 'parameter_initializers': 0,
 'persistent_families': 0,
 'rule': 'HighVariable_identity_families_plus_address_escape_alias_barrier',
 'runtime_order': 'CFG_governed_not_linearized',
 'storage_families': 0,
 'version': 'v22c_indirect_storage_families',
 'warnings': 0}

[STORAGE FAMILIES]

[PARAMETER INITIALIZERS / STORAGE WRITES]
[]

[WARNINGS]
[]
===== END PAL RESOLVER INDIRECT STORAGE =====

========================================================================
PALRAW AUDIT v0.3 :: raw instruction BLOCK p-code vs HF/PAL CFG
========================================================================

--- 0x10127f ---
Raw block  : 0x1010a0 -> next None
Instr count: 4
Terminal   : 0x1010b1 JZ 0x001010c8
Raw succs  : ['0x1010c8', '0x1010b3']
Norm succs : ['0x1010bd', '0x1010c8']
HF block   : 0x1010a0
CFG edges  : []
STATUS     : successors_differ
NOTE       : Raw successor(s) missing from HF/PAL CFG: ['0x1010bd', '0x1010c8']
Raw instructions:
   0x1010a0  LEA RDI,[0x104028]
   0x1010a7  LEA RAX,[0x104028]
   0x1010ae  CMP RAX,RDI
   0x1010b1  JZ 0x001010c8
Terminal raw p-code:
     ---  CBRANCH (ram, 0x1010c8, 8) , (register, 0x206, 1)
HF/PAL ops :
HF/PAL term:
    RETURN [0x0] -> None

--- 0x1011b6 ---
Raw block  : 0x1010a0 -> next None
Instr count: 4
Terminal   : 0x1010b1 JZ 0x001010c8
Raw succs  : ['0x1010c8', '0x1010b3']
Norm succs : ['0x1010bd', '0x1010c8']
HF block   : 0x1010a0
CFG edges  : []
STATUS     : successors_differ
NOTE       : Raw successor(s) missing from HF/PAL CFG: ['0x1010bd', '0x1010c8']
Raw instructions:
   0x1010a0  LEA RDI,[0x104028]
   0x1010a7  LEA RAX,[0x104028]
   0x1010ae  CMP RAX,RDI
   0x1010b1  JZ 0x001010c8
Terminal raw p-code:
     ---  CBRANCH (ram, 0x1010c8, 8) , (register, 0x206, 1)
HF/PAL ops :
HF/PAL term:
    RETURN [0x0] -> None

--- 0x101219 ---
Raw block  : 0x1010a0 -> next None
Instr count: 4
Terminal   : 0x1010b1 JZ 0x001010c8
Raw succs  : ['0x1010c8', '0x1010b3']
Norm succs : ['0x1010bd', '0x1010c8']
HF block   : 0x1010a0
CFG edges  : []
STATUS     : successors_differ
NOTE       : Raw successor(s) missing from HF/PAL CFG: ['0x1010bd', '0x1010c8']
Raw instructions:
   0x1010a0  LEA RDI,[0x104028]
   0x1010a7  LEA RAX,[0x104028]
   0x1010ae  CMP RAX,RDI
   0x1010b1  JZ 0x001010c8
Terminal raw p-code:
     ---  CBRANCH (ram, 0x1010c8, 8) , (register, 0x206, 1)
HF/PAL ops :
HF/PAL term:
    RETURN [0x0] -> None

--- 0x10120f ---
Raw block  : 0x1010a0 -> next None
Instr count: 4
Terminal   : 0x1010b1 JZ 0x001010c8
Raw succs  : ['0x1010c8', '0x1010b3']
Norm succs : ['0x1010bd', '0x1010c8']
HF block   : 0x1010a0
CFG edges  : []
STATUS     : successors_differ
NOTE       : Raw successor(s) missing from HF/PAL CFG: ['0x1010bd', '0x1010c8']
Raw instructions:
   0x1010a0  LEA RDI,[0x104028]
   0x1010a7  LEA RAX,[0x104028]
   0x1010ae  CMP RAX,RDI
   0x1010b1  JZ 0x001010c8
Terminal raw p-code:
     ---  CBRANCH (ram, 0x1010c8, 8) , (register, 0x206, 1)
HF/PAL ops :
HF/PAL term:
    RETURN [0x0] -> None

--- 0x101221 ---
Raw block  : 0x1010a0 -> next None
Instr count: 4
Terminal   : 0x1010b1 JZ 0x001010c8
Raw succs  : ['0x1010c8', '0x1010b3']
Norm succs : ['0x1010bd', '0x1010c8']
HF block   : 0x1010a0
CFG edges  : []
STATUS     : successors_differ
NOTE       : Raw successor(s) missing from HF/PAL CFG: ['0x1010bd', '0x1010c8']
Raw instructions:
   0x1010a0  LEA RDI,[0x104028]
   0x1010a7  LEA RAX,[0x104028]
   0x1010ae  CMP RAX,RDI
   0x1010b1  JZ 0x001010c8
Terminal raw p-code:
     ---  CBRANCH (ram, 0x1010c8, 8) , (register, 0x206, 1)
HF/PAL ops :
HF/PAL term:
    RETURN [0x0] -> None

--- 0x101284 ---
Raw block  : 0x1010a0 -> next None
Instr count: 4
Terminal   : 0x1010b1 JZ 0x001010c8
Raw succs  : ['0x1010c8', '0x1010b3']
Norm succs : ['0x1010bd', '0x1010c8']
HF block   : 0x1010a0
CFG edges  : []
STATUS     : successors_differ
NOTE       : Raw successor(s) missing from HF/PAL CFG: ['0x1010bd', '0x1010c8']
Raw instructions:
   0x1010a0  LEA RDI,[0x104028]
   0x1010a7  LEA RAX,[0x104028]
   0x1010ae  CMP RAX,RDI
   0x1010b1  JZ 0x001010c8
Terminal raw p-code:
     ---  CBRANCH (ram, 0x1010c8, 8) , (register, 0x206, 1)
HF/PAL ops :
HF/PAL term:
    RETURN [0x0] -> None

--- 0x10127f ---
Raw block  : 0x1010a0 -> next None
Instr count: 4
Terminal   : 0x1010b1 JZ 0x001010c8
Raw succs  : ['0x1010c8', '0x1010b3']
Norm succs : ['0x1010bd', '0x1010c8']
HF block   : 0x1010a0
CFG edges  : []
STATUS     : successors_differ
NOTE       : Raw successor(s) missing from HF/PAL CFG: ['0x1010bd', '0x1010c8']
Raw instructions:
   0x1010a0  LEA RDI,[0x104028]
   0x1010a7  LEA RAX,[0x104028]
   0x1010ae  CMP RAX,RDI
   0x1010b1  JZ 0x001010c8
Terminal raw p-code:
     ---  CBRANCH (ram, 0x1010c8, 8) , (register, 0x206, 1)
HF/PAL ops :
HF/PAL term:
    RETURN [0x0] -> None

========================================================================

===== PAL COMPUTE ANALYZER =====
{'kind': 'pal_compute_inventory_v22',
 'version': 'v23b_abi_thunk_compatibility_return_reconciliation',
 'runtime_representation': 'raw_unsigned_bitvector_at_ssa_boundaries',
 'operations': 0,
 'output_plans': 0,
 'control_contracts': 1,
 'c_compute_filtered': 0,
 'use_site_overrides': 0,
 'return_observation_view_mismatches': 0,
 'storage_custody_related_ops': 0,
 'indirect_custody_contracts': 0,
 'indirect_custody_resolved': 0,
 'indirect_custody_deferred': 0,
 'indirect_effect_owner_compute_ops': 0,
 'storage_family_bindings': 0,
 'function_entry_abi_plan': True,
 'call_site_abi_plans': 0,
 'internal_call_plan_failures': 0,
 'unsupported_implicit_inputs': 0,
 'abi_runtime_helper_assignments': 0,
 'no_return_calls': 0,
 'reachable_return_boundaries': 1,
 'unreachable_return_boundaries': 0,
 'synthetic_no_return_continuations_suppressed': 0,
 'statuses': {},
 'categories': {},
 'helpers': {},
 'opcodes': {},
 'warnings': 0}

[WARNINGS]
[]

[METADATA-ONLY COMPUTE BOUNDARIES]

[HELPER-REQUIRED CONTRACTS]

[INDIRECT STORAGE-CUSTODY CONTRACTS]

[INDIRECT CUSTODY INVENTORY]
{'kind': 'pal_compute_indirect_custody_inventory_v22d',
 'version': 'v23b_abi_thunk_compatibility_return_reconciliation',
 'resolver_transitions': 0,
 'compute_indirect_contracts': 0,
 'resolved_custody': 0,
 'deferred_custody': 0,
 'effect_owner_compute_bindings': 0,
 'effect_owner_compute_ops': 0,
 'owner_categories': {},
 'storage_families': 0,
 'storage_sid_bindings': 0,
 'address_escape_barrier_sids': 0,
 'parameter_storage_initializers': 0,
 'runtime_helpers': 0,
 'warnings': 0,
 'rule': 'INDIRECT_is_metadata_only_owner_bound_storage_transition'}

[ABI-D ENTRY/CALL PLAN INVENTORY]
{'kind': 'pal_compute_abi_plan_inventory_v23',
 'version': 'v23b_abi_thunk_compatibility_return_reconciliation',
 'function': 'deregister_tm_clones',
 'entry_plan_present': True,
 'entry_plan_status': 'ready',
 'fixed_arguments': 0,
 'implicit_inputs': 0,
 'implicit_inputs_unsupported': 0,
 'call_compute_contracts': 0,
 'call_site_plans': 0,
 'call_sites_without_plan': 0,
 'call_statuses': {},
 'dispatch_classes': {},
 'internal_calls': 0,
 'internal_calls_with_target_compatible_plan': 0,
 'internal_calls_without_target_compatible_plan': 0,
 'internal_calls_with_deferred_target_compatibility': 0,
 'internal_calls_with_incompatible_target': 0,
 'internal_calls_without_transport_plan': 0,
 'external_calls': 0,
 'thunk_calls': 0,
 'external_via_thunk_calls': 0,
 'thunk_endpoint_deferred_calls': 0,
 'thunk_calls_misclassified_internal': 0,
 'target_compatibility_overclaims': 0,
 'no_return_calls': 0,
 'result_carrier_contracts': 0,
 'abi_runtime_helper_assignments': 0,
 'warnings': 0,
 'acceptance_gates': {'every_emitted_function_has_entry_plan': True,
                      'every_call_has_call_site_plan': True,
                      'every_internal_call_has_target_compatible_plan': True,
                      'every_internal_call_has_carrier_transport_plan': True,
                      'no_resolved_thunk_misclassified_internal': True,
                      'no_target_compatibility_overclaim': True,
                      'no_implicit_input_is_unsupported': True,
                      'no_runtime_helper_assigned_by_ABI_guesswork': True},
 'return_boundary_reconciliation': {'kind': 'pal_compute_return_boundary_reconciliation_v23b',
                                    'version': 'v23b_abi_thunk_compatibility_return_reconciliation',
                                    'function': 'deregister_tm_clones',
                                    'entry_block_addr': 1052832,
                                    'cfg_evidence_available': True,
                                    'no_return_terminating_blocks': [],
                                    'no_return_call_op_keys': [],
                                    'return_boundaries': 1,
                                    'reachable_return_boundaries': 1,
                                    'unreachable_return_boundaries': 0,
                                    'deferred_return_boundaries': 0,
                                    'reachable_return_widths': [64],
                                    'width_reconciled': True,
                                    'synthetic_no_return_continuations_suppressed': 0,
                                    'rule': 'traverse_CFG_with_no_return_blocks_as_terminal_then_reconcile_reachable_raw_return_transports_only'},
 'rule': 'ABI_A_B_C_authority_only_thunk_endpoint_and_compatibility_tri_state_no_downstream_argument_reinference'}

[FUNCTION ENTRY ABI PLAN]
{'plan_id': 'function_entry:1052832',
 'status': 'ready',
 'callable_signature_status': 'legacy_non_variadic_fallback',
 'fixed_argument_count': 0,
 'implicit_input_count': 0,
 'variadic_register_save_area': {'required': False,
                                 'status': 'not_required',
                                 'slots': [],
                                 'gp_slots': [],
                                 'sse_slots': [],
                                 'fixed_variadic_partition_status': 'deferred_to_entry_protocol_analysis',
                                 'source': 'abi_context.registers',
                                 'authority': 'ABI_C_carriers_plus_variadic_contract'},
 'overflow_argument_area': {'required': False,
                            'status': 'not_required',
                            'source': 'abi_context.overflow_argument_area',
                            'observed_stack_carriers': [],
                            'materialization': 'consume_preclassified_overflow_slots',
                            'offset_inference_allowed': False,
                            'authority': 'ABI_C_stack_carriers_or_variadic_protocol'},
 'variadic_al': {'required': False,
                 'status': 'not_required',
                 'source': 'abi_context.variadic_xmm_count',
                 'inputs': [],
                 'default_allowed': False,
                 'authority': 'ABI_C_variadic_xmm_count_contract'},
 'frame_base': {'required': False,
                'status': 'not_observed',
                'source': 'abi_context.frame_base',
                'inputs': [],
                'derive_from_parameter_names': False,
                'authority': 'ABI_C_frame_state_custody'},
 'tls_base': {'required': False,
              'status': 'not_observed',
              'source': 'abi_context.tls_base',
              'inputs': [],
              'derive_from_expression_names': False,
              'authority': 'ABI_C_tls_state_custody'},
 'return_contract': {'kind': 'pal_compute_return_carrier_contract_abi_d',
                     'version': 'v23b_abi_thunk_compatibility_return_reconciliation',
                     'status': 'return_width_proven_carrier_deferred',
                     'no_return': False,
                     'output_sid': None,
                     'output_width_bits': None,
                     'declared_width_bits': None,
                     'effective_result_width_bits': 64,
                     'declared_return': {'name': 'undefined',
                                         'display_name': 'undefined',
                                         'class_name': 'DefaultDataType',
                                         'length_bytes': 1,
                                         'width_bits': 8,
                                         'signed': None,
                                         'kind_hint': None},
                     'return_storage': {'repr': '<UNASSIGNED>',
                                        'size_bytes': 0,
                                        'flags': {'register': False,
                                                  'stack': False,
                                                  'memory': False,
                                                  'unassigned': True,
                                                  'void': False,
                                                  'auto': False},
                                        'pieces': [],
                                        'storage_keys': []},
                     'carrier_pieces': [],
                     'normalization': {'mode': 'mask_to_output_width',
                                       'width_bits': 64,
                                       'mask': 18446744073709551615},
                     'runtime_helper': None,
                     'runtime_helper_authority': 'no_ABI_runtime_helper_assigned',
                     'authority': 'reachable_raw_return_transport',
                     'reported_declared_width_bits': 8,
                     'declared_width_authoritative': False,
                     'declared_return_evidence_status': 'non_authoritative_default_or_unresolved_prototype',
                     'transport_width_bits': 64,
                     'logical_result_width_bits': 64,
                     'reachable_return_widths': [64],
                     'reachable_return_boundary_count': 1,
                     'unreachable_return_boundary_count': 0,
                     'deferred_return_boundary_count': 0},
 'reachable_return_boundaries': [{'block_addr': 1052832,
                                  'return_value_sid': 'c_0_8',
                                  'return_value_width_bits': 64,
                                  'return_transport_width_bits': 64,
                                  'return_logical_width_bits': 64,
                                  'return_declared_view': None,
                                  'return_boundary_authority': 'raw_return_register_transport',
                                  'return_reachability': 'reachable',
                                  'reachable_return': True,
                                  'execution_suppressed': False,
                                  'emission_policy': 'emit_reachable_return_boundary',
                                  'cut_by_no_return_blocks': [],
                                  'cut_by_no_return_call_op_keys': []}],
 'unreachable_return_boundaries': []}

[RETURN BOUNDARY RECONCILIATION]
{'kind': 'pal_compute_return_boundary_reconciliation_v23b',
 'version': 'v23b_abi_thunk_compatibility_return_reconciliation',
 'function': 'deregister_tm_clones',
 'entry_block_addr': 1052832,
 'cfg_evidence_available': True,
 'no_return_terminating_blocks': [],
 'no_return_call_op_keys': [],
 'return_boundaries': 1,
 'reachable_return_boundaries': 1,
 'unreachable_return_boundaries': 0,
 'deferred_return_boundaries': 0,
 'reachable_return_widths': [64],
 'width_reconciled': True,
 'synthetic_no_return_continuations_suppressed': 0,
 'rule': 'traverse_CFG_with_no_return_blocks_as_terminal_then_reconcile_reachable_raw_return_transports_only'}

[CALL SITE ABI PLANS]
===== END PAL COMPUTE ANALYZER =====


=========== SGL EXECUTION TREE ===========

sequence
  sequence
    block [0x1010a0]

=========== END TREE ===========

[SGL EXEC TREE PERSISTED] path=/home/rem/gh/PAL/pyghidra-PAL/PAL/PAL_logs/f_00000000001010a0_deregister_tm_clones.sgl.exec_tree.log mode=append temporary=False delete_on_completion=False

[PHI DROP-INS]
------------------------------------------------------------
------------------------------------------------------------
{'kind': 'phi_compute_consumer_inactive_v21',
 'reason': 'PALCompute_metadata_not_present',
 'version': 'v21_compute_contract_consumers'}
[]
          OK -> functions.f_00000000001010a0_deregister_tm_clones
[9/30] decompile Global::register_tm_clones @ 0x1010d0

===== CFG DEBUG =====

[EDGES]

[IPDOM]
0x1010d0 -> ipdom: None

=====================

===== PAL RESOLVER INDIRECT STORAGE v22c =====

[INVENTORY]
{'active': False,
 'address_tied_families': 0,
 'custody_transitions': 0,
 'effect_owner_groups': 0,
 'escape_barrier_sids': 0,
 'input_contracts': 0,
 'kind': 'resolver_indirect_storage_inventory_v22c',
 'machine_state_families': 0,
 'machine_state_sids': 0,
 'owner_categories': {},
 'parameter_initializers': 0,
 'persistent_families': 0,
 'rule': 'HighVariable_identity_families_plus_address_escape_alias_barrier',
 'runtime_order': 'CFG_governed_not_linearized',
 'storage_families': 0,
 'version': 'v22c_indirect_storage_families',
 'warnings': 0}

[STORAGE FAMILIES]

[PARAMETER INITIALIZERS / STORAGE WRITES]
[]

[WARNINGS]
[]
===== END PAL RESOLVER INDIRECT STORAGE =====

========================================================================
PALRAW AUDIT v0.3 :: raw instruction BLOCK p-code vs HF/PAL CFG
========================================================================

--- 0x10127f ---
Raw block  : 0x1010d0 -> next None
Instr count: 9
Terminal   : 0x1010f2 JZ 0x00101108
Raw succs  : ['0x101108', '0x1010f4']
Norm succs : ['0x1010fe', '0x101108']
HF block   : 0x1010d0
CFG edges  : []
STATUS     : successors_differ
NOTE       : Raw successor(s) missing from HF/PAL CFG: ['0x1010fe', '0x101108']
Raw instructions:
   0x1010d0  LEA RDI,[0x104028]
   0x1010d7  LEA RSI,[0x104028]
   0x1010de  SUB RSI,RDI
   0x1010e1  MOV RAX,RSI
   0x1010e4  SHR RSI,0x3f
   0x1010e8  SAR RAX,0x3
   0x1010ec  ADD RSI,RAX
   0x1010ef  SAR RSI,0x1
   0x1010f2  JZ 0x00101108
Terminal raw p-code:
     ---  CBRANCH (ram, 0x101108, 8) , (register, 0x206, 1)
HF/PAL ops :
HF/PAL term:
    RETURN [0x0] -> None

--- 0x1011b6 ---
Raw block  : 0x1010d0 -> next None
Instr count: 9
Terminal   : 0x1010f2 JZ 0x00101108
Raw succs  : ['0x101108', '0x1010f4']
Norm succs : ['0x1010fe', '0x101108']
HF block   : 0x1010d0
CFG edges  : []
STATUS     : successors_differ
NOTE       : Raw successor(s) missing from HF/PAL CFG: ['0x1010fe', '0x101108']
Raw instructions:
   0x1010d0  LEA RDI,[0x104028]
   0x1010d7  LEA RSI,[0x104028]
   0x1010de  SUB RSI,RDI
   0x1010e1  MOV RAX,RSI
   0x1010e4  SHR RSI,0x3f
   0x1010e8  SAR RAX,0x3
   0x1010ec  ADD RSI,RAX
   0x1010ef  SAR RSI,0x1
   0x1010f2  JZ 0x00101108
Terminal raw p-code:
     ---  CBRANCH (ram, 0x101108, 8) , (register, 0x206, 1)
HF/PAL ops :
HF/PAL term:
    RETURN [0x0] -> None

--- 0x101219 ---
Raw block  : 0x1010d0 -> next None
Instr count: 9
Terminal   : 0x1010f2 JZ 0x00101108
Raw succs  : ['0x101108', '0x1010f4']
Norm succs : ['0x1010fe', '0x101108']
HF block   : 0x1010d0
CFG edges  : []
STATUS     : successors_differ
NOTE       : Raw successor(s) missing from HF/PAL CFG: ['0x1010fe', '0x101108']
Raw instructions:
   0x1010d0  LEA RDI,[0x104028]
   0x1010d7  LEA RSI,[0x104028]
   0x1010de  SUB RSI,RDI
   0x1010e1  MOV RAX,RSI
   0x1010e4  SHR RSI,0x3f
   0x1010e8  SAR RAX,0x3
   0x1010ec  ADD RSI,RAX
   0x1010ef  SAR RSI,0x1
   0x1010f2  JZ 0x00101108
Terminal raw p-code:
     ---  CBRANCH (ram, 0x101108, 8) , (register, 0x206, 1)
HF/PAL ops :
HF/PAL term:
    RETURN [0x0] -> None

--- 0x10120f ---
Raw block  : 0x1010d0 -> next None
Instr count: 9
Terminal   : 0x1010f2 JZ 0x00101108
Raw succs  : ['0x101108', '0x1010f4']
Norm succs : ['0x1010fe', '0x101108']
HF block   : 0x1010d0
CFG edges  : []
STATUS     : successors_differ
NOTE       : Raw successor(s) missing from HF/PAL CFG: ['0x1010fe', '0x101108']
Raw instructions:
   0x1010d0  LEA RDI,[0x104028]
   0x1010d7  LEA RSI,[0x104028]
   0x1010de  SUB RSI,RDI
   0x1010e1  MOV RAX,RSI
   0x1010e4  SHR RSI,0x3f
   0x1010e8  SAR RAX,0x3
   0x1010ec  ADD RSI,RAX
   0x1010ef  SAR RSI,0x1
   0x1010f2  JZ 0x00101108
Terminal raw p-code:
     ---  CBRANCH (ram, 0x101108, 8) , (register, 0x206, 1)
HF/PAL ops :
HF/PAL term:
    RETURN [0x0] -> None

--- 0x101221 ---
Raw block  : 0x1010d0 -> next None
Instr count: 9
Terminal   : 0x1010f2 JZ 0x00101108
Raw succs  : ['0x101108', '0x1010f4']
Norm succs : ['0x1010fe', '0x101108']
HF block   : 0x1010d0
CFG edges  : []
STATUS     : successors_differ
NOTE       : Raw successor(s) missing from HF/PAL CFG: ['0x1010fe', '0x101108']
Raw instructions:
   0x1010d0  LEA RDI,[0x104028]
   0x1010d7  LEA RSI,[0x104028]
   0x1010de  SUB RSI,RDI
   0x1010e1  MOV RAX,RSI
   0x1010e4  SHR RSI,0x3f
   0x1010e8  SAR RAX,0x3
   0x1010ec  ADD RSI,RAX
   0x1010ef  SAR RSI,0x1
   0x1010f2  JZ 0x00101108
Terminal raw p-code:
     ---  CBRANCH (ram, 0x101108, 8) , (register, 0x206, 1)
HF/PAL ops :
HF/PAL term:
    RETURN [0x0] -> None

--- 0x101284 ---
Raw block  : 0x1010d0 -> next None
Instr count: 9
Terminal   : 0x1010f2 JZ 0x00101108
Raw succs  : ['0x101108', '0x1010f4']
Norm succs : ['0x1010fe', '0x101108']
HF block   : 0x1010d0
CFG edges  : []
STATUS     : successors_differ
NOTE       : Raw successor(s) missing from HF/PAL CFG: ['0x1010fe', '0x101108']
Raw instructions:
   0x1010d0  LEA RDI,[0x104028]
   0x1010d7  LEA RSI,[0x104028]
   0x1010de  SUB RSI,RDI
   0x1010e1  MOV RAX,RSI
   0x1010e4  SHR RSI,0x3f
   0x1010e8  SAR RAX,0x3
   0x1010ec  ADD RSI,RAX
   0x1010ef  SAR RSI,0x1
   0x1010f2  JZ 0x00101108
Terminal raw p-code:
     ---  CBRANCH (ram, 0x101108, 8) , (register, 0x206, 1)
HF/PAL ops :
HF/PAL term:
    RETURN [0x0] -> None

--- 0x10127f ---
Raw block  : 0x1010d0 -> next None
Instr count: 9
Terminal   : 0x1010f2 JZ 0x00101108
Raw succs  : ['0x101108', '0x1010f4']
Norm succs : ['0x1010fe', '0x101108']
HF block   : 0x1010d0
CFG edges  : []
STATUS     : successors_differ
NOTE       : Raw successor(s) missing from HF/PAL CFG: ['0x1010fe', '0x101108']
Raw instructions:
   0x1010d0  LEA RDI,[0x104028]
   0x1010d7  LEA RSI,[0x104028]
   0x1010de  SUB RSI,RDI
   0x1010e1  MOV RAX,RSI
   0x1010e4  SHR RSI,0x3f
   0x1010e8  SAR RAX,0x3
   0x1010ec  ADD RSI,RAX
   0x1010ef  SAR RSI,0x1
   0x1010f2  JZ 0x00101108
Terminal raw p-code:
     ---  CBRANCH (ram, 0x101108, 8) , (register, 0x206, 1)
HF/PAL ops :
HF/PAL term:
    RETURN [0x0] -> None

========================================================================

===== PAL COMPUTE ANALYZER =====
{'kind': 'pal_compute_inventory_v22',
 'version': 'v23b_abi_thunk_compatibility_return_reconciliation',
 'runtime_representation': 'raw_unsigned_bitvector_at_ssa_boundaries',
 'operations': 0,
 'output_plans': 0,
 'control_contracts': 1,
 'c_compute_filtered': 0,
 'use_site_overrides': 0,
 'return_observation_view_mismatches': 0,
 'storage_custody_related_ops': 0,
 'indirect_custody_contracts': 0,
 'indirect_custody_resolved': 0,
 'indirect_custody_deferred': 0,
 'indirect_effect_owner_compute_ops': 0,
 'storage_family_bindings': 0,
 'function_entry_abi_plan': True,
 'call_site_abi_plans': 0,
 'internal_call_plan_failures': 0,
 'unsupported_implicit_inputs': 0,
 'abi_runtime_helper_assignments': 0,
 'no_return_calls': 0,
 'reachable_return_boundaries': 1,
 'unreachable_return_boundaries': 0,
 'synthetic_no_return_continuations_suppressed': 0,
 'statuses': {},
 'categories': {},
 'helpers': {},
 'opcodes': {},
 'warnings': 0}

[WARNINGS]
[]

[METADATA-ONLY COMPUTE BOUNDARIES]

[HELPER-REQUIRED CONTRACTS]

[INDIRECT STORAGE-CUSTODY CONTRACTS]

[INDIRECT CUSTODY INVENTORY]
{'kind': 'pal_compute_indirect_custody_inventory_v22d',
 'version': 'v23b_abi_thunk_compatibility_return_reconciliation',
 'resolver_transitions': 0,
 'compute_indirect_contracts': 0,
 'resolved_custody': 0,
 'deferred_custody': 0,
 'effect_owner_compute_bindings': 0,
 'effect_owner_compute_ops': 0,
 'owner_categories': {},
 'storage_families': 0,
 'storage_sid_bindings': 0,
 'address_escape_barrier_sids': 0,
 'parameter_storage_initializers': 0,
 'runtime_helpers': 0,
 'warnings': 0,
 'rule': 'INDIRECT_is_metadata_only_owner_bound_storage_transition'}

[ABI-D ENTRY/CALL PLAN INVENTORY]
{'kind': 'pal_compute_abi_plan_inventory_v23',
 'version': 'v23b_abi_thunk_compatibility_return_reconciliation',
 'function': 'register_tm_clones',
 'entry_plan_present': True,
 'entry_plan_status': 'ready',
 'fixed_arguments': 0,
 'implicit_inputs': 0,
 'implicit_inputs_unsupported': 0,
 'call_compute_contracts': 0,
 'call_site_plans': 0,
 'call_sites_without_plan': 0,
 'call_statuses': {},
 'dispatch_classes': {},
 'internal_calls': 0,
 'internal_calls_with_target_compatible_plan': 0,
 'internal_calls_without_target_compatible_plan': 0,
 'internal_calls_with_deferred_target_compatibility': 0,
 'internal_calls_with_incompatible_target': 0,
 'internal_calls_without_transport_plan': 0,
 'external_calls': 0,
 'thunk_calls': 0,
 'external_via_thunk_calls': 0,
 'thunk_endpoint_deferred_calls': 0,
 'thunk_calls_misclassified_internal': 0,
 'target_compatibility_overclaims': 0,
 'no_return_calls': 0,
 'result_carrier_contracts': 0,
 'abi_runtime_helper_assignments': 0,
 'warnings': 0,
 'acceptance_gates': {'every_emitted_function_has_entry_plan': True,
                      'every_call_has_call_site_plan': True,
                      'every_internal_call_has_target_compatible_plan': True,
                      'every_internal_call_has_carrier_transport_plan': True,
                      'no_resolved_thunk_misclassified_internal': True,
                      'no_target_compatibility_overclaim': True,
                      'no_implicit_input_is_unsupported': True,
                      'no_runtime_helper_assigned_by_ABI_guesswork': True},
 'return_boundary_reconciliation': {'kind': 'pal_compute_return_boundary_reconciliation_v23b',
                                    'version': 'v23b_abi_thunk_compatibility_return_reconciliation',
                                    'function': 'register_tm_clones',
                                    'entry_block_addr': 1052880,
                                    'cfg_evidence_available': True,
                                    'no_return_terminating_blocks': [],
                                    'no_return_call_op_keys': [],
                                    'return_boundaries': 1,
                                    'reachable_return_boundaries': 1,
                                    'unreachable_return_boundaries': 0,
                                    'deferred_return_boundaries': 0,
                                    'reachable_return_widths': [64],
                                    'width_reconciled': True,
                                    'synthetic_no_return_continuations_suppressed': 0,
                                    'rule': 'traverse_CFG_with_no_return_blocks_as_terminal_then_reconcile_reachable_raw_return_transports_only'},
 'rule': 'ABI_A_B_C_authority_only_thunk_endpoint_and_compatibility_tri_state_no_downstream_argument_reinference'}

[FUNCTION ENTRY ABI PLAN]
{'plan_id': 'function_entry:1052880',
 'status': 'ready',
 'callable_signature_status': 'legacy_non_variadic_fallback',
 'fixed_argument_count': 0,
 'implicit_input_count': 0,
 'variadic_register_save_area': {'required': False,
                                 'status': 'not_required',
                                 'slots': [],
                                 'gp_slots': [],
                                 'sse_slots': [],
                                 'fixed_variadic_partition_status': 'deferred_to_entry_protocol_analysis',
                                 'source': 'abi_context.registers',
                                 'authority': 'ABI_C_carriers_plus_variadic_contract'},
 'overflow_argument_area': {'required': False,
                            'status': 'not_required',
                            'source': 'abi_context.overflow_argument_area',
                            'observed_stack_carriers': [],
                            'materialization': 'consume_preclassified_overflow_slots',
                            'offset_inference_allowed': False,
                            'authority': 'ABI_C_stack_carriers_or_variadic_protocol'},
 'variadic_al': {'required': False,
                 'status': 'not_required',
                 'source': 'abi_context.variadic_xmm_count',
                 'inputs': [],
                 'default_allowed': False,
                 'authority': 'ABI_C_variadic_xmm_count_contract'},
 'frame_base': {'required': False,
                'status': 'not_observed',
                'source': 'abi_context.frame_base',
                'inputs': [],
                'derive_from_parameter_names': False,
                'authority': 'ABI_C_frame_state_custody'},
 'tls_base': {'required': False,
              'status': 'not_observed',
              'source': 'abi_context.tls_base',
              'inputs': [],
              'derive_from_expression_names': False,
              'authority': 'ABI_C_tls_state_custody'},
 'return_contract': {'kind': 'pal_compute_return_carrier_contract_abi_d',
                     'version': 'v23b_abi_thunk_compatibility_return_reconciliation',
                     'status': 'return_width_proven_carrier_deferred',
                     'no_return': False,
                     'output_sid': None,
                     'output_width_bits': None,
                     'declared_width_bits': None,
                     'effective_result_width_bits': 64,
                     'declared_return': {'name': 'undefined',
                                         'display_name': 'undefined',
                                         'class_name': 'DefaultDataType',
                                         'length_bytes': 1,
                                         'width_bits': 8,
                                         'signed': None,
                                         'kind_hint': None},
                     'return_storage': {'repr': '<UNASSIGNED>',
                                        'size_bytes': 0,
                                        'flags': {'register': False,
                                                  'stack': False,
                                                  'memory': False,
                                                  'unassigned': True,
                                                  'void': False,
                                                  'auto': False},
                                        'pieces': [],
                                        'storage_keys': []},
                     'carrier_pieces': [],
                     'normalization': {'mode': 'mask_to_output_width',
                                       'width_bits': 64,
                                       'mask': 18446744073709551615},
                     'runtime_helper': None,
                     'runtime_helper_authority': 'no_ABI_runtime_helper_assigned',
                     'authority': 'reachable_raw_return_transport',
                     'reported_declared_width_bits': 8,
                     'declared_width_authoritative': False,
                     'declared_return_evidence_status': 'non_authoritative_default_or_unresolved_prototype',
                     'transport_width_bits': 64,
                     'logical_result_width_bits': 64,
                     'reachable_return_widths': [64],
                     'reachable_return_boundary_count': 1,
                     'unreachable_return_boundary_count': 0,
                     'deferred_return_boundary_count': 0},
 'reachable_return_boundaries': [{'block_addr': 1052880,
                                  'return_value_sid': 'c_0_8',
                                  'return_value_width_bits': 64,
                                  'return_transport_width_bits': 64,
                                  'return_logical_width_bits': 64,
                                  'return_declared_view': None,
                                  'return_boundary_authority': 'raw_return_register_transport',
                                  'return_reachability': 'reachable',
                                  'reachable_return': True,
                                  'execution_suppressed': False,
                                  'emission_policy': 'emit_reachable_return_boundary',
                                  'cut_by_no_return_blocks': [],
                                  'cut_by_no_return_call_op_keys': []}],
 'unreachable_return_boundaries': []}

[RETURN BOUNDARY RECONCILIATION]
{'kind': 'pal_compute_return_boundary_reconciliation_v23b',
 'version': 'v23b_abi_thunk_compatibility_return_reconciliation',
 'function': 'register_tm_clones',
 'entry_block_addr': 1052880,
 'cfg_evidence_available': True,
 'no_return_terminating_blocks': [],
 'no_return_call_op_keys': [],
 'return_boundaries': 1,
 'reachable_return_boundaries': 1,
 'unreachable_return_boundaries': 0,
 'deferred_return_boundaries': 0,
 'reachable_return_widths': [64],
 'width_reconciled': True,
 'synthetic_no_return_continuations_suppressed': 0,
 'rule': 'traverse_CFG_with_no_return_blocks_as_terminal_then_reconcile_reachable_raw_return_transports_only'}

[CALL SITE ABI PLANS]
===== END PAL COMPUTE ANALYZER =====


=========== SGL EXECUTION TREE ===========

sequence
  sequence
    block [0x1010d0]

=========== END TREE ===========

[SGL EXEC TREE PERSISTED] path=/home/rem/gh/PAL/pyghidra-PAL/PAL/PAL_logs/f_00000000001010d0_register_tm_clones.sgl.exec_tree.log mode=append temporary=False delete_on_completion=False

[PHI DROP-INS]
------------------------------------------------------------
------------------------------------------------------------
{'kind': 'phi_compute_consumer_inactive_v21',
 'reason': 'PALCompute_metadata_not_present',
 'version': 'v21_compute_contract_consumers'}
[]
          OK -> functions.f_00000000001010d0_register_tm_clones
[10/30] decompile Global::__do_global_dtors_aux @ 0x101110

===== CFG DEBUG =====

[EDGES]
0x101114 -> 0x101148  true raw=true role=raw_true_explicit_target pol=fallthrough inv=True edge=cfg-edge-v1:0x101114->0x101148 direct_join=False
0x101114 -> 0x10111d  false raw=false role=raw_false_fallthrough pol=fallthrough inv=False edge=cfg-edge-v1:0x101114->0x10111d direct_join=False
0x10111d -> 0x101137  true raw=true role=raw_true_explicit_target pol=fallthrough inv=True edge=cfg-edge-v1:0x10111d->0x101137 direct_join=True
0x10111d -> 0x10112b  false raw=false role=raw_false_fallthrough pol=fallthrough inv=False edge=cfg-edge-v1:0x10111d->0x10112b direct_join=False
0x10112b -> 0x101137  uncond raw=uncond role=uncond pol=unknown inv=None edge=cfg-edge-v1:0x10112b->0x101137 direct_join=False
0x101137 -> EXIT  uncond raw=uncond role=uncond pol=unknown inv=None edge=cfg-edge-v1:0x101137->EXIT direct_join=False
0x101148 -> EXIT  uncond raw=uncond role=uncond pol=unknown inv=None edge=cfg-edge-v1:0x101148->EXIT direct_join=False

[BRANCH RESOLUTION EVENTS]
{'kind': 'binary_branch_truth_bound_by_evidence_class_v21d', 'src': 1052948, 'first_dst': 1053000, 'second_dst': 1052957, 'hf_target': 1053000, 'hf_normalized_target': 1053000, 'direct_dst': 1052957, 'first_invert': True, 'second_invert': False, 'condition_truth_authority': 'raw_jcc_hf_relation_direct_flags', 'reason': 'branch_truth_evidence_v21d hf_target=0x101148 raw_target=0x101148 raw_fallthrough=0x10111d legacy_hint=(mnemonic=JNZ hf_cond_opcode=INT_EQUAL) class=direct_flags', 'relation_evidence': {'version': 'ordered_relation_algebra_v23e', 'status': 'unresolved', 'mnemonic': 'JNZ', 'raw_relation': None, 'raw_domain': None, 'hf_opcode': 'INT_EQUAL', 'hf_relation': None, 'hf_domain': None, 'operand_profile': {'status': 'unresolved', 'reason': 'constant_threshold_requires_exact_value_custody', 'operand_count': 2, 'left_sid': 'v_312', 'right_sid': 'c_0_1', 'left_identity': ('high', 'high_rep:312'), 'right_identity': ('constant', 8, 0), 'left_width_bits': 8, 'right_width_bits': 8, 'left_constant': False, 'right_constant': True}, 'operand_orientation': None, 'relation_to_hf': None, 'invert_for_target': None, 'invert_for_fallthrough': None, 'reason': 'ordered_relation_family_not_applicable', 'legacy_hint_resolved': True, 'selected_as_authority': False}, 'boolean_carrier_evidence': {'status': 'proven_boolean', 'reason': 'comparison_result_is_boolean', 'root_opcode': 'INT_EQUAL', 'contains_multiequal': False, 'depth': 0}}
{'kind': 'binary_branch_truth_bound_by_evidence_class_v21d', 'src': 1052957, 'first_dst': 1052983, 'second_dst': 1052971, 'hf_target': 1052983, 'hf_normalized_target': 1052983, 'direct_dst': 1052971, 'first_invert': True, 'second_invert': False, 'condition_truth_authority': 'raw_jcc_hf_relation_direct_flags', 'reason': 'branch_truth_evidence_v21d hf_target=0x101137 raw_target=0x101137 raw_fallthrough=0x10112b legacy_hint=(mnemonic=JZ hf_cond_opcode=INT_NOTEQUAL) class=direct_flags', 'relation_evidence': {'version': 'ordered_relation_algebra_v23e', 'status': 'unresolved', 'mnemonic': 'JZ', 'raw_relation': None, 'raw_domain': None, 'hf_opcode': 'INT_NOTEQUAL', 'hf_relation': None, 'hf_domain': None, 'operand_profile': {'status': 'unresolved', 'reason': 'constant_threshold_requires_exact_value_custody', 'operand_count': 2, 'left_sid': 'v_313', 'right_sid': 'c_0_8', 'left_identity': ('high', 'high_rep:313'), 'right_identity': ('constant', 64, 0), 'left_width_bits': 64, 'right_width_bits': 64, 'left_constant': False, 'right_constant': True}, 'operand_orientation': None, 'relation_to_hf': None, 'invert_for_target': None, 'invert_for_fallthrough': None, 'reason': 'ordered_relation_family_not_applicable', 'legacy_hint_resolved': True, 'selected_as_authority': False}, 'boolean_carrier_evidence': {'status': 'proven_boolean', 'reason': 'comparison_result_is_boolean', 'root_opcode': 'INT_NOTEQUAL', 'contains_multiequal': False, 'depth': 0}}

[EDGE IDENTITY v23 / BOHDI EMPEROR]
{'kind': 'cfg_edge_identity_inventory_v23', 'version': 'FunctionCFG_v23e_clothed_emperor_cfg_truth', 'id_schema': 'cfg_edge_identity_v1', 'canonical_identity': '(src_addr,dst_addr)', 'edges': 7, 'unique_edge_keys': 7, 'binary_cbranch_edges': 4, 'direct_join_edges': 1, 'direct_join_branch_arm_edges': 1, 'direct_join_loop_exit_edges': 0, 'direct_join_empty_arm_candidates': 1, 'warnings': 0, 'topology_mutations': 0, 'polarity_mutations': 0, 'rule': 'freeze_repaired_CFG_edge_identity_then_mark_exact_binary_CBRANCH_edge_to_IPDOM'}
{'edge_id': [1052957, 1052983], 'edge_key': 'cfg-edge-v1:0x10111d->0x101137', 'branch_owner_addr': 1052957, 'join_addr': 1052983, 'branch_role': 'true', 'authority': 'FunctionCFG_repaired_topology_plus_IPDOM_v23'}

[IPDOM]
0x101114 -> ipdom: EXIT
0x10111d -> ipdom: 0x101137
0x10112b -> ipdom: 0x101137
0x101137 -> ipdom: EXIT
0x101148 -> ipdom: EXIT

=====================

===== PAL RESOLVER INDIRECT STORAGE v22c =====

[INVENTORY]
{'active': True,
 'address_tied_families': 3,
 'custody_transitions': 6,
 'effect_owner_groups': 2,
 'escape_barrier_sids': 12,
 'input_contracts': 6,
 'kind': 'resolver_indirect_storage_inventory_v22c',
 'machine_state_families': 0,
 'machine_state_sids': 0,
 'owner_categories': {'call_boundary': 6},
 'parameter_initializers': 0,
 'persistent_families': 3,
 'rule': 'HighVariable_identity_families_plus_address_escape_alias_barrier',
 'runtime_order': 'CFG_governed_not_linearized',
 'storage_families': 3,
 'version': 'v22c_indirect_storage_families',
 'warnings': 0}

[STORAGE FAMILIES]
{'address_tied': True,
 'classification': 'persistent_address_tied_storage',
 'entry_sids': ['v_312', 'v_289'],
 'family_id': 'storage_family:high_rep:312',
 'high_identity_key': 'high_rep:312',
 'high_name': 'completed.0',
 'member_sids': ['v_312', 'v_280', 'v_289', 'v_283'],
 'parameter_initializers': 0,
 'persistent': True,
 'transitions': 2}
{'address_tied': True,
 'classification': 'persistent_address_tied_storage',
 'entry_sids': ['v_313', 'v_263'],
 'family_id': 'storage_family:high_rep:313',
 'high_identity_key': 'high_rep:313',
 'high_name': 'PTR___cxa_finalize_00103fe0',
 'member_sids': ['v_313', 'v_254', 'v_263', 'v_257'],
 'parameter_initializers': 0,
 'persistent': True,
 'transitions': 2}
{'address_tied': True,
 'classification': 'persistent_address_tied_storage',
 'entry_sids': ['v_314', 'v_276'],
 'family_id': 'storage_family:high_rep:314',
 'high_identity_key': 'high_rep:314',
 'high_name': '__dso_handle',
 'member_sids': ['v_314', 'v_267', 'v_276', 'v_270'],
 'parameter_initializers': 0,
 'persistent': True,
 'transitions': 2}

[PARAMETER INITIALIZERS / STORAGE WRITES]
[]

[WARNINGS]
[]
===== END PAL RESOLVER INDIRECT STORAGE =====

========================================================================
PALRAW AUDIT v0.3 :: raw instruction BLOCK p-code vs HF/PAL CFG
========================================================================

--- 0x10127f ---
Raw block  : 0x101148 -> next None
Instr count: 1
Terminal   : 0x101148 RET
Raw succs  : []
Norm succs : []
HF block   : 0x101148
CFG edges  : ['EXIT role=uncond raw=uncond']
STATUS     : successors_differ
NOTE       : HF/PAL successor(s) not seen in raw terminal successors: ['EXIT']
Raw instructions:
   0x101148  RET
Terminal raw p-code:
    (register, 0x288, 8) LOAD (const, 0x1b1, 8) , (register, 0x20, 8)
    (register, 0x20, 8) INT_ADD (register, 0x20, 8) , (const, 0x8, 8)
     ---  RETURN (register, 0x288, 8)
HF/PAL ops :
    COPY [PTR___cxa_finalize_00103fe0] -> PTR___cxa_finalize_00103fe0
    COPY [__dso_handle] -> __dso_handle
    COPY [completed.0] -> completed.0
HF/PAL term:
    RETURN [0x0] -> None

--- 0x1011b6 ---
Raw block  : 0x101148 -> next None
Instr count: 1
Terminal   : 0x101148 RET
Raw succs  : []
Norm succs : []
HF block   : 0x101148
CFG edges  : ['EXIT role=uncond raw=uncond']
STATUS     : successors_differ
NOTE       : HF/PAL successor(s) not seen in raw terminal successors: ['EXIT']
Raw instructions:
   0x101148  RET
Terminal raw p-code:
    (register, 0x288, 8) LOAD (const, 0x1b1, 8) , (register, 0x20, 8)
    (register, 0x20, 8) INT_ADD (register, 0x20, 8) , (const, 0x8, 8)
     ---  RETURN (register, 0x288, 8)
HF/PAL ops :
    COPY [PTR___cxa_finalize_00103fe0] -> PTR___cxa_finalize_00103fe0
    COPY [__dso_handle] -> __dso_handle
    COPY [completed.0] -> completed.0
HF/PAL term:
    RETURN [0x0] -> None

--- 0x101219 ---
Raw block  : 0x101148 -> next None
Instr count: 1
Terminal   : 0x101148 RET
Raw succs  : []
Norm succs : []
HF block   : 0x101148
CFG edges  : ['EXIT role=uncond raw=uncond']
STATUS     : successors_differ
NOTE       : HF/PAL successor(s) not seen in raw terminal successors: ['EXIT']
Raw instructions:
   0x101148  RET
Terminal raw p-code:
    (register, 0x288, 8) LOAD (const, 0x1b1, 8) , (register, 0x20, 8)
    (register, 0x20, 8) INT_ADD (register, 0x20, 8) , (const, 0x8, 8)
     ---  RETURN (register, 0x288, 8)
HF/PAL ops :
    COPY [PTR___cxa_finalize_00103fe0] -> PTR___cxa_finalize_00103fe0
    COPY [__dso_handle] -> __dso_handle
    COPY [completed.0] -> completed.0
HF/PAL term:
    RETURN [0x0] -> None

--- 0x10120f ---
Raw block  : 0x101148 -> next None
Instr count: 1
Terminal   : 0x101148 RET
Raw succs  : []
Norm succs : []
HF block   : 0x101148
CFG edges  : ['EXIT role=uncond raw=uncond']
STATUS     : successors_differ
NOTE       : HF/PAL successor(s) not seen in raw terminal successors: ['EXIT']
Raw instructions:
   0x101148  RET
Terminal raw p-code:
    (register, 0x288, 8) LOAD (const, 0x1b1, 8) , (register, 0x20, 8)
    (register, 0x20, 8) INT_ADD (register, 0x20, 8) , (const, 0x8, 8)
     ---  RETURN (register, 0x288, 8)
HF/PAL ops :
    COPY [PTR___cxa_finalize_00103fe0] -> PTR___cxa_finalize_00103fe0
    COPY [__dso_handle] -> __dso_handle
    COPY [completed.0] -> completed.0
HF/PAL term:
    RETURN [0x0] -> None

--- 0x101221 ---
Raw block  : 0x101148 -> next None
Instr count: 1
Terminal   : 0x101148 RET
Raw succs  : []
Norm succs : []
HF block   : 0x101148
CFG edges  : ['EXIT role=uncond raw=uncond']
STATUS     : successors_differ
NOTE       : HF/PAL successor(s) not seen in raw terminal successors: ['EXIT']
Raw instructions:
   0x101148  RET
Terminal raw p-code:
    (register, 0x288, 8) LOAD (const, 0x1b1, 8) , (register, 0x20, 8)
    (register, 0x20, 8) INT_ADD (register, 0x20, 8) , (const, 0x8, 8)
     ---  RETURN (register, 0x288, 8)
HF/PAL ops :
    COPY [PTR___cxa_finalize_00103fe0] -> PTR___cxa_finalize_00103fe0
    COPY [__dso_handle] -> __dso_handle
    COPY [completed.0] -> completed.0
HF/PAL term:
    RETURN [0x0] -> None

--- 0x101284 ---
Raw block  : 0x101148 -> next None
Instr count: 1
Terminal   : 0x101148 RET
Raw succs  : []
Norm succs : []
HF block   : 0x101148
CFG edges  : ['EXIT role=uncond raw=uncond']
STATUS     : successors_differ
NOTE       : HF/PAL successor(s) not seen in raw terminal successors: ['EXIT']
Raw instructions:
   0x101148  RET
Terminal raw p-code:
    (register, 0x288, 8) LOAD (const, 0x1b1, 8) , (register, 0x20, 8)
    (register, 0x20, 8) INT_ADD (register, 0x20, 8) , (const, 0x8, 8)
     ---  RETURN (register, 0x288, 8)
HF/PAL ops :
    COPY [PTR___cxa_finalize_00103fe0] -> PTR___cxa_finalize_00103fe0
    COPY [__dso_handle] -> __dso_handle
    COPY [completed.0] -> completed.0
HF/PAL term:
    RETURN [0x0] -> None

--- 0x10127f ---
Raw block  : 0x101148 -> next None
Instr count: 1
Terminal   : 0x101148 RET
Raw succs  : []
Norm succs : []
HF block   : 0x101148
CFG edges  : ['EXIT role=uncond raw=uncond']
STATUS     : successors_differ
NOTE       : HF/PAL successor(s) not seen in raw terminal successors: ['EXIT']
Raw instructions:
   0x101148  RET
Terminal raw p-code:
    (register, 0x288, 8) LOAD (const, 0x1b1, 8) , (register, 0x20, 8)
    (register, 0x20, 8) INT_ADD (register, 0x20, 8) , (const, 0x8, 8)
     ---  RETURN (register, 0x288, 8)
HF/PAL ops :
    COPY [PTR___cxa_finalize_00103fe0] -> PTR___cxa_finalize_00103fe0
    COPY [__dso_handle] -> __dso_handle
    COPY [completed.0] -> completed.0
HF/PAL term:
    RETURN [0x0] -> None

========================================================================

===== PAL COMPUTE ANALYZER =====
{'kind': 'pal_compute_inventory_v22',
 'version': 'v23b_abi_thunk_compatibility_return_reconciliation',
 'runtime_representation': 'raw_unsigned_bitvector_at_ssa_boundaries',
 'operations': 20,
 'output_plans': 18,
 'control_contracts': 4,
 'c_compute_filtered': 19,
 'use_site_overrides': 0,
 'return_observation_view_mismatches': 0,
 'storage_custody_related_ops': 18,
 'indirect_custody_contracts': 6,
 'indirect_custody_resolved': 6,
 'indirect_custody_deferred': 0,
 'indirect_effect_owner_compute_ops': 2,
 'storage_family_bindings': 12,
 'function_entry_abi_plan': True,
 'call_site_abi_plans': 2,
 'internal_call_plan_failures': 1,
 'unsupported_implicit_inputs': 0,
 'abi_runtime_helper_assignments': 0,
 'no_return_calls': 0,
 'reachable_return_boundaries': 2,
 'unreachable_return_boundaries': 0,
 'synthetic_no_return_continuations_suppressed': 0,
 'statuses': {'helper_required': 2,
              'metadata_only': 16,
              'deferred_external': 2},
 'categories': {'comparison': 2,
                'transport': 7,
                'storage_custody': 6,
                'call_boundary': 2,
                'phi_merge': 3},
 'helpers': {'c_eq': 1, 'c_ne': 1},
 'opcodes': {'INT_EQUAL': 1,
             'COPY': 7,
             'INT_NOTEQUAL': 1,
             'INDIRECT': 6,
             'CALL': 2,
             'MULTIEQUAL': 3},
 'warnings': 0}

[WARNINGS]
[]

[METADATA-ONLY COMPUTE BOUNDARIES]
0x101148 COPY ['v_313'] -> v_261 classification=bit_preserving_copy
0x101148 COPY ['v_314'] -> v_274 classification=bit_preserving_copy
0x101148 COPY ['v_312'] -> v_287 classification=bit_preserving_copy
0x10112b INDIRECT ['v_313', 'c_30_4'] -> v_254 classification=None
0x10112b INDIRECT ['v_314', 'c_30_4'] -> v_267 classification=None
0x10112b INDIRECT ['v_312', 'c_30_4'] -> v_280 classification=None
0x101137 MULTIEQUAL ['v_312', 'v_280'] -> v_289 classification=None
0x101137 MULTIEQUAL ['v_314', 'v_267'] -> v_276 classification=None
0x101137 MULTIEQUAL ['v_313', 'v_254'] -> v_263 classification=None
0x101137 INDIRECT ['v_263', 'c_33_4'] -> v_257 classification=None
0x101137 INDIRECT ['v_276', 'c_33_4'] -> v_270 classification=None
0x101137 INDIRECT ['v_289', 'c_33_4'] -> v_283 classification=None
0x101137 COPY ['c_1_1'] -> v_90 classification=same_width_copy_recast
0x101137 COPY ['v_257'] -> v_259 classification=bit_preserving_copy
0x101137 COPY ['v_270'] -> v_272 classification=bit_preserving_copy

[HELPER-REQUIRED CONTRACTS]
0x101114 INT_EQUAL v_14 helper=c_eq widths=[8, 8]->8 overrides=0
0x10111d INT_NOTEQUAL v_54 helper=c_ne widths=[64, 64]->8 overrides=0

[INDIRECT STORAGE-CUSTODY CONTRACTS]
0x10112b v_313 -> v_254 family=storage_family:high_rep:313 owner=CALL/0x1e owner_compute=1052971:(ram, 0x101132, 30, 3):3 status=metadata_only
0x10112b v_314 -> v_267 family=storage_family:high_rep:314 owner=CALL/0x1e owner_compute=1052971:(ram, 0x101132, 30, 3):3 status=metadata_only
0x10112b v_312 -> v_280 family=storage_family:high_rep:312 owner=CALL/0x1e owner_compute=1052971:(ram, 0x101132, 30, 3):3 status=metadata_only
0x101137 v_263 -> v_257 family=storage_family:high_rep:313 owner=CALL/0x21 owner_compute=1052983:(ram, 0x101137, 33, 6):6 status=metadata_only
0x101137 v_276 -> v_270 family=storage_family:high_rep:314 owner=CALL/0x21 owner_compute=1052983:(ram, 0x101137, 33, 6):6 status=metadata_only
0x101137 v_289 -> v_283 family=storage_family:high_rep:312 owner=CALL/0x21 owner_compute=1052983:(ram, 0x101137, 33, 6):6 status=metadata_only

[INDIRECT CUSTODY INVENTORY]
{'kind': 'pal_compute_indirect_custody_inventory_v22d',
 'version': 'v23b_abi_thunk_compatibility_return_reconciliation',
 'resolver_transitions': 6,
 'compute_indirect_contracts': 6,
 'resolved_custody': 6,
 'deferred_custody': 0,
 'effect_owner_compute_bindings': 6,
 'effect_owner_compute_ops': 2,
 'owner_categories': {'call_boundary': 6},
 'storage_families': 3,
 'storage_sid_bindings': 12,
 'address_escape_barrier_sids': 12,
 'parameter_storage_initializers': 0,
 'runtime_helpers': 0,
 'warnings': 0,
 'rule': 'INDIRECT_is_metadata_only_owner_bound_storage_transition'}

[ABI-D ENTRY/CALL PLAN INVENTORY]
{'kind': 'pal_compute_abi_plan_inventory_v23',
 'version': 'v23b_abi_thunk_compatibility_return_reconciliation',
 'function': '__do_global_dtors_aux',
 'entry_plan_present': True,
 'entry_plan_status': 'ready',
 'fixed_arguments': 0,
 'implicit_inputs': 0,
 'implicit_inputs_unsupported': 0,
 'call_compute_contracts': 2,
 'call_site_plans': 2,
 'call_sites_without_plan': 0,
 'call_statuses': {'deferred_target_dispatch': 1, 'ready': 1},
 'dispatch_classes': {'resolved_thunk_endpoint_deferred': 1,
                      'internal_resolved': 1},
 'internal_calls': 1,
 'internal_calls_with_target_compatible_plan': 0,
 'internal_calls_without_target_compatible_plan': 1,
 'internal_calls_with_deferred_target_compatibility': 1,
 'internal_calls_with_incompatible_target': 0,
 'internal_calls_without_transport_plan': 0,
 'external_calls': 0,
 'thunk_calls': 1,
 'external_via_thunk_calls': 0,
 'thunk_endpoint_deferred_calls': 1,
 'thunk_calls_misclassified_internal': 0,
 'target_compatibility_overclaims': 0,
 'no_return_calls': 0,
 'result_carrier_contracts': 2,
 'abi_runtime_helper_assignments': 0,
 'warnings': 0,
 'acceptance_gates': {'every_emitted_function_has_entry_plan': True,
                      'every_call_has_call_site_plan': True,
                      'every_internal_call_has_target_compatible_plan': False,
                      'every_internal_call_has_carrier_transport_plan': True,
                      'no_resolved_thunk_misclassified_internal': True,
                      'no_target_compatibility_overclaim': True,
                      'no_implicit_input_is_unsupported': True,
                      'no_runtime_helper_assigned_by_ABI_guesswork': True},
 'return_boundary_reconciliation': {'kind': 'pal_compute_return_boundary_reconciliation_v23b',
                                    'version': 'v23b_abi_thunk_compatibility_return_reconciliation',
                                    'function': '__do_global_dtors_aux',
                                    'entry_block_addr': 1052948,
                                    'cfg_evidence_available': True,
                                    'no_return_terminating_blocks': [],
                                    'no_return_call_op_keys': [],
                                    'return_boundaries': 2,
                                    'reachable_return_boundaries': 2,
                                    'unreachable_return_boundaries': 0,
                                    'deferred_return_boundaries': 0,
                                    'reachable_return_widths': [64],
                                    'width_reconciled': True,
                                    'synthetic_no_return_continuations_suppressed': 0,
                                    'rule': 'traverse_CFG_with_no_return_blocks_as_terminal_then_reconcile_reachable_raw_return_transports_only'},
 'rule': 'ABI_A_B_C_authority_only_thunk_endpoint_and_compatibility_tri_state_no_downstream_argument_reinference'}

[FUNCTION ENTRY ABI PLAN]
{'plan_id': 'function_entry:1052944',
 'status': 'ready',
 'callable_signature_status': 'legacy_non_variadic_fallback',
 'fixed_argument_count': 0,
 'implicit_input_count': 0,
 'variadic_register_save_area': {'required': False,
                                 'status': 'not_required',
                                 'slots': [],
                                 'gp_slots': [],
                                 'sse_slots': [],
                                 'fixed_variadic_partition_status': 'deferred_to_entry_protocol_analysis',
                                 'source': 'abi_context.registers',
                                 'authority': 'ABI_C_carriers_plus_variadic_contract'},
 'overflow_argument_area': {'required': False,
                            'status': 'not_required',
                            'source': 'abi_context.overflow_argument_area',
                            'observed_stack_carriers': [],
                            'materialization': 'consume_preclassified_overflow_slots',
                            'offset_inference_allowed': False,
                            'authority': 'ABI_C_stack_carriers_or_variadic_protocol'},
 'variadic_al': {'required': False,
                 'status': 'not_required',
                 'source': 'abi_context.variadic_xmm_count',
                 'inputs': [],
                 'default_allowed': False,
                 'authority': 'ABI_C_variadic_xmm_count_contract'},
 'frame_base': {'required': False,
                'status': 'not_observed',
                'source': 'abi_context.frame_base',
                'inputs': [],
                'derive_from_parameter_names': False,
                'authority': 'ABI_C_frame_state_custody'},
 'tls_base': {'required': False,
              'status': 'not_observed',
              'source': 'abi_context.tls_base',
              'inputs': [],
              'derive_from_expression_names': False,
              'authority': 'ABI_C_tls_state_custody'},
 'return_contract': {'kind': 'pal_compute_return_carrier_contract_abi_d',
                     'version': 'v23b_abi_thunk_compatibility_return_reconciliation',
                     'status': 'return_width_proven_carrier_deferred',
                     'no_return': False,
                     'output_sid': None,
                     'output_width_bits': None,
                     'declared_width_bits': None,
                     'effective_result_width_bits': 64,
                     'declared_return': {'name': 'undefined',
                                         'display_name': 'undefined',
                                         'class_name': 'DefaultDataType',
                                         'length_bytes': 1,
                                         'width_bits': 8,
                                         'signed': None,
                                         'kind_hint': None},
                     'return_storage': {'repr': '<UNASSIGNED>',
                                        'size_bytes': 0,
                                        'flags': {'register': False,
                                                  'stack': False,
                                                  'memory': False,
                                                  'unassigned': True,
                                                  'void': False,
                                                  'auto': False},
                                        'pieces': [],
                                        'storage_keys': []},
                     'carrier_pieces': [],
                     'normalization': {'mode': 'mask_to_output_width',
                                       'width_bits': 64,
                                       'mask': 18446744073709551615},
                     'runtime_helper': None,
                     'runtime_helper_authority': 'no_ABI_runtime_helper_assigned',
                     'authority': 'reachable_raw_return_transport',
                     'reported_declared_width_bits': 8,
                     'declared_width_authoritative': False,
                     'declared_return_evidence_status': 'non_authoritative_default_or_unresolved_prototype',
                     'transport_width_bits': 64,
                     'logical_result_width_bits': 64,
                     'reachable_return_widths': [64],
                     'reachable_return_boundary_count': 2,
                     'unreachable_return_boundary_count': 0,
                     'deferred_return_boundary_count': 0},
 'reachable_return_boundaries': [{'block_addr': 1053000,
                                  'return_value_sid': 'c_0_8',
                                  'return_value_width_bits': 64,
                                  'return_transport_width_bits': 64,
                                  'return_logical_width_bits': 64,
                                  'return_declared_view': None,
                                  'return_boundary_authority': 'raw_return_register_transport',
                                  'return_reachability': 'reachable',
                                  'reachable_return': True,
                                  'execution_suppressed': False,
                                  'emission_policy': 'emit_reachable_return_boundary',
                                  'cut_by_no_return_blocks': [],
                                  'cut_by_no_return_call_op_keys': []},
                                 {'block_addr': 1052983,
                                  'return_value_sid': 'c_0_8',
                                  'return_value_width_bits': 64,
                                  'return_transport_width_bits': 64,
                                  'return_logical_width_bits': 64,
                                  'return_declared_view': None,
                                  'return_boundary_authority': 'raw_return_register_transport',
                                  'return_reachability': 'reachable',
                                  'reachable_return': True,
                                  'execution_suppressed': False,
                                  'emission_policy': 'emit_reachable_return_boundary',
                                  'cut_by_no_return_blocks': [],
                                  'cut_by_no_return_call_op_keys': []}],
 'unreachable_return_boundaries': []}

[RETURN BOUNDARY RECONCILIATION]
{'kind': 'pal_compute_return_boundary_reconciliation_v23b',
 'version': 'v23b_abi_thunk_compatibility_return_reconciliation',
 'function': '__do_global_dtors_aux',
 'entry_block_addr': 1052948,
 'cfg_evidence_available': True,
 'no_return_terminating_blocks': [],
 'no_return_call_op_keys': [],
 'return_boundaries': 2,
 'reachable_return_boundaries': 2,
 'unreachable_return_boundaries': 0,
 'deferred_return_boundaries': 0,
 'reachable_return_widths': [64],
 'width_reconciled': True,
 'synthetic_no_return_continuations_suppressed': 0,
 'rule': 'traverse_CFG_with_no_return_blocks_as_terminal_then_reconcile_reachable_raw_return_transports_only'}

[CALL SITE ABI PLANS]
{'op_key': '1052971:(ram, 0x101132, 30, 3):3',
 'target': '__cxa_finalize',
 'dispatch_class': 'resolved_thunk_endpoint_deferred',
 'status': 'deferred_target_dispatch',
 'argument_count': 1,
 'carrier_allocation_status': 'complete',
 'target_compatibility_status': 'deferred',
 'target_compatible': None,
 'no_return': False,
 'result_width_bits': 8}
{'op_key': '1052983:(ram, 0x101137, 33, 6):6',
 'target': 'deregister_tm_clones',
 'dispatch_class': 'internal_resolved',
 'status': 'ready',
 'argument_count': 0,
 'carrier_allocation_status': 'complete',
 'target_compatibility_status': 'deferred',
 'target_compatible': None,
 'no_return': False,
 'result_width_bits': 8}
===== END PAL COMPUTE ANALYZER =====


=========== SGL EXECUTION TREE ===========

sequence
  if [cond=not ((completed.0 == 0))]
    then
      sequence
        block [0x101148]
    else
      if [cond=not ((PTR___cxa_finalize_00103fe0 != 0))]
        then [direct_join=True edge=(1052957, 1052983) pred=1052957 join=1052983]
        else
          sequence
            block [0x10112b]
      sequence
        block [0x101137]
  sequence

=========== END TREE ===========

[SGL EXEC TREE PERSISTED] path=/home/rem/gh/PAL/pyghidra-PAL/PAL/PAL_logs/f_0000000000101114_do_global_dtors_aux.sgl.exec_tree.log mode=append temporary=False delete_on_completion=False

[PHI DROP-INS]
------------------------------------------------------------
pred=0x10111d -> join=0x101137 :: PTR___cxa_finalize_00103fe0 = PTR___cxa_finalize_00103fe0
pred=0x10111d -> join=0x101137 :: __dso_handle = __dso_handle
pred=0x10111d -> join=0x101137 :: completed_0 = completed_0
------------------------------------------------------------
{'active': True,
 'bound_plans': 18,
 'control_contracts_forwarded': 4,
 'input_op_contracts': 20,
 'input_plans': 18,
 'kind': 'phi_compute_consumer_inventory_v21',
 'outputless_contracts_forwarded': 2,
 'phi_merge_contracts': 3,
 'phi_transition_contracts': 3,
 'preserved_compute_boundaries': 17,
 'preserved_deferred_contracts': 0,
 'preserved_outputless_boundaries': 2,
 'preserved_outputless_deferred_contracts': 2,
 'preserved_outputless_helpers': 0,
 'preserved_runtime_helpers': 2,
 'rule': 'preserve_PALCompute_authority_remap_execution_destination_only',
 'state_alias_bindings': 0,
 'transition_owners': {'predecessor_phi_dropin': 3},
 'version': 'v21_compute_contract_consumers',
 'warnings': 0}
[]
          OK -> functions.f_0000000000101110_do_global_dtors_aux
[11/30] decompile Global::frame_dummy @ 0x101150

===== CFG DEBUG =====

[EDGES]

[IPDOM]
0x101154 -> ipdom: None

=====================

===== PAL RESOLVER INDIRECT STORAGE v22c =====

[INVENTORY]
{'active': False,
 'address_tied_families': 0,
 'custody_transitions': 0,
 'effect_owner_groups': 0,
 'escape_barrier_sids': 0,
 'input_contracts': 0,
 'kind': 'resolver_indirect_storage_inventory_v22c',
 'machine_state_families': 0,
 'machine_state_sids': 0,
 'owner_categories': {},
 'parameter_initializers': 0,
 'persistent_families': 0,
 'rule': 'HighVariable_identity_families_plus_address_escape_alias_barrier',
 'runtime_order': 'CFG_governed_not_linearized',
 'storage_families': 0,
 'version': 'v22c_indirect_storage_families',
 'warnings': 0}

[STORAGE FAMILIES]

[PARAMETER INITIALIZERS / STORAGE WRITES]
[]

[WARNINGS]
[]
===== END PAL RESOLVER INDIRECT STORAGE =====

========================================================================
PALRAW AUDIT v0.3 :: raw instruction BLOCK p-code vs HF/PAL CFG
========================================================================

--- 0x10127f ---
Raw block  : 0x101154 -> next None
Instr count: 1
Terminal   : 0x101154 JMP 0x001010d0
Raw succs  : ['0x1010d0']
Norm succs : ['0x1010f2']
HF block   : 0x101154
CFG edges  : []
STATUS     : successors_differ
NOTE       : Raw successor(s) missing from HF/PAL CFG: ['0x1010f2']
Raw instructions:
   0x101154  JMP 0x001010d0
Terminal raw p-code:
     ---  BRANCH (ram, 0x1010d0, 8)
HF/PAL ops :
    CALL [register_tm_clones] -> None
HF/PAL term:
    RETURN [0x0] -> None

--- 0x1011b6 ---
Raw block  : 0x101154 -> next None
Instr count: 1
Terminal   : 0x101154 JMP 0x001010d0
Raw succs  : ['0x1010d0']
Norm succs : ['0x1010f2']
HF block   : 0x101154
CFG edges  : []
STATUS     : successors_differ
NOTE       : Raw successor(s) missing from HF/PAL CFG: ['0x1010f2']
Raw instructions:
   0x101154  JMP 0x001010d0
Terminal raw p-code:
     ---  BRANCH (ram, 0x1010d0, 8)
HF/PAL ops :
    CALL [register_tm_clones] -> None
HF/PAL term:
    RETURN [0x0] -> None

--- 0x101219 ---
Raw block  : 0x101154 -> next None
Instr count: 1
Terminal   : 0x101154 JMP 0x001010d0
Raw succs  : ['0x1010d0']
Norm succs : ['0x1010f2']
HF block   : 0x101154
CFG edges  : []
STATUS     : successors_differ
NOTE       : Raw successor(s) missing from HF/PAL CFG: ['0x1010f2']
Raw instructions:
   0x101154  JMP 0x001010d0
Terminal raw p-code:
     ---  BRANCH (ram, 0x1010d0, 8)
HF/PAL ops :
    CALL [register_tm_clones] -> None
HF/PAL term:
    RETURN [0x0] -> None

--- 0x10120f ---
Raw block  : 0x101154 -> next None
Instr count: 1
Terminal   : 0x101154 JMP 0x001010d0
Raw succs  : ['0x1010d0']
Norm succs : ['0x1010f2']
HF block   : 0x101154
CFG edges  : []
STATUS     : successors_differ
NOTE       : Raw successor(s) missing from HF/PAL CFG: ['0x1010f2']
Raw instructions:
   0x101154  JMP 0x001010d0
Terminal raw p-code:
     ---  BRANCH (ram, 0x1010d0, 8)
HF/PAL ops :
    CALL [register_tm_clones] -> None
HF/PAL term:
    RETURN [0x0] -> None

--- 0x101221 ---
Raw block  : 0x101154 -> next None
Instr count: 1
Terminal   : 0x101154 JMP 0x001010d0
Raw succs  : ['0x1010d0']
Norm succs : ['0x1010f2']
HF block   : 0x101154
CFG edges  : []
STATUS     : successors_differ
NOTE       : Raw successor(s) missing from HF/PAL CFG: ['0x1010f2']
Raw instructions:
   0x101154  JMP 0x001010d0
Terminal raw p-code:
     ---  BRANCH (ram, 0x1010d0, 8)
HF/PAL ops :
    CALL [register_tm_clones] -> None
HF/PAL term:
    RETURN [0x0] -> None

--- 0x101284 ---
Raw block  : 0x101154 -> next None
Instr count: 1
Terminal   : 0x101154 JMP 0x001010d0
Raw succs  : ['0x1010d0']
Norm succs : ['0x1010f2']
HF block   : 0x101154
CFG edges  : []
STATUS     : successors_differ
NOTE       : Raw successor(s) missing from HF/PAL CFG: ['0x1010f2']
Raw instructions:
   0x101154  JMP 0x001010d0
Terminal raw p-code:
     ---  BRANCH (ram, 0x1010d0, 8)
HF/PAL ops :
    CALL [register_tm_clones] -> None
HF/PAL term:
    RETURN [0x0] -> None

--- 0x10127f ---
Raw block  : 0x101154 -> next None
Instr count: 1
Terminal   : 0x101154 JMP 0x001010d0
Raw succs  : ['0x1010d0']
Norm succs : ['0x1010f2']
HF block   : 0x101154
CFG edges  : []
STATUS     : successors_differ
NOTE       : Raw successor(s) missing from HF/PAL CFG: ['0x1010f2']
Raw instructions:
   0x101154  JMP 0x001010d0
Terminal raw p-code:
     ---  BRANCH (ram, 0x1010d0, 8)
HF/PAL ops :
    CALL [register_tm_clones] -> None
HF/PAL term:
    RETURN [0x0] -> None

========================================================================

===== PAL COMPUTE ANALYZER =====
{'kind': 'pal_compute_inventory_v22',
 'version': 'v23b_abi_thunk_compatibility_return_reconciliation',
 'runtime_representation': 'raw_unsigned_bitvector_at_ssa_boundaries',
 'operations': 1,
 'output_plans': 0,
 'control_contracts': 1,
 'c_compute_filtered': 1,
 'use_site_overrides': 0,
 'return_observation_view_mismatches': 0,
 'storage_custody_related_ops': 0,
 'indirect_custody_contracts': 0,
 'indirect_custody_resolved': 0,
 'indirect_custody_deferred': 0,
 'indirect_effect_owner_compute_ops': 0,
 'storage_family_bindings': 0,
 'function_entry_abi_plan': True,
 'call_site_abi_plans': 1,
 'internal_call_plan_failures': 1,
 'unsupported_implicit_inputs': 0,
 'abi_runtime_helper_assignments': 0,
 'no_return_calls': 0,
 'reachable_return_boundaries': 1,
 'unreachable_return_boundaries': 0,
 'synthetic_no_return_continuations_suppressed': 0,
 'statuses': {'deferred_external': 1},
 'categories': {'call_boundary': 1},
 'helpers': {},
 'opcodes': {'CALL': 1},
 'warnings': 0}

[WARNINGS]
[]

[METADATA-ONLY COMPUTE BOUNDARIES]

[HELPER-REQUIRED CONTRACTS]

[INDIRECT STORAGE-CUSTODY CONTRACTS]

[INDIRECT CUSTODY INVENTORY]
{'kind': 'pal_compute_indirect_custody_inventory_v22d',
 'version': 'v23b_abi_thunk_compatibility_return_reconciliation',
 'resolver_transitions': 0,
 'compute_indirect_contracts': 0,
 'resolved_custody': 0,
 'deferred_custody': 0,
 'effect_owner_compute_bindings': 0,
 'effect_owner_compute_ops': 0,
 'owner_categories': {},
 'storage_families': 0,
 'storage_sid_bindings': 0,
 'address_escape_barrier_sids': 0,
 'parameter_storage_initializers': 0,
 'runtime_helpers': 0,
 'warnings': 0,
 'rule': 'INDIRECT_is_metadata_only_owner_bound_storage_transition'}

[ABI-D ENTRY/CALL PLAN INVENTORY]
{'kind': 'pal_compute_abi_plan_inventory_v23',
 'version': 'v23b_abi_thunk_compatibility_return_reconciliation',
 'function': 'frame_dummy',
 'entry_plan_present': True,
 'entry_plan_status': 'ready',
 'fixed_arguments': 0,
 'implicit_inputs': 0,
 'implicit_inputs_unsupported': 0,
 'call_compute_contracts': 1,
 'call_site_plans': 1,
 'call_sites_without_plan': 0,
 'call_statuses': {'ready': 1},
 'dispatch_classes': {'internal_resolved': 1},
 'internal_calls': 1,
 'internal_calls_with_target_compatible_plan': 0,
 'internal_calls_without_target_compatible_plan': 1,
 'internal_calls_with_deferred_target_compatibility': 1,
 'internal_calls_with_incompatible_target': 0,
 'internal_calls_without_transport_plan': 0,
 'external_calls': 0,
 'thunk_calls': 0,
 'external_via_thunk_calls': 0,
 'thunk_endpoint_deferred_calls': 0,
 'thunk_calls_misclassified_internal': 0,
 'target_compatibility_overclaims': 0,
 'no_return_calls': 0,
 'result_carrier_contracts': 1,
 'abi_runtime_helper_assignments': 0,
 'warnings': 0,
 'acceptance_gates': {'every_emitted_function_has_entry_plan': True,
                      'every_call_has_call_site_plan': True,
                      'every_internal_call_has_target_compatible_plan': False,
                      'every_internal_call_has_carrier_transport_plan': True,
                      'no_resolved_thunk_misclassified_internal': True,
                      'no_target_compatibility_overclaim': True,
                      'no_implicit_input_is_unsupported': True,
                      'no_runtime_helper_assigned_by_ABI_guesswork': True},
 'return_boundary_reconciliation': {'kind': 'pal_compute_return_boundary_reconciliation_v23b',
                                    'version': 'v23b_abi_thunk_compatibility_return_reconciliation',
                                    'function': 'frame_dummy',
                                    'entry_block_addr': 1053012,
                                    'cfg_evidence_available': True,
                                    'no_return_terminating_blocks': [],
                                    'no_return_call_op_keys': [],
                                    'return_boundaries': 1,
                                    'reachable_return_boundaries': 1,
                                    'unreachable_return_boundaries': 0,
                                    'deferred_return_boundaries': 0,
                                    'reachable_return_widths': [64],
                                    'width_reconciled': True,
                                    'synthetic_no_return_continuations_suppressed': 0,
                                    'rule': 'traverse_CFG_with_no_return_blocks_as_terminal_then_reconcile_reachable_raw_return_transports_only'},
 'rule': 'ABI_A_B_C_authority_only_thunk_endpoint_and_compatibility_tri_state_no_downstream_argument_reinference'}

[FUNCTION ENTRY ABI PLAN]
{'plan_id': 'function_entry:1053008',
 'status': 'ready',
 'callable_signature_status': 'legacy_non_variadic_fallback',
 'fixed_argument_count': 0,
 'implicit_input_count': 0,
 'variadic_register_save_area': {'required': False,
                                 'status': 'not_required',
                                 'slots': [],
                                 'gp_slots': [],
                                 'sse_slots': [],
                                 'fixed_variadic_partition_status': 'deferred_to_entry_protocol_analysis',
                                 'source': 'abi_context.registers',
                                 'authority': 'ABI_C_carriers_plus_variadic_contract'},
 'overflow_argument_area': {'required': False,
                            'status': 'not_required',
                            'source': 'abi_context.overflow_argument_area',
                            'observed_stack_carriers': [],
                            'materialization': 'consume_preclassified_overflow_slots',
                            'offset_inference_allowed': False,
                            'authority': 'ABI_C_stack_carriers_or_variadic_protocol'},
 'variadic_al': {'required': False,
                 'status': 'not_required',
                 'source': 'abi_context.variadic_xmm_count',
                 'inputs': [],
                 'default_allowed': False,
                 'authority': 'ABI_C_variadic_xmm_count_contract'},
 'frame_base': {'required': False,
                'status': 'not_observed',
                'source': 'abi_context.frame_base',
                'inputs': [],
                'derive_from_parameter_names': False,
                'authority': 'ABI_C_frame_state_custody'},
 'tls_base': {'required': False,
              'status': 'not_observed',
              'source': 'abi_context.tls_base',
              'inputs': [],
              'derive_from_expression_names': False,
              'authority': 'ABI_C_tls_state_custody'},
 'return_contract': {'kind': 'pal_compute_return_carrier_contract_abi_d',
                     'version': 'v23b_abi_thunk_compatibility_return_reconciliation',
                     'status': 'return_width_proven_carrier_deferred',
                     'no_return': False,
                     'output_sid': None,
                     'output_width_bits': None,
                     'declared_width_bits': None,
                     'effective_result_width_bits': 64,
                     'declared_return': {'name': 'undefined',
                                         'display_name': 'undefined',
                                         'class_name': 'DefaultDataType',
                                         'length_bytes': 1,
                                         'width_bits': 8,
                                         'signed': None,
                                         'kind_hint': None},
                     'return_storage': {'repr': '<UNASSIGNED>',
                                        'size_bytes': 0,
                                        'flags': {'register': False,
                                                  'stack': False,
                                                  'memory': False,
                                                  'unassigned': True,
                                                  'void': False,
                                                  'auto': False},
                                        'pieces': [],
                                        'storage_keys': []},
                     'carrier_pieces': [],
                     'normalization': {'mode': 'mask_to_output_width',
                                       'width_bits': 64,
                                       'mask': 18446744073709551615},
                     'runtime_helper': None,
                     'runtime_helper_authority': 'no_ABI_runtime_helper_assigned',
                     'authority': 'reachable_raw_return_transport',
                     'reported_declared_width_bits': 8,
                     'declared_width_authoritative': False,
                     'declared_return_evidence_status': 'non_authoritative_default_or_unresolved_prototype',
                     'transport_width_bits': 64,
                     'logical_result_width_bits': 64,
                     'reachable_return_widths': [64],
                     'reachable_return_boundary_count': 1,
                     'unreachable_return_boundary_count': 0,
                     'deferred_return_boundary_count': 0},
 'reachable_return_boundaries': [{'block_addr': 1053012,
                                  'return_value_sid': 'c_0_8',
                                  'return_value_width_bits': 64,
                                  'return_transport_width_bits': 64,
                                  'return_logical_width_bits': 64,
                                  'return_declared_view': None,
                                  'return_boundary_authority': 'raw_return_register_transport',
                                  'return_reachability': 'reachable',
                                  'reachable_return': True,
                                  'execution_suppressed': False,
                                  'emission_policy': 'emit_reachable_return_boundary',
                                  'cut_by_no_return_blocks': [],
                                  'cut_by_no_return_call_op_keys': []}],
 'unreachable_return_boundaries': []}

[RETURN BOUNDARY RECONCILIATION]
{'kind': 'pal_compute_return_boundary_reconciliation_v23b',
 'version': 'v23b_abi_thunk_compatibility_return_reconciliation',
 'function': 'frame_dummy',
 'entry_block_addr': 1053012,
 'cfg_evidence_available': True,
 'no_return_terminating_blocks': [],
 'no_return_call_op_keys': [],
 'return_boundaries': 1,
 'reachable_return_boundaries': 1,
 'unreachable_return_boundaries': 0,
 'deferred_return_boundaries': 0,
 'reachable_return_widths': [64],
 'width_reconciled': True,
 'synthetic_no_return_continuations_suppressed': 0,
 'rule': 'traverse_CFG_with_no_return_blocks_as_terminal_then_reconcile_reachable_raw_return_transports_only'}

[CALL SITE ABI PLANS]
{'op_key': '1053012:(ram, 0x101154, 0, 0):0',
 'target': 'register_tm_clones',
 'dispatch_class': 'internal_resolved',
 'status': 'ready',
 'argument_count': 0,
 'carrier_allocation_status': 'complete',
 'target_compatibility_status': 'deferred',
 'target_compatible': None,
 'no_return': False,
 'result_width_bits': 8}
===== END PAL COMPUTE ANALYZER =====


=========== SGL EXECUTION TREE ===========

sequence
  sequence
    block [0x101154]

=========== END TREE ===========

[SGL EXEC TREE PERSISTED] path=/home/rem/gh/PAL/pyghidra-PAL/PAL/PAL_logs/f_0000000000101154_frame_dummy.sgl.exec_tree.log mode=append temporary=False delete_on_completion=False

[PHI DROP-INS]
------------------------------------------------------------
------------------------------------------------------------
{'active': True,
 'bound_plans': 0,
 'control_contracts_forwarded': 1,
 'input_op_contracts': 1,
 'input_plans': 0,
 'kind': 'phi_compute_consumer_inventory_v21',
 'outputless_contracts_forwarded': 1,
 'phi_merge_contracts': 0,
 'phi_transition_contracts': 0,
 'preserved_compute_boundaries': 0,
 'preserved_deferred_contracts': 0,
 'preserved_outputless_boundaries': 1,
 'preserved_outputless_deferred_contracts': 1,
 'preserved_outputless_helpers': 0,
 'preserved_runtime_helpers': 0,
 'rule': 'preserve_PALCompute_authority_remap_execution_destination_only',
 'state_alias_bindings': 0,
 'transition_owners': {},
 'version': 'v21_compute_contract_consumers',
 'warnings': 0}
[]
          OK -> functions.f_0000000000101150_frame_dummy
[12/30] decompile Global::initialize_lander @ 0x101159

===== CFG DEBUG =====

[EDGES]

[IPDOM]
0x101159 -> ipdom: None

=====================

===== PAL RESOLVER INDIRECT STORAGE v22c =====

[INVENTORY]
{'active': False,
 'address_tied_families': 0,
 'custody_transitions': 0,
 'effect_owner_groups': 0,
 'escape_barrier_sids': 0,
 'input_contracts': 0,
 'kind': 'resolver_indirect_storage_inventory_v22c',
 'machine_state_families': 0,
 'machine_state_sids': 0,
 'owner_categories': {},
 'parameter_initializers': 0,
 'persistent_families': 0,
 'rule': 'HighVariable_identity_families_plus_address_escape_alias_barrier',
 'runtime_order': 'CFG_governed_not_linearized',
 'storage_families': 0,
 'version': 'v22c_indirect_storage_families',
 'warnings': 0}

[STORAGE FAMILIES]

[PARAMETER INITIALIZERS / STORAGE WRITES]
[]

[WARNINGS]
[]
===== END PAL RESOLVER INDIRECT STORAGE =====

========================================================================
PALRAW AUDIT v0.3 :: raw instruction BLOCK p-code vs HF/PAL CFG
========================================================================

--- 0x10127f ---
Raw block  : 0x101159 -> next None
Instr count: 20
Terminal   : 0x1011af RET
Raw succs  : []
Norm succs : []
HF block   : 0x101159
CFG edges  : []
STATUS     : successors_match
Raw instructions:
   0x101159  PUSH RBP
   0x10115a  MOV RBP,RSP
   0x10115d  MOV qword ptr [RBP + -0x8],RDI
   0x101161  MOV RAX,qword ptr [RBP + -0x8]
   0x101165  MOV dword ptr [RAX],0x18
   0x10116b  MOV RAX,qword ptr [RBP + -0x8]
   0x10116f  MOV dword ptr [RAX + 0x4],0x0
   0x101176  MOV RAX,qword ptr [RBP + -0x8]
   0x10117a  MOV dword ptr [RAX + 0x8],0x1e
   0x101181  MOV RAX,qword ptr [RBP + -0x8]
   0x101185  MOV dword ptr [RAX + 0xc],0x0
   0x10118c  MOV RAX,qword ptr [RBP + -0x8]
   0x101190  MOV dword ptr [RAX + 0x10],0x1
   0x101197  MOV RAX,qword ptr [RBP + -0x8]
   0x10119b  MOV dword ptr [RAX + 0x14],0x0
   0x1011a2  MOV RAX,qword ptr [RBP + -0x8]
   0x1011a6  MOV dword ptr [RAX + 0x18],0x0
   0x1011ad  NOP
   0x1011ae  POP RBP
   0x1011af  RET
Terminal raw p-code:
    (register, 0x288, 8) LOAD (const, 0x1b1, 8) , (register, 0x20, 8)
    (register, 0x20, 8) INT_ADD (register, 0x20, 8) , (const, 0x8, 8)
     ---  RETURN (register, 0x288, 8)
HF/PAL ops :
    STORE [0x1b1, param_0, 0x18] -> None
    PTRADD [param_0, 0x1, 0x4] -> v_39
    STORE [0x1b1, v_39, 0x0] -> None
    PTRADD [param_0, 0x2, 0x4] -> v_55
    STORE [0x1b1, v_55, 0x1e] -> None
    PTRADD [param_0, 0x3, 0x4] -> v_71
    STORE [0x1b1, v_71, 0x0] -> None
    PTRADD [param_0, 0x4, 0x4] -> v_87
    STORE [0x1b1, v_87, 0x1] -> None
    PTRADD [param_0, 0x5, 0x4] -> v_103
    STORE [0x1b1, v_103, 0x0] -> None
    PTRADD [param_0, 0x6, 0x4] -> v_119
    STORE [0x1b1, v_119, 0x0] -> None
HF/PAL term:
    RETURN [0x0] -> None

--- 0x1011b6 ---
Raw block  : 0x101159 -> next None
Instr count: 20
Terminal   : 0x1011af RET
Raw succs  : []
Norm succs : []
HF block   : 0x101159
CFG edges  : []
STATUS     : successors_match
Raw instructions:
   0x101159  PUSH RBP
   0x10115a  MOV RBP,RSP
   0x10115d  MOV qword ptr [RBP + -0x8],RDI
   0x101161  MOV RAX,qword ptr [RBP + -0x8]
   0x101165  MOV dword ptr [RAX],0x18
   0x10116b  MOV RAX,qword ptr [RBP + -0x8]
   0x10116f  MOV dword ptr [RAX + 0x4],0x0
   0x101176  MOV RAX,qword ptr [RBP + -0x8]
   0x10117a  MOV dword ptr [RAX + 0x8],0x1e
   0x101181  MOV RAX,qword ptr [RBP + -0x8]
   0x101185  MOV dword ptr [RAX + 0xc],0x0
   0x10118c  MOV RAX,qword ptr [RBP + -0x8]
   0x101190  MOV dword ptr [RAX + 0x10],0x1
   0x101197  MOV RAX,qword ptr [RBP + -0x8]
   0x10119b  MOV dword ptr [RAX + 0x14],0x0
   0x1011a2  MOV RAX,qword ptr [RBP + -0x8]
   0x1011a6  MOV dword ptr [RAX + 0x18],0x0
   0x1011ad  NOP
   0x1011ae  POP RBP
   0x1011af  RET
Terminal raw p-code:
    (register, 0x288, 8) LOAD (const, 0x1b1, 8) , (register, 0x20, 8)
    (register, 0x20, 8) INT_ADD (register, 0x20, 8) , (const, 0x8, 8)
     ---  RETURN (register, 0x288, 8)
HF/PAL ops :
    STORE [0x1b1, param_0, 0x18] -> None
    PTRADD [param_0, 0x1, 0x4] -> v_39
    STORE [0x1b1, v_39, 0x0] -> None
    PTRADD [param_0, 0x2, 0x4] -> v_55
    STORE [0x1b1, v_55, 0x1e] -> None
    PTRADD [param_0, 0x3, 0x4] -> v_71
    STORE [0x1b1, v_71, 0x0] -> None
    PTRADD [param_0, 0x4, 0x4] -> v_87
    STORE [0x1b1, v_87, 0x1] -> None
    PTRADD [param_0, 0x5, 0x4] -> v_103
    STORE [0x1b1, v_103, 0x0] -> None
    PTRADD [param_0, 0x6, 0x4] -> v_119
    STORE [0x1b1, v_119, 0x0] -> None
HF/PAL term:
    RETURN [0x0] -> None

--- 0x101219 ---
Raw block  : 0x101159 -> next None
Instr count: 20
Terminal   : 0x1011af RET
Raw succs  : []
Norm succs : []
HF block   : 0x101159
CFG edges  : []
STATUS     : successors_match
Raw instructions:
   0x101159  PUSH RBP
   0x10115a  MOV RBP,RSP
   0x10115d  MOV qword ptr [RBP + -0x8],RDI
   0x101161  MOV RAX,qword ptr [RBP + -0x8]
   0x101165  MOV dword ptr [RAX],0x18
   0x10116b  MOV RAX,qword ptr [RBP + -0x8]
   0x10116f  MOV dword ptr [RAX + 0x4],0x0
   0x101176  MOV RAX,qword ptr [RBP + -0x8]
   0x10117a  MOV dword ptr [RAX + 0x8],0x1e
   0x101181  MOV RAX,qword ptr [RBP + -0x8]
   0x101185  MOV dword ptr [RAX + 0xc],0x0
   0x10118c  MOV RAX,qword ptr [RBP + -0x8]
   0x101190  MOV dword ptr [RAX + 0x10],0x1
   0x101197  MOV RAX,qword ptr [RBP + -0x8]
   0x10119b  MOV dword ptr [RAX + 0x14],0x0
   0x1011a2  MOV RAX,qword ptr [RBP + -0x8]
   0x1011a6  MOV dword ptr [RAX + 0x18],0x0
   0x1011ad  NOP
   0x1011ae  POP RBP
   0x1011af  RET
Terminal raw p-code:
    (register, 0x288, 8) LOAD (const, 0x1b1, 8) , (register, 0x20, 8)
    (register, 0x20, 8) INT_ADD (register, 0x20, 8) , (const, 0x8, 8)
     ---  RETURN (register, 0x288, 8)
HF/PAL ops :
    STORE [0x1b1, param_0, 0x18] -> None
    PTRADD [param_0, 0x1, 0x4] -> v_39
    STORE [0x1b1, v_39, 0x0] -> None
    PTRADD [param_0, 0x2, 0x4] -> v_55
    STORE [0x1b1, v_55, 0x1e] -> None
    PTRADD [param_0, 0x3, 0x4] -> v_71
    STORE [0x1b1, v_71, 0x0] -> None
    PTRADD [param_0, 0x4, 0x4] -> v_87
    STORE [0x1b1, v_87, 0x1] -> None
    PTRADD [param_0, 0x5, 0x4] -> v_103
    STORE [0x1b1, v_103, 0x0] -> None
    PTRADD [param_0, 0x6, 0x4] -> v_119
    STORE [0x1b1, v_119, 0x0] -> None
HF/PAL term:
    RETURN [0x0] -> None

--- 0x10120f ---
Raw block  : 0x101159 -> next None
Instr count: 20
Terminal   : 0x1011af RET
Raw succs  : []
Norm succs : []
HF block   : 0x101159
CFG edges  : []
STATUS     : successors_match
Raw instructions:
   0x101159  PUSH RBP
   0x10115a  MOV RBP,RSP
   0x10115d  MOV qword ptr [RBP + -0x8],RDI
   0x101161  MOV RAX,qword ptr [RBP + -0x8]
   0x101165  MOV dword ptr [RAX],0x18
   0x10116b  MOV RAX,qword ptr [RBP + -0x8]
   0x10116f  MOV dword ptr [RAX + 0x4],0x0
   0x101176  MOV RAX,qword ptr [RBP + -0x8]
   0x10117a  MOV dword ptr [RAX + 0x8],0x1e
   0x101181  MOV RAX,qword ptr [RBP + -0x8]
   0x101185  MOV dword ptr [RAX + 0xc],0x0
   0x10118c  MOV RAX,qword ptr [RBP + -0x8]
   0x101190  MOV dword ptr [RAX + 0x10],0x1
   0x101197  MOV RAX,qword ptr [RBP + -0x8]
   0x10119b  MOV dword ptr [RAX + 0x14],0x0
   0x1011a2  MOV RAX,qword ptr [RBP + -0x8]
   0x1011a6  MOV dword ptr [RAX + 0x18],0x0
   0x1011ad  NOP
   0x1011ae  POP RBP
   0x1011af  RET
Terminal raw p-code:
    (register, 0x288, 8) LOAD (const, 0x1b1, 8) , (register, 0x20, 8)
    (register, 0x20, 8) INT_ADD (register, 0x20, 8) , (const, 0x8, 8)
     ---  RETURN (register, 0x288, 8)
HF/PAL ops :
    STORE [0x1b1, param_0, 0x18] -> None
    PTRADD [param_0, 0x1, 0x4] -> v_39
    STORE [0x1b1, v_39, 0x0] -> None
    PTRADD [param_0, 0x2, 0x4] -> v_55
    STORE [0x1b1, v_55, 0x1e] -> None
    PTRADD [param_0, 0x3, 0x4] -> v_71
    STORE [0x1b1, v_71, 0x0] -> None
    PTRADD [param_0, 0x4, 0x4] -> v_87
    STORE [0x1b1, v_87, 0x1] -> None
    PTRADD [param_0, 0x5, 0x4] -> v_103
    STORE [0x1b1, v_103, 0x0] -> None
    PTRADD [param_0, 0x6, 0x4] -> v_119
    STORE [0x1b1, v_119, 0x0] -> None
HF/PAL term:
    RETURN [0x0] -> None

--- 0x101221 ---
Raw block  : 0x101159 -> next None
Instr count: 20
Terminal   : 0x1011af RET
Raw succs  : []
Norm succs : []
HF block   : 0x101159
CFG edges  : []
STATUS     : successors_match
Raw instructions:
   0x101159  PUSH RBP
   0x10115a  MOV RBP,RSP
   0x10115d  MOV qword ptr [RBP + -0x8],RDI
   0x101161  MOV RAX,qword ptr [RBP + -0x8]
   0x101165  MOV dword ptr [RAX],0x18
   0x10116b  MOV RAX,qword ptr [RBP + -0x8]
   0x10116f  MOV dword ptr [RAX + 0x4],0x0
   0x101176  MOV RAX,qword ptr [RBP + -0x8]
   0x10117a  MOV dword ptr [RAX + 0x8],0x1e
   0x101181  MOV RAX,qword ptr [RBP + -0x8]
   0x101185  MOV dword ptr [RAX + 0xc],0x0
   0x10118c  MOV RAX,qword ptr [RBP + -0x8]
   0x101190  MOV dword ptr [RAX + 0x10],0x1
   0x101197  MOV RAX,qword ptr [RBP + -0x8]
   0x10119b  MOV dword ptr [RAX + 0x14],0x0
   0x1011a2  MOV RAX,qword ptr [RBP + -0x8]
   0x1011a6  MOV dword ptr [RAX + 0x18],0x0
   0x1011ad  NOP
   0x1011ae  POP RBP
   0x1011af  RET
Terminal raw p-code:
    (register, 0x288, 8) LOAD (const, 0x1b1, 8) , (register, 0x20, 8)
    (register, 0x20, 8) INT_ADD (register, 0x20, 8) , (const, 0x8, 8)
     ---  RETURN (register, 0x288, 8)
HF/PAL ops :
    STORE [0x1b1, param_0, 0x18] -> None
    PTRADD [param_0, 0x1, 0x4] -> v_39
    STORE [0x1b1, v_39, 0x0] -> None
    PTRADD [param_0, 0x2, 0x4] -> v_55
    STORE [0x1b1, v_55, 0x1e] -> None
    PTRADD [param_0, 0x3, 0x4] -> v_71
    STORE [0x1b1, v_71, 0x0] -> None
    PTRADD [param_0, 0x4, 0x4] -> v_87
    STORE [0x1b1, v_87, 0x1] -> None
    PTRADD [param_0, 0x5, 0x4] -> v_103
    STORE [0x1b1, v_103, 0x0] -> None
    PTRADD [param_0, 0x6, 0x4] -> v_119
    STORE [0x1b1, v_119, 0x0] -> None
HF/PAL term:
    RETURN [0x0] -> None

--- 0x101284 ---
Raw block  : 0x101159 -> next None
Instr count: 20
Terminal   : 0x1011af RET
Raw succs  : []
Norm succs : []
HF block   : 0x101159
CFG edges  : []
STATUS     : successors_match
Raw instructions:
   0x101159  PUSH RBP
   0x10115a  MOV RBP,RSP
   0x10115d  MOV qword ptr [RBP + -0x8],RDI
   0x101161  MOV RAX,qword ptr [RBP + -0x8]
   0x101165  MOV dword ptr [RAX],0x18
   0x10116b  MOV RAX,qword ptr [RBP + -0x8]
   0x10116f  MOV dword ptr [RAX + 0x4],0x0
   0x101176  MOV RAX,qword ptr [RBP + -0x8]
   0x10117a  MOV dword ptr [RAX + 0x8],0x1e
   0x101181  MOV RAX,qword ptr [RBP + -0x8]
   0x101185  MOV dword ptr [RAX + 0xc],0x0
   0x10118c  MOV RAX,qword ptr [RBP + -0x8]
   0x101190  MOV dword ptr [RAX + 0x10],0x1
   0x101197  MOV RAX,qword ptr [RBP + -0x8]
   0x10119b  MOV dword ptr [RAX + 0x14],0x0
   0x1011a2  MOV RAX,qword ptr [RBP + -0x8]
   0x1011a6  MOV dword ptr [RAX + 0x18],0x0
   0x1011ad  NOP
   0x1011ae  POP RBP
   0x1011af  RET
Terminal raw p-code:
    (register, 0x288, 8) LOAD (const, 0x1b1, 8) , (register, 0x20, 8)
    (register, 0x20, 8) INT_ADD (register, 0x20, 8) , (const, 0x8, 8)
     ---  RETURN (register, 0x288, 8)
HF/PAL ops :
    STORE [0x1b1, param_0, 0x18] -> None
    PTRADD [param_0, 0x1, 0x4] -> v_39
    STORE [0x1b1, v_39, 0x0] -> None
    PTRADD [param_0, 0x2, 0x4] -> v_55
    STORE [0x1b1, v_55, 0x1e] -> None
    PTRADD [param_0, 0x3, 0x4] -> v_71
    STORE [0x1b1, v_71, 0x0] -> None
    PTRADD [param_0, 0x4, 0x4] -> v_87
    STORE [0x1b1, v_87, 0x1] -> None
    PTRADD [param_0, 0x5, 0x4] -> v_103
    STORE [0x1b1, v_103, 0x0] -> None
    PTRADD [param_0, 0x6, 0x4] -> v_119
    STORE [0x1b1, v_119, 0x0] -> None
HF/PAL term:
    RETURN [0x0] -> None

--- 0x10127f ---
Raw block  : 0x101159 -> next None
Instr count: 20
Terminal   : 0x1011af RET
Raw succs  : []
Norm succs : []
HF block   : 0x101159
CFG edges  : []
STATUS     : successors_match
Raw instructions:
   0x101159  PUSH RBP
   0x10115a  MOV RBP,RSP
   0x10115d  MOV qword ptr [RBP + -0x8],RDI
   0x101161  MOV RAX,qword ptr [RBP + -0x8]
   0x101165  MOV dword ptr [RAX],0x18
   0x10116b  MOV RAX,qword ptr [RBP + -0x8]
   0x10116f  MOV dword ptr [RAX + 0x4],0x0
   0x101176  MOV RAX,qword ptr [RBP + -0x8]
   0x10117a  MOV dword ptr [RAX + 0x8],0x1e
   0x101181  MOV RAX,qword ptr [RBP + -0x8]
   0x101185  MOV dword ptr [RAX + 0xc],0x0
   0x10118c  MOV RAX,qword ptr [RBP + -0x8]
   0x101190  MOV dword ptr [RAX + 0x10],0x1
   0x101197  MOV RAX,qword ptr [RBP + -0x8]
   0x10119b  MOV dword ptr [RAX + 0x14],0x0
   0x1011a2  MOV RAX,qword ptr [RBP + -0x8]
   0x1011a6  MOV dword ptr [RAX + 0x18],0x0
   0x1011ad  NOP
   0x1011ae  POP RBP
   0x1011af  RET
Terminal raw p-code:
    (register, 0x288, 8) LOAD (const, 0x1b1, 8) , (register, 0x20, 8)
    (register, 0x20, 8) INT_ADD (register, 0x20, 8) , (const, 0x8, 8)
     ---  RETURN (register, 0x288, 8)
HF/PAL ops :
    STORE [0x1b1, param_0, 0x18] -> None
    PTRADD [param_0, 0x1, 0x4] -> v_39
    STORE [0x1b1, v_39, 0x0] -> None
    PTRADD [param_0, 0x2, 0x4] -> v_55
    STORE [0x1b1, v_55, 0x1e] -> None
    PTRADD [param_0, 0x3, 0x4] -> v_71
    STORE [0x1b1, v_71, 0x0] -> None
    PTRADD [param_0, 0x4, 0x4] -> v_87
    STORE [0x1b1, v_87, 0x1] -> None
    PTRADD [param_0, 0x5, 0x4] -> v_103
    STORE [0x1b1, v_103, 0x0] -> None
    PTRADD [param_0, 0x6, 0x4] -> v_119
    STORE [0x1b1, v_119, 0x0] -> None
HF/PAL term:
    RETURN [0x0] -> None

========================================================================

===== PAL COMPUTE ANALYZER =====
{'kind': 'pal_compute_inventory_v22',
 'version': 'v23b_abi_thunk_compatibility_return_reconciliation',
 'runtime_representation': 'raw_unsigned_bitvector_at_ssa_boundaries',
 'operations': 13,
 'output_plans': 6,
 'control_contracts': 1,
 'c_compute_filtered': 13,
 'use_site_overrides': 0,
 'return_observation_view_mismatches': 0,
 'storage_custody_related_ops': 0,
 'indirect_custody_contracts': 0,
 'indirect_custody_resolved': 0,
 'indirect_custody_deferred': 0,
 'indirect_effect_owner_compute_ops': 0,
 'storage_family_bindings': 0,
 'function_entry_abi_plan': True,
 'call_site_abi_plans': 0,
 'internal_call_plan_failures': 0,
 'unsupported_implicit_inputs': 0,
 'abi_runtime_helper_assignments': 0,
 'no_return_calls': 0,
 'reachable_return_boundaries': 1,
 'unreachable_return_boundaries': 0,
 'synthetic_no_return_continuations_suppressed': 0,
 'statuses': {'deferred_memory': 13},
 'categories': {'memory': 7, 'pointer_arithmetic': 6},
 'helpers': {'c_store': 7, 'c_ptradd': 6},
 'opcodes': {'STORE': 7, 'PTRADD': 6},
 'warnings': 0}

[WARNINGS]
[]

[METADATA-ONLY COMPUTE BOUNDARIES]

[HELPER-REQUIRED CONTRACTS]

[INDIRECT STORAGE-CUSTODY CONTRACTS]

[INDIRECT CUSTODY INVENTORY]
{'kind': 'pal_compute_indirect_custody_inventory_v22d',
 'version': 'v23b_abi_thunk_compatibility_return_reconciliation',
 'resolver_transitions': 0,
 'compute_indirect_contracts': 0,
 'resolved_custody': 0,
 'deferred_custody': 0,
 'effect_owner_compute_bindings': 0,
 'effect_owner_compute_ops': 0,
 'owner_categories': {},
 'storage_families': 0,
 'storage_sid_bindings': 0,
 'address_escape_barrier_sids': 0,
 'parameter_storage_initializers': 0,
 'runtime_helpers': 0,
 'warnings': 0,
 'rule': 'INDIRECT_is_metadata_only_owner_bound_storage_transition'}

[ABI-D ENTRY/CALL PLAN INVENTORY]
{'kind': 'pal_compute_abi_plan_inventory_v23',
 'version': 'v23b_abi_thunk_compatibility_return_reconciliation',
 'function': 'initialize_lander',
 'entry_plan_present': True,
 'entry_plan_status': 'ready',
 'fixed_arguments': 1,
 'implicit_inputs': 0,
 'implicit_inputs_unsupported': 0,
 'call_compute_contracts': 0,
 'call_site_plans': 0,
 'call_sites_without_plan': 0,
 'call_statuses': {},
 'dispatch_classes': {},
 'internal_calls': 0,
 'internal_calls_with_target_compatible_plan': 0,
 'internal_calls_without_target_compatible_plan': 0,
 'internal_calls_with_deferred_target_compatibility': 0,
 'internal_calls_with_incompatible_target': 0,
 'internal_calls_without_transport_plan': 0,
 'external_calls': 0,
 'thunk_calls': 0,
 'external_via_thunk_calls': 0,
 'thunk_endpoint_deferred_calls': 0,
 'thunk_calls_misclassified_internal': 0,
 'target_compatibility_overclaims': 0,
 'no_return_calls': 0,
 'result_carrier_contracts': 0,
 'abi_runtime_helper_assignments': 0,
 'warnings': 0,
 'acceptance_gates': {'every_emitted_function_has_entry_plan': True,
                      'every_call_has_call_site_plan': True,
                      'every_internal_call_has_target_compatible_plan': True,
                      'every_internal_call_has_carrier_transport_plan': True,
                      'no_resolved_thunk_misclassified_internal': True,
                      'no_target_compatibility_overclaim': True,
                      'no_implicit_input_is_unsupported': True,
                      'no_runtime_helper_assigned_by_ABI_guesswork': True},
 'return_boundary_reconciliation': {'kind': 'pal_compute_return_boundary_reconciliation_v23b',
                                    'version': 'v23b_abi_thunk_compatibility_return_reconciliation',
                                    'function': 'initialize_lander',
                                    'entry_block_addr': 1053017,
                                    'cfg_evidence_available': True,
                                    'no_return_terminating_blocks': [],
                                    'no_return_call_op_keys': [],
                                    'return_boundaries': 1,
                                    'reachable_return_boundaries': 1,
                                    'unreachable_return_boundaries': 0,
                                    'deferred_return_boundaries': 0,
                                    'reachable_return_widths': [64],
                                    'width_reconciled': True,
                                    'synthetic_no_return_continuations_suppressed': 0,
                                    'rule': 'traverse_CFG_with_no_return_blocks_as_terminal_then_reconcile_reachable_raw_return_transports_only'},
 'rule': 'ABI_A_B_C_authority_only_thunk_endpoint_and_compatibility_tri_state_no_downstream_argument_reinference'}

[FUNCTION ENTRY ABI PLAN]
{'plan_id': 'function_entry:1053017',
 'status': 'ready',
 'callable_signature_status': 'legacy_non_variadic_fallback',
 'fixed_argument_count': 1,
 'implicit_input_count': 0,
 'variadic_register_save_area': {'required': False,
                                 'status': 'not_required',
                                 'slots': [{'sid': 'v_150',
                                            'bank': 'gp',
                                            'index': 0,
                                            'register': 'RDI',
                                            'width_bits': 64,
                                            'canonical_alias': 'param_0',
                                            'owner_namespace': 'logical_parameter',
                                            'owner_role': 'callable_parameter_carrier',
                                            'materialization': 'capture_entry_register_bits',
                                            'source': 'abi_context.registers',
                                            'runtime_helper': None,
                                            'authority': 'PALSymbolResolver_ABI_C_physical_carrier_binding'}],
                                 'gp_slots': [{'sid': 'v_150',
                                               'bank': 'gp',
                                               'index': 0,
                                               'register': 'RDI',
                                               'width_bits': 64,
                                               'canonical_alias': 'param_0',
                                               'owner_namespace': 'logical_parameter',
                                               'owner_role': 'callable_parameter_carrier',
                                               'materialization': 'capture_entry_register_bits',
                                               'source': 'abi_context.registers',
                                               'runtime_helper': None,
                                               'authority': 'PALSymbolResolver_ABI_C_physical_carrier_binding'}],
                                 'sse_slots': [],
                                 'fixed_variadic_partition_status': 'deferred_to_entry_protocol_analysis',
                                 'source': 'abi_context.registers',
                                 'authority': 'ABI_C_carriers_plus_variadic_contract'},
 'overflow_argument_area': {'required': False,
                            'status': 'not_required',
                            'source': 'abi_context.overflow_argument_area',
                            'observed_stack_carriers': [],
                            'materialization': 'consume_preclassified_overflow_slots',
                            'offset_inference_allowed': False,
                            'authority': 'ABI_C_stack_carriers_or_variadic_protocol'},
 'variadic_al': {'required': False,
                 'status': 'not_required',
                 'source': 'abi_context.variadic_xmm_count',
                 'inputs': [],
                 'default_allowed': False,
                 'authority': 'ABI_C_variadic_xmm_count_contract'},
 'frame_base': {'required': False,
                'status': 'not_observed',
                'source': 'abi_context.frame_base',
                'inputs': [],
                'derive_from_parameter_names': False,
                'authority': 'ABI_C_frame_state_custody'},
 'tls_base': {'required': False,
              'status': 'not_observed',
              'source': 'abi_context.tls_base',
              'inputs': [],
              'derive_from_expression_names': False,
              'authority': 'ABI_C_tls_state_custody'},
 'return_contract': {'kind': 'pal_compute_return_carrier_contract_abi_d',
                     'version': 'v23b_abi_thunk_compatibility_return_reconciliation',
                     'status': 'return_width_proven_carrier_deferred',
                     'no_return': False,
                     'output_sid': None,
                     'output_width_bits': None,
                     'declared_width_bits': None,
                     'effective_result_width_bits': 64,
                     'declared_return': {'name': 'undefined',
                                         'display_name': 'undefined',
                                         'class_name': 'DefaultDataType',
                                         'length_bytes': 1,
                                         'width_bits': 8,
                                         'signed': None,
                                         'kind_hint': None},
                     'return_storage': {'repr': '<UNASSIGNED>',
                                        'size_bytes': 0,
                                        'flags': {'register': False,
                                                  'stack': False,
                                                  'memory': False,
                                                  'unassigned': True,
                                                  'void': False,
                                                  'auto': False},
                                        'pieces': [],
                                        'storage_keys': []},
                     'carrier_pieces': [],
                     'normalization': {'mode': 'mask_to_output_width',
                                       'width_bits': 64,
                                       'mask': 18446744073709551615},
                     'runtime_helper': None,
                     'runtime_helper_authority': 'no_ABI_runtime_helper_assigned',
                     'authority': 'reachable_raw_return_transport',
                     'reported_declared_width_bits': 8,
                     'declared_width_authoritative': False,
                     'declared_return_evidence_status': 'non_authoritative_default_or_unresolved_prototype',
                     'transport_width_bits': 64,
                     'logical_result_width_bits': 64,
                     'reachable_return_widths': [64],
                     'reachable_return_boundary_count': 1,
                     'unreachable_return_boundary_count': 0,
                     'deferred_return_boundary_count': 0},
 'reachable_return_boundaries': [{'block_addr': 1053017,
                                  'return_value_sid': 'c_0_8',
                                  'return_value_width_bits': 64,
                                  'return_transport_width_bits': 64,
                                  'return_logical_width_bits': 64,
                                  'return_declared_view': None,
                                  'return_boundary_authority': 'raw_return_register_transport',
                                  'return_reachability': 'reachable',
                                  'reachable_return': True,
                                  'execution_suppressed': False,
                                  'emission_policy': 'emit_reachable_return_boundary',
                                  'cut_by_no_return_blocks': [],
                                  'cut_by_no_return_call_op_keys': []}],
 'unreachable_return_boundaries': []}

[RETURN BOUNDARY RECONCILIATION]
{'kind': 'pal_compute_return_boundary_reconciliation_v23b',
 'version': 'v23b_abi_thunk_compatibility_return_reconciliation',
 'function': 'initialize_lander',
 'entry_block_addr': 1053017,
 'cfg_evidence_available': True,
 'no_return_terminating_blocks': [],
 'no_return_call_op_keys': [],
 'return_boundaries': 1,
 'reachable_return_boundaries': 1,
 'unreachable_return_boundaries': 0,
 'deferred_return_boundaries': 0,
 'reachable_return_widths': [64],
 'width_reconciled': True,
 'synthetic_no_return_continuations_suppressed': 0,
 'rule': 'traverse_CFG_with_no_return_blocks_as_terminal_then_reconcile_reachable_raw_return_transports_only'}

[CALL SITE ABI PLANS]
===== END PAL COMPUTE ANALYZER =====


=========== SGL EXECUTION TREE ===========

sequence
  sequence
    block [0x101159]

=========== END TREE ===========

[SGL EXEC TREE PERSISTED] path=/home/rem/gh/PAL/pyghidra-PAL/PAL/PAL_logs/f_0000000000101159_initialize_lander.sgl.exec_tree.log mode=append temporary=False delete_on_completion=False

[PHI DROP-INS]
------------------------------------------------------------
------------------------------------------------------------
{'active': True,
 'bound_plans': 6,
 'control_contracts_forwarded': 1,
 'input_op_contracts': 13,
 'input_plans': 6,
 'kind': 'phi_compute_consumer_inventory_v21',
 'outputless_contracts_forwarded': 7,
 'phi_merge_contracts': 0,
 'phi_transition_contracts': 0,
 'preserved_compute_boundaries': 6,
 'preserved_deferred_contracts': 6,
 'preserved_outputless_boundaries': 7,
 'preserved_outputless_deferred_contracts': 7,
 'preserved_outputless_helpers': 7,
 'preserved_runtime_helpers': 6,
 'rule': 'preserve_PALCompute_authority_remap_execution_destination_only',
 'state_alias_bindings': 0,
 'transition_owners': {},
 'version': 'v21_compute_contract_consumers',
 'warnings': 0}
[]
          OK -> functions.f_0000000000101159_initialize_lander
[13/30] decompile Global::craft_row_for_altitude @ 0x1011b0

===== CFG DEBUG =====

[EDGES]
0x1011b0 -> 0x1011c4  true raw=true role=raw_true_explicit_target pol=fallthrough inv=True edge=cfg-edge-v1:0x1011b0->0x1011c4 direct_join=False
0x1011b0 -> 0x1011bd  false raw=false role=raw_false_fallthrough pol=fallthrough inv=False edge=cfg-edge-v1:0x1011b0->0x1011bd direct_join=False
0x1011bd -> 0x101217  uncond raw=uncond role=uncond pol=unknown inv=None edge=cfg-edge-v1:0x1011bd->0x101217 direct_join=False
0x1011c4 -> 0x1011d1  true raw=true role=raw_true_explicit_target pol=fallthrough inv=True edge=cfg-edge-v1:0x1011c4->0x1011d1 direct_join=False
0x1011c4 -> 0x1011ca  false raw=false role=raw_false_fallthrough pol=fallthrough inv=False edge=cfg-edge-v1:0x1011c4->0x1011ca direct_join=False
0x1011ca -> 0x101217  uncond raw=uncond role=uncond pol=unknown inv=None edge=cfg-edge-v1:0x1011ca->0x101217 direct_join=False
0x1011d1 -> 0x1011de  true raw=true role=raw_true_explicit_target pol=fallthrough inv=True edge=cfg-edge-v1:0x1011d1->0x1011de direct_join=False
0x1011d1 -> 0x1011d7  false raw=false role=raw_false_fallthrough pol=fallthrough inv=False edge=cfg-edge-v1:0x1011d1->0x1011d7 direct_join=False
0x1011d7 -> 0x101217  uncond raw=uncond role=uncond pol=unknown inv=None edge=cfg-edge-v1:0x1011d7->0x101217 direct_join=False
0x1011de -> 0x1011eb  true raw=true role=raw_true_explicit_target pol=fallthrough inv=True edge=cfg-edge-v1:0x1011de->0x1011eb direct_join=False
0x1011de -> 0x1011e4  false raw=false role=raw_false_fallthrough pol=fallthrough inv=False edge=cfg-edge-v1:0x1011de->0x1011e4 direct_join=False
0x1011e4 -> 0x101217  uncond raw=uncond role=uncond pol=unknown inv=None edge=cfg-edge-v1:0x1011e4->0x101217 direct_join=False
0x1011eb -> 0x1011f8  true raw=true role=raw_true_explicit_target pol=fallthrough inv=True edge=cfg-edge-v1:0x1011eb->0x1011f8 direct_join=False
0x1011eb -> 0x1011f1  false raw=false role=raw_false_fallthrough pol=fallthrough inv=False edge=cfg-edge-v1:0x1011eb->0x1011f1 direct_join=False
0x1011f1 -> 0x101217  uncond raw=uncond role=uncond pol=unknown inv=None edge=cfg-edge-v1:0x1011f1->0x101217 direct_join=False
0x1011f8 -> 0x101205  true raw=true role=raw_true_explicit_target pol=fallthrough inv=True edge=cfg-edge-v1:0x1011f8->0x101205 direct_join=False
0x1011f8 -> 0x1011fe  false raw=false role=raw_false_fallthrough pol=fallthrough inv=False edge=cfg-edge-v1:0x1011f8->0x1011fe direct_join=False
0x1011fe -> 0x101217  uncond raw=uncond role=uncond pol=unknown inv=None edge=cfg-edge-v1:0x1011fe->0x101217 direct_join=False
0x101205 -> 0x101212  true raw=true role=raw_true_explicit_target pol=fallthrough inv=True edge=cfg-edge-v1:0x101205->0x101212 direct_join=False
0x101205 -> 0x10120b  false raw=false role=raw_false_fallthrough pol=fallthrough inv=False edge=cfg-edge-v1:0x101205->0x10120b direct_join=False
0x10120b -> 0x101217  uncond raw=uncond role=uncond pol=unknown inv=None edge=cfg-edge-v1:0x10120b->0x101217 direct_join=False
0x101212 -> 0x101217  uncond raw=uncond role=uncond pol=unknown inv=None edge=cfg-edge-v1:0x101212->0x101217 direct_join=False

[BRANCH RESOLUTION EVENTS]
{'kind': 'binary_branch_truth_bound_by_evidence_class_v21d', 'src': 1053104, 'first_dst': 1053124, 'second_dst': 1053117, 'hf_target': 1053124, 'hf_normalized_target': 1053124, 'direct_dst': 1053117, 'first_invert': True, 'second_invert': False, 'condition_truth_authority': 'raw_jcc_hf_relation_direct_flags', 'reason': 'branch_truth_evidence_v21d hf_target=0x1011c4 raw_target=0x1011c4 raw_fallthrough=0x1011bd legacy_hint=(mnemonic=JLE hf_cond_opcode=INT_SLESS) class=direct_flags', 'relation_evidence': {'version': 'ordered_relation_algebra_v23e', 'status': 'unresolved', 'mnemonic': 'JLE', 'raw_relation': 'LE', 'raw_domain': 'signed', 'hf_opcode': 'INT_SLESS', 'hf_relation': 'LT', 'hf_domain': 'signed', 'operand_profile': {'status': 'unresolved', 'reason': 'constant_threshold_requires_exact_value_custody', 'operand_count': 2, 'left_sid': 'v_493', 'right_sid': 'c_27_4', 'left_identity': ('high', 'high_rep:493'), 'right_identity': ('constant', 32, 27), 'left_width_bits': 32, 'right_width_bits': 32, 'left_constant': False, 'right_constant': True}, 'operand_orientation': None, 'relation_to_hf': None, 'invert_for_target': None, 'invert_for_fallthrough': None, 'reason': 'constant_threshold_requires_exact_value_custody', 'legacy_hint_resolved': True, 'selected_as_authority': False}, 'boolean_carrier_evidence': {'status': 'proven_boolean', 'reason': 'comparison_result_is_boolean', 'root_opcode': 'INT_SLESS', 'contains_multiequal': False, 'depth': 0}}
{'kind': 'binary_branch_truth_bound_by_evidence_class_v21d', 'src': 1053124, 'first_dst': 1053137, 'second_dst': 1053130, 'hf_target': 1053137, 'hf_normalized_target': 1053137, 'direct_dst': 1053130, 'first_invert': True, 'second_invert': False, 'condition_truth_authority': 'raw_jcc_hf_relation_direct_flags', 'reason': 'branch_truth_evidence_v21d hf_target=0x1011d1 raw_target=0x1011d1 raw_fallthrough=0x1011ca legacy_hint=(mnemonic=JLE hf_cond_opcode=INT_SLESS) class=direct_flags', 'relation_evidence': {'version': 'ordered_relation_algebra_v23e', 'status': 'unresolved', 'mnemonic': 'JLE', 'raw_relation': 'LE', 'raw_domain': 'signed', 'hf_opcode': 'INT_SLESS', 'hf_relation': 'LT', 'hf_domain': 'signed', 'operand_profile': {'status': 'unresolved', 'reason': 'constant_threshold_requires_exact_value_custody', 'operand_count': 2, 'left_sid': 'v_493', 'right_sid': 'c_23_4', 'left_identity': ('high', 'high_rep:493'), 'right_identity': ('constant', 32, 23), 'left_width_bits': 32, 'right_width_bits': 32, 'left_constant': False, 'right_constant': True}, 'operand_orientation': None, 'relation_to_hf': None, 'invert_for_target': None, 'invert_for_fallthrough': None, 'reason': 'constant_threshold_requires_exact_value_custody', 'legacy_hint_resolved': True, 'selected_as_authority': False}, 'boolean_carrier_evidence': {'status': 'proven_boolean', 'reason': 'comparison_result_is_boolean', 'root_opcode': 'INT_SLESS', 'contains_multiequal': False, 'depth': 0}}
{'kind': 'binary_branch_truth_bound_by_evidence_class_v21d', 'src': 1053137, 'first_dst': 1053150, 'second_dst': 1053143, 'hf_target': 1053150, 'hf_normalized_target': 1053150, 'direct_dst': 1053143, 'first_invert': True, 'second_invert': False, 'condition_truth_authority': 'raw_jcc_hf_relation_direct_flags', 'reason': 'branch_truth_evidence_v21d hf_target=0x1011de raw_target=0x1011de raw_fallthrough=0x1011d7 legacy_hint=(mnemonic=JLE hf_cond_opcode=INT_SLESS) class=direct_flags', 'relation_evidence': {'version': 'ordered_relation_algebra_v23e', 'status': 'unresolved', 'mnemonic': 'JLE', 'raw_relation': 'LE', 'raw_domain': 'signed', 'hf_opcode': 'INT_SLESS', 'hf_relation': 'LT', 'hf_domain': 'signed', 'operand_profile': {'status': 'unresolved', 'reason': 'constant_threshold_requires_exact_value_custody', 'operand_count': 2, 'left_sid': 'v_493', 'right_sid': 'c_19_4', 'left_identity': ('high', 'high_rep:493'), 'right_identity': ('constant', 32, 19), 'left_width_bits': 32, 'right_width_bits': 32, 'left_constant': False, 'right_constant': True}, 'operand_orientation': None, 'relation_to_hf': None, 'invert_for_target': None, 'invert_for_fallthrough': None, 'reason': 'constant_threshold_requires_exact_value_custody', 'legacy_hint_resolved': True, 'selected_as_authority': False}, 'boolean_carrier_evidence': {'status': 'proven_boolean', 'reason': 'comparison_result_is_boolean', 'root_opcode': 'INT_SLESS', 'contains_multiequal': False, 'depth': 0}}
{'kind': 'binary_branch_truth_bound_by_evidence_class_v21d', 'src': 1053150, 'first_dst': 1053163, 'second_dst': 1053156, 'hf_target': 1053163, 'hf_normalized_target': 1053163, 'direct_dst': 1053156, 'first_invert': True, 'second_invert': False, 'condition_truth_authority': 'raw_jcc_hf_relation_direct_flags', 'reason': 'branch_truth_evidence_v21d hf_target=0x1011eb raw_target=0x1011eb raw_fallthrough=0x1011e4 legacy_hint=(mnemonic=JLE hf_cond_opcode=INT_SLESS) class=direct_flags', 'relation_evidence': {'version': 'ordered_relation_algebra_v23e', 'status': 'unresolved', 'mnemonic': 'JLE', 'raw_relation': 'LE', 'raw_domain': 'signed', 'hf_opcode': 'INT_SLESS', 'hf_relation': 'LT', 'hf_domain': 'signed', 'operand_profile': {'status': 'unresolved', 'reason': 'constant_threshold_requires_exact_value_custody', 'operand_count': 2, 'left_sid': 'v_493', 'right_sid': 'c_15_4', 'left_identity': ('high', 'high_rep:493'), 'right_identity': ('constant', 32, 15), 'left_width_bits': 32, 'right_width_bits': 32, 'left_constant': False, 'right_constant': True}, 'operand_orientation': None, 'relation_to_hf': None, 'invert_for_target': None, 'invert_for_fallthrough': None, 'reason': 'constant_threshold_requires_exact_value_custody', 'legacy_hint_resolved': True, 'selected_as_authority': False}, 'boolean_carrier_evidence': {'status': 'proven_boolean', 'reason': 'comparison_result_is_boolean', 'root_opcode': 'INT_SLESS', 'contains_multiequal': False, 'depth': 0}}
{'kind': 'binary_branch_truth_bound_by_evidence_class_v21d', 'src': 1053163, 'first_dst': 1053176, 'second_dst': 1053169, 'hf_target': 1053176, 'hf_normalized_target': 1053176, 'direct_dst': 1053169, 'first_invert': True, 'second_invert': False, 'condition_truth_authority': 'raw_jcc_hf_relation_direct_flags', 'reason': 'branch_truth_evidence_v21d hf_target=0x1011f8 raw_target=0x1011f8 raw_fallthrough=0x1011f1 legacy_hint=(mnemonic=JLE hf_cond_opcode=INT_SLESS) class=direct_flags', 'relation_evidence': {'version': 'ordered_relation_algebra_v23e', 'status': 'unresolved', 'mnemonic': 'JLE', 'raw_relation': 'LE', 'raw_domain': 'signed', 'hf_opcode': 'INT_SLESS', 'hf_relation': 'LT', 'hf_domain': 'signed', 'operand_profile': {'status': 'unresolved', 'reason': 'constant_threshold_requires_exact_value_custody', 'operand_count': 2, 'left_sid': 'v_493', 'right_sid': 'c_11_4', 'left_identity': ('high', 'high_rep:493'), 'right_identity': ('constant', 32, 11), 'left_width_bits': 32, 'right_width_bits': 32, 'left_constant': False, 'right_constant': True}, 'operand_orientation': None, 'relation_to_hf': None, 'invert_for_target': None, 'invert_for_fallthrough': None, 'reason': 'constant_threshold_requires_exact_value_custody', 'legacy_hint_resolved': True, 'selected_as_authority': False}, 'boolean_carrier_evidence': {'status': 'proven_boolean', 'reason': 'comparison_result_is_boolean', 'root_opcode': 'INT_SLESS', 'contains_multiequal': False, 'depth': 0}}
{'kind': 'binary_branch_truth_bound_by_evidence_class_v21d', 'src': 1053176, 'first_dst': 1053189, 'second_dst': 1053182, 'hf_target': 1053189, 'hf_normalized_target': 1053189, 'direct_dst': 1053182, 'first_invert': True, 'second_invert': False, 'condition_truth_authority': 'raw_jcc_hf_relation_direct_flags', 'reason': 'branch_truth_evidence_v21d hf_target=0x101205 raw_target=0x101205 raw_fallthrough=0x1011fe legacy_hint=(mnemonic=JLE hf_cond_opcode=INT_SLESS) class=direct_flags', 'relation_evidence': {'version': 'ordered_relation_algebra_v23e', 'status': 'unresolved', 'mnemonic': 'JLE', 'raw_relation': 'LE', 'raw_domain': 'signed', 'hf_opcode': 'INT_SLESS', 'hf_relation': 'LT', 'hf_domain': 'signed', 'operand_profile': {'status': 'unresolved', 'reason': 'constant_threshold_requires_exact_value_custody', 'operand_count': 2, 'left_sid': 'v_493', 'right_sid': 'c_7_4', 'left_identity': ('high', 'high_rep:493'), 'right_identity': ('constant', 32, 7), 'left_width_bits': 32, 'right_width_bits': 32, 'left_constant': False, 'right_constant': True}, 'operand_orientation': None, 'relation_to_hf': None, 'invert_for_target': None, 'invert_for_fallthrough': None, 'reason': 'constant_threshold_requires_exact_value_custody', 'legacy_hint_resolved': True, 'selected_as_authority': False}, 'boolean_carrier_evidence': {'status': 'proven_boolean', 'reason': 'comparison_result_is_boolean', 'root_opcode': 'INT_SLESS', 'contains_multiequal': False, 'depth': 0}}
{'kind': 'binary_branch_truth_bound_by_evidence_class_v21d', 'src': 1053189, 'first_dst': 1053202, 'second_dst': 1053195, 'hf_target': 1053202, 'hf_normalized_target': 1053202, 'direct_dst': 1053195, 'first_invert': True, 'second_invert': False, 'condition_truth_authority': 'raw_jcc_hf_relation_direct_flags', 'reason': 'branch_truth_evidence_v21d hf_target=0x101212 raw_target=0x101212 raw_fallthrough=0x10120b legacy_hint=(mnemonic=JLE hf_cond_opcode=INT_SLESS) class=direct_flags', 'relation_evidence': {'version': 'ordered_relation_algebra_v23e', 'status': 'unresolved', 'mnemonic': 'JLE', 'raw_relation': 'LE', 'raw_domain': 'signed', 'hf_opcode': 'INT_SLESS', 'hf_relation': 'LT', 'hf_domain': 'signed', 'operand_profile': {'status': 'unresolved', 'reason': 'constant_threshold_requires_exact_value_custody', 'operand_count': 2, 'left_sid': 'v_493', 'right_sid': 'c_3_4', 'left_identity': ('high', 'high_rep:493'), 'right_identity': ('constant', 32, 3), 'left_width_bits': 32, 'right_width_bits': 32, 'left_constant': False, 'right_constant': True}, 'operand_orientation': None, 'relation_to_hf': None, 'invert_for_target': None, 'invert_for_fallthrough': None, 'reason': 'constant_threshold_requires_exact_value_custody', 'legacy_hint_resolved': True, 'selected_as_authority': False}, 'boolean_carrier_evidence': {'status': 'proven_boolean', 'reason': 'comparison_result_is_boolean', 'root_opcode': 'INT_SLESS', 'contains_multiequal': False, 'depth': 0}}

[EDGE IDENTITY v23 / BOHDI EMPEROR]
{'kind': 'cfg_edge_identity_inventory_v23', 'version': 'FunctionCFG_v23e_clothed_emperor_cfg_truth', 'id_schema': 'cfg_edge_identity_v1', 'canonical_identity': '(src_addr,dst_addr)', 'edges': 22, 'unique_edge_keys': 22, 'binary_cbranch_edges': 14, 'direct_join_edges': 0, 'direct_join_branch_arm_edges': 0, 'direct_join_loop_exit_edges': 0, 'direct_join_empty_arm_candidates': 0, 'warnings': 0, 'topology_mutations': 0, 'polarity_mutations': 0, 'rule': 'freeze_repaired_CFG_edge_identity_then_mark_exact_binary_CBRANCH_edge_to_IPDOM'}

[IPDOM]
0x1011b0 -> ipdom: 0x101217
0x1011bd -> ipdom: 0x101217
0x1011c4 -> ipdom: 0x101217
0x1011ca -> ipdom: 0x101217
0x1011d1 -> ipdom: 0x101217
0x1011d7 -> ipdom: 0x101217
0x1011de -> ipdom: 0x101217
0x1011e4 -> ipdom: 0x101217
0x1011eb -> ipdom: 0x101217
0x1011f1 -> ipdom: 0x101217
0x1011f8 -> ipdom: 0x101217
0x1011fe -> ipdom: 0x101217
0x101205 -> ipdom: 0x101217
0x10120b -> ipdom: 0x101217
0x101212 -> ipdom: 0x101217
0x101217 -> ipdom: None

=====================

===== PAL RESOLVER INDIRECT STORAGE v22c =====

[INVENTORY]
{'active': False,
 'address_tied_families': 0,
 'custody_transitions': 0,
 'effect_owner_groups': 0,
 'escape_barrier_sids': 0,
 'input_contracts': 0,
 'kind': 'resolver_indirect_storage_inventory_v22c',
 'machine_state_families': 0,
 'machine_state_sids': 0,
 'owner_categories': {},
 'parameter_initializers': 0,
 'persistent_families': 0,
 'rule': 'HighVariable_identity_families_plus_address_escape_alias_barrier',
 'runtime_order': 'CFG_governed_not_linearized',
 'storage_families': 0,
 'version': 'v22c_indirect_storage_families',
 'warnings': 0}

[STORAGE FAMILIES]

[PARAMETER INITIALIZERS / STORAGE WRITES]
[]

[WARNINGS]
[]
===== END PAL RESOLVER INDIRECT STORAGE =====

========================================================================
PALRAW AUDIT v0.3 :: raw instruction BLOCK p-code vs HF/PAL CFG
========================================================================

--- 0x10127f ---
Raw block  : 0x101217 -> next None
Instr count: 2
Terminal   : 0x101218 RET
Raw succs  : []
Norm succs : []
HF block   : 0x101217
CFG edges  : []
STATUS     : successors_match
Raw instructions:
   0x101217  POP RBP
   0x101218  RET
Terminal raw p-code:
    (register, 0x288, 8) LOAD (const, 0x1b1, 8) , (register, 0x20, 8)
    (register, 0x20, 8) INT_ADD (register, 0x20, 8) , (const, 0x8, 8)
     ---  RETURN (register, 0x288, 8)
HF/PAL ops :
    MULTIEQUAL [v_60, v_122, v_167, v_212, v_257, v_302, v_347, v_350] -> v_437
HF/PAL term:
    RETURN [0x0, v_437] -> None

--- 0x1011b6 ---
Raw block  : 0x1011b0 -> next 0x1011bd
Instr count: 5
Terminal   : 0x1011bb JLE 0x001011c4
Raw succs  : ['0x1011c4', '0x1011bd']
Norm succs : ['0x1011bd', '0x1011c4']
HF block   : 0x1011b0
CFG edges  : ['0x1011c4 role=raw_true_explicit_target raw=true', '0x1011bd role=raw_false_fallthrough raw=false']
STATUS     : successors_match
Raw instructions:
   0x1011b0  PUSH RBP
   0x1011b1  MOV RBP,RSP
   0x1011b4  MOV dword ptr [RBP + -0x4],EDI
   0x1011b7  CMP dword ptr [RBP + -0x4],0x1a
   0x1011bb  JLE 0x001011c4
Terminal raw p-code:
    (unique, 0x25d00, 1) INT_NOTEQUAL (register, 0x20b, 1) , (register, 0x207, 1)
    (unique, 0x25f00, 1) BOOL_OR (register, 0x206, 1) , (unique, 0x25d00, 1)
     ---  CBRANCH (ram, 0x1011c4, 8) , (unique, 0x25f00, 1)
HF/PAL ops :
    INT_SLESS [param_0, 0x1b] -> v_55
HF/PAL term:
    CBRANCH [LAB_001011c4, v_55] -> None cond=v_55

--- 0x101219 ---
Raw block  : 0x101217 -> next None
Instr count: 2
Terminal   : 0x101218 RET
Raw succs  : []
Norm succs : []
HF block   : 0x101217
CFG edges  : []
STATUS     : successors_match
Raw instructions:
   0x101217  POP RBP
   0x101218  RET
Terminal raw p-code:
    (register, 0x288, 8) LOAD (const, 0x1b1, 8) , (register, 0x20, 8)
    (register, 0x20, 8) INT_ADD (register, 0x20, 8) , (const, 0x8, 8)
     ---  RETURN (register, 0x288, 8)
HF/PAL ops :
    MULTIEQUAL [v_60, v_122, v_167, v_212, v_257, v_302, v_347, v_350] -> v_437
HF/PAL term:
    RETURN [0x0, v_437] -> None

--- 0x10120f ---
Raw block  : 0x10120b -> next 0x101212
Instr count: 2
Terminal   : 0x101210 JMP 0x00101217
Raw succs  : ['0x101217']
Norm succs : ['0x101217']
HF block   : 0x10120b
CFG edges  : ['0x101217 role=uncond raw=uncond']
STATUS     : successors_match
Raw instructions:
   0x10120b  MOV EAX,0x6
   0x101210  JMP 0x00101217
Terminal raw p-code:
     ---  BRANCH (ram, 0x101217, 8)
HF/PAL ops :
    COPY [0x6] -> v_347
HF/PAL term:
    BRANCH [LAB_00101217] -> None

--- 0x101221 ---
Raw block  : 0x101217 -> next None
Instr count: 2
Terminal   : 0x101218 RET
Raw succs  : []
Norm succs : []
HF block   : 0x101217
CFG edges  : []
STATUS     : successors_match
Raw instructions:
   0x101217  POP RBP
   0x101218  RET
Terminal raw p-code:
    (register, 0x288, 8) LOAD (const, 0x1b1, 8) , (register, 0x20, 8)
    (register, 0x20, 8) INT_ADD (register, 0x20, 8) , (const, 0x8, 8)
     ---  RETURN (register, 0x288, 8)
HF/PAL ops :
    MULTIEQUAL [v_60, v_122, v_167, v_212, v_257, v_302, v_347, v_350] -> v_437
HF/PAL term:
    RETURN [0x0, v_437] -> None

--- 0x101284 ---
Raw block  : 0x101217 -> next None
Instr count: 2
Terminal   : 0x101218 RET
Raw succs  : []
Norm succs : []
HF block   : 0x101217
CFG edges  : []
STATUS     : successors_match
Raw instructions:
   0x101217  POP RBP
   0x101218  RET
Terminal raw p-code:
    (register, 0x288, 8) LOAD (const, 0x1b1, 8) , (register, 0x20, 8)
    (register, 0x20, 8) INT_ADD (register, 0x20, 8) , (const, 0x8, 8)
     ---  RETURN (register, 0x288, 8)
HF/PAL ops :
    MULTIEQUAL [v_60, v_122, v_167, v_212, v_257, v_302, v_347, v_350] -> v_437
HF/PAL term:
    RETURN [0x0, v_437] -> None

--- 0x10127f ---
Raw block  : 0x101217 -> next None
Instr count: 2
Terminal   : 0x101218 RET
Raw succs  : []
Norm succs : []
HF block   : 0x101217
CFG edges  : []
STATUS     : successors_match
Raw instructions:
   0x101217  POP RBP
   0x101218  RET
Terminal raw p-code:
    (register, 0x288, 8) LOAD (const, 0x1b1, 8) , (register, 0x20, 8)
    (register, 0x20, 8) INT_ADD (register, 0x20, 8) , (const, 0x8, 8)
     ---  RETURN (register, 0x288, 8)
HF/PAL ops :
    MULTIEQUAL [v_60, v_122, v_167, v_212, v_257, v_302, v_347, v_350] -> v_437
HF/PAL term:
    RETURN [0x0, v_437] -> None

========================================================================

===== PAL COMPUTE ANALYZER =====
{'kind': 'pal_compute_inventory_v22',
 'version': 'v23b_abi_thunk_compatibility_return_reconciliation',
 'runtime_representation': 'raw_unsigned_bitvector_at_ssa_boundaries',
 'operations': 16,
 'output_plans': 16,
 'control_contracts': 15,
 'c_compute_filtered': 8,
 'use_site_overrides': 0,
 'return_observation_view_mismatches': 0,
 'storage_custody_related_ops': 0,
 'indirect_custody_contracts': 0,
 'indirect_custody_resolved': 0,
 'indirect_custody_deferred': 0,
 'indirect_effect_owner_compute_ops': 0,
 'storage_family_bindings': 0,
 'function_entry_abi_plan': True,
 'call_site_abi_plans': 0,
 'internal_call_plan_failures': 0,
 'unsupported_implicit_inputs': 0,
 'abi_runtime_helper_assignments': 0,
 'no_return_calls': 0,
 'reachable_return_boundaries': 1,
 'unreachable_return_boundaries': 0,
 'synthetic_no_return_continuations_suppressed': 0,
 'statuses': {'helper_required': 7, 'metadata_only': 9},
 'categories': {'comparison': 7, 'transport': 8, 'phi_merge': 1},
 'helpers': {'c_slt': 7},
 'opcodes': {'INT_SLESS': 7, 'COPY': 8, 'MULTIEQUAL': 1},
 'warnings': 0}

[WARNINGS]
[]

[METADATA-ONLY COMPUTE BOUNDARIES]
0x101217 MULTIEQUAL ['v_60', 'v_122', 'v_167', 'v_212', 'v_257', 'v_302', 'v_347', 'v_350'] -> v_437 classification=None

[HELPER-REQUIRED CONTRACTS]
0x1011b0 INT_SLESS v_55 helper=c_slt widths=[32, 32]->8 overrides=0
0x1011c4 INT_SLESS v_117 helper=c_slt widths=[32, 32]->8 overrides=0
0x1011d1 INT_SLESS v_162 helper=c_slt widths=[32, 32]->8 overrides=0
0x1011de INT_SLESS v_207 helper=c_slt widths=[32, 32]->8 overrides=0
0x1011eb INT_SLESS v_252 helper=c_slt widths=[32, 32]->8 overrides=0
0x1011f8 INT_SLESS v_297 helper=c_slt widths=[32, 32]->8 overrides=0
0x101205 INT_SLESS v_342 helper=c_slt widths=[32, 32]->8 overrides=0

[INDIRECT STORAGE-CUSTODY CONTRACTS]

[INDIRECT CUSTODY INVENTORY]
{'kind': 'pal_compute_indirect_custody_inventory_v22d',
 'version': 'v23b_abi_thunk_compatibility_return_reconciliation',
 'resolver_transitions': 0,
 'compute_indirect_contracts': 0,
 'resolved_custody': 0,
 'deferred_custody': 0,
 'effect_owner_compute_bindings': 0,
 'effect_owner_compute_ops': 0,
 'owner_categories': {},
 'storage_families': 0,
 'storage_sid_bindings': 0,
 'address_escape_barrier_sids': 0,
 'parameter_storage_initializers': 0,
 'runtime_helpers': 0,
 'warnings': 0,
 'rule': 'INDIRECT_is_metadata_only_owner_bound_storage_transition'}

[ABI-D ENTRY/CALL PLAN INVENTORY]
{'kind': 'pal_compute_abi_plan_inventory_v23',
 'version': 'v23b_abi_thunk_compatibility_return_reconciliation',
 'function': 'craft_row_for_altitude',
 'entry_plan_present': True,
 'entry_plan_status': 'ready',
 'fixed_arguments': 1,
 'implicit_inputs': 0,
 'implicit_inputs_unsupported': 0,
 'call_compute_contracts': 0,
 'call_site_plans': 0,
 'call_sites_without_plan': 0,
 'call_statuses': {},
 'dispatch_classes': {},
 'internal_calls': 0,
 'internal_calls_with_target_compatible_plan': 0,
 'internal_calls_without_target_compatible_plan': 0,
 'internal_calls_with_deferred_target_compatibility': 0,
 'internal_calls_with_incompatible_target': 0,
 'internal_calls_without_transport_plan': 0,
 'external_calls': 0,
 'thunk_calls': 0,
 'external_via_thunk_calls': 0,
 'thunk_endpoint_deferred_calls': 0,
 'thunk_calls_misclassified_internal': 0,
 'target_compatibility_overclaims': 0,
 'no_return_calls': 0,
 'result_carrier_contracts': 0,
 'abi_runtime_helper_assignments': 0,
 'warnings': 0,
 'acceptance_gates': {'every_emitted_function_has_entry_plan': True,
                      'every_call_has_call_site_plan': True,
                      'every_internal_call_has_target_compatible_plan': True,
                      'every_internal_call_has_carrier_transport_plan': True,
                      'no_resolved_thunk_misclassified_internal': True,
                      'no_target_compatibility_overclaim': True,
                      'no_implicit_input_is_unsupported': True,
                      'no_runtime_helper_assigned_by_ABI_guesswork': True},
 'return_boundary_reconciliation': {'kind': 'pal_compute_return_boundary_reconciliation_v23b',
                                    'version': 'v23b_abi_thunk_compatibility_return_reconciliation',
                                    'function': 'craft_row_for_altitude',
                                    'entry_block_addr': 1053104,
                                    'cfg_evidence_available': True,
                                    'no_return_terminating_blocks': [],
                                    'no_return_call_op_keys': [],
                                    'return_boundaries': 1,
                                    'reachable_return_boundaries': 1,
                                    'unreachable_return_boundaries': 0,
                                    'deferred_return_boundaries': 0,
                                    'reachable_return_widths': [64],
                                    'width_reconciled': True,
                                    'synthetic_no_return_continuations_suppressed': 0,
                                    'rule': 'traverse_CFG_with_no_return_blocks_as_terminal_then_reconcile_reachable_raw_return_transports_only'},
 'rule': 'ABI_A_B_C_authority_only_thunk_endpoint_and_compatibility_tri_state_no_downstream_argument_reinference'}

[FUNCTION ENTRY ABI PLAN]
{'plan_id': 'function_entry:1053104',
 'status': 'ready',
 'callable_signature_status': 'legacy_non_variadic_fallback',
 'fixed_argument_count': 1,
 'implicit_input_count': 0,
 'variadic_register_save_area': {'required': False,
                                 'status': 'not_required',
                                 'slots': [{'sid': 'v_493',
                                            'bank': 'gp',
                                            'index': 0,
                                            'register': 'EDI',
                                            'width_bits': 32,
                                            'canonical_alias': 'param_0',
                                            'owner_namespace': 'logical_parameter',
                                            'owner_role': 'callable_parameter_carrier',
                                            'materialization': 'capture_entry_register_bits',
                                            'source': 'abi_context.registers',
                                            'runtime_helper': None,
                                            'authority': 'PALSymbolResolver_ABI_C_physical_carrier_binding'}],
                                 'gp_slots': [{'sid': 'v_493',
                                               'bank': 'gp',
                                               'index': 0,
                                               'register': 'EDI',
                                               'width_bits': 32,
                                               'canonical_alias': 'param_0',
                                               'owner_namespace': 'logical_parameter',
                                               'owner_role': 'callable_parameter_carrier',
                                               'materialization': 'capture_entry_register_bits',
                                               'source': 'abi_context.registers',
                                               'runtime_helper': None,
                                               'authority': 'PALSymbolResolver_ABI_C_physical_carrier_binding'}],
                                 'sse_slots': [],
                                 'fixed_variadic_partition_status': 'deferred_to_entry_protocol_analysis',
                                 'source': 'abi_context.registers',
                                 'authority': 'ABI_C_carriers_plus_variadic_contract'},
 'overflow_argument_area': {'required': False,
                            'status': 'not_required',
                            'source': 'abi_context.overflow_argument_area',
                            'observed_stack_carriers': [],
                            'materialization': 'consume_preclassified_overflow_slots',
                            'offset_inference_allowed': False,
                            'authority': 'ABI_C_stack_carriers_or_variadic_protocol'},
 'variadic_al': {'required': False,
                 'status': 'not_required',
                 'source': 'abi_context.variadic_xmm_count',
                 'inputs': [],
                 'default_allowed': False,
                 'authority': 'ABI_C_variadic_xmm_count_contract'},
 'frame_base': {'required': False,
                'status': 'not_observed',
                'source': 'abi_context.frame_base',
                'inputs': [],
                'derive_from_parameter_names': False,
                'authority': 'ABI_C_frame_state_custody'},
 'tls_base': {'required': False,
              'status': 'not_observed',
              'source': 'abi_context.tls_base',
              'inputs': [],
              'derive_from_expression_names': False,
              'authority': 'ABI_C_tls_state_custody'},
 'return_contract': {'kind': 'pal_compute_return_carrier_contract_abi_d',
                     'version': 'v23b_abi_thunk_compatibility_return_reconciliation',
                     'status': 'return_width_proven_carrier_deferred',
                     'no_return': False,
                     'output_sid': None,
                     'output_width_bits': None,
                     'declared_width_bits': None,
                     'effective_result_width_bits': 64,
                     'declared_return': {'name': 'undefined',
                                         'display_name': 'undefined',
                                         'class_name': 'DefaultDataType',
                                         'length_bytes': 1,
                                         'width_bits': 8,
                                         'signed': None,
                                         'kind_hint': None},
                     'return_storage': {'repr': '<UNASSIGNED>',
                                        'size_bytes': 0,
                                        'flags': {'register': False,
                                                  'stack': False,
                                                  'memory': False,
                                                  'unassigned': True,
                                                  'void': False,
                                                  'auto': False},
                                        'pieces': [],
                                        'storage_keys': []},
                     'carrier_pieces': [],
                     'normalization': {'mode': 'mask_to_output_width',
                                       'width_bits': 64,
                                       'mask': 18446744073709551615},
                     'runtime_helper': None,
                     'runtime_helper_authority': 'no_ABI_runtime_helper_assigned',
                     'authority': 'reachable_raw_return_transport',
                     'reported_declared_width_bits': 8,
                     'declared_width_authoritative': False,
                     'declared_return_evidence_status': 'non_authoritative_default_or_unresolved_prototype',
                     'transport_width_bits': 64,
                     'logical_result_width_bits': 64,
                     'reachable_return_widths': [64],
                     'reachable_return_boundary_count': 1,
                     'unreachable_return_boundary_count': 0,
                     'deferred_return_boundary_count': 0},
 'reachable_return_boundaries': [{'block_addr': 1053207,
                                  'return_value_sid': 'v_437',
                                  'return_value_width_bits': 64,
                                  'return_transport_width_bits': 64,
                                  'return_logical_width_bits': 64,
                                  'return_declared_view': None,
                                  'return_boundary_authority': 'raw_return_register_transport',
                                  'return_reachability': 'reachable',
                                  'reachable_return': True,
                                  'execution_suppressed': False,
                                  'emission_policy': 'emit_reachable_return_boundary',
                                  'cut_by_no_return_blocks': [],
                                  'cut_by_no_return_call_op_keys': []}],
 'unreachable_return_boundaries': []}

[RETURN BOUNDARY RECONCILIATION]
{'kind': 'pal_compute_return_boundary_reconciliation_v23b',
 'version': 'v23b_abi_thunk_compatibility_return_reconciliation',
 'function': 'craft_row_for_altitude',
 'entry_block_addr': 1053104,
 'cfg_evidence_available': True,
 'no_return_terminating_blocks': [],
 'no_return_call_op_keys': [],
 'return_boundaries': 1,
 'reachable_return_boundaries': 1,
 'unreachable_return_boundaries': 0,
 'deferred_return_boundaries': 0,
 'reachable_return_widths': [64],
 'width_reconciled': True,
 'synthetic_no_return_continuations_suppressed': 0,
 'rule': 'traverse_CFG_with_no_return_blocks_as_terminal_then_reconcile_reachable_raw_return_transports_only'}

[CALL SITE ABI PLANS]
===== END PAL COMPUTE ANALYZER =====


=========== SGL EXECUTION TREE ===========

sequence
  if [cond=(param_0 < 0x1b)]
    then
      if [cond=(param_0 < 0x17)]
        then
          if [cond=(param_0 < 0x13)]
            then
              if [cond=(param_0 < 0xf)]
                then
                  if [cond=(param_0 < 0xb)]
                    then
                      if [cond=(param_0 < 7)]
                        then
                          if [cond=(param_0 < 3)]
                            then
                              sequence
                                block [0x101212]
                            else
                              sequence
                                block [0x10120b]
                        else
                          sequence
                            block [0x1011fe]
                    else
                      sequence
                        block [0x1011f1]
                else
                  sequence
                    block [0x1011e4]
            else
              sequence
                block [0x1011d7]
        else
          sequence
            block [0x1011ca]
    else
      sequence
        block [0x1011bd]
  sequence
    block [0x101217]

=========== END TREE ===========

[SGL EXEC TREE PERSISTED] path=/home/rem/gh/PAL/pyghidra-PAL/PAL/PAL_logs/f_00000000001011b0_craft_row_for_altitude.sgl.exec_tree.log mode=append temporary=False delete_on_completion=False

[PHI DROP-INS]
------------------------------------------------------------
pred=0x1011bd -> join=0x101217 :: v_437 = v_60
pred=0x1011ca -> join=0x101217 :: v_437 = v_122
pred=0x1011d7 -> join=0x101217 :: v_437 = v_167
pred=0x1011e4 -> join=0x101217 :: v_437 = v_212
pred=0x1011f1 -> join=0x101217 :: v_437 = v_257
pred=0x1011fe -> join=0x101217 :: v_437 = v_302
pred=0x10120b -> join=0x101217 :: v_437 = v_347
pred=0x101212 -> join=0x101217 :: v_437 = v_350
------------------------------------------------------------
{'active': True,
 'bound_plans': 16,
 'control_contracts_forwarded': 15,
 'input_op_contracts': 16,
 'input_plans': 16,
 'kind': 'phi_compute_consumer_inventory_v21',
 'outputless_contracts_forwarded': 0,
 'phi_merge_contracts': 1,
 'phi_transition_contracts': 8,
 'preserved_compute_boundaries': 8,
 'preserved_deferred_contracts': 0,
 'preserved_outputless_boundaries': 0,
 'preserved_outputless_deferred_contracts': 0,
 'preserved_outputless_helpers': 0,
 'preserved_runtime_helpers': 7,
 'rule': 'preserve_PALCompute_authority_remap_execution_destination_only',
 'state_alias_bindings': 0,
 'transition_owners': {'predecessor_phi_dropin': 8},
 'version': 'v21_compute_contract_consumers',
 'warnings': 0}
[]
          OK -> functions.f_00000000001011b0_craft_row_for_altitude
[14/30] decompile Global::print_sky_row @ 0x101219

===== CFG DEBUG =====

[EDGES]
0x101219 -> 0x101240  true raw=true role=raw_true_explicit_target pol=fallthrough inv=True edge=cfg-edge-v1:0x101219->0x101240 direct_join=False
0x101219 -> 0x10122f  false raw=false role=raw_false_fallthrough pol=fallthrough inv=False edge=cfg-edge-v1:0x101219->0x10122f direct_join=False
0x10122f -> 0x101250  uncond raw=uncond role=uncond pol=unknown inv=None edge=cfg-edge-v1:0x10122f->0x101250 direct_join=False
0x101240 -> 0x101250  uncond raw=uncond role=uncond pol=unknown inv=None edge=cfg-edge-v1:0x101240->0x101250 direct_join=False

[BRANCH RESOLUTION EVENTS]
{'kind': 'binary_branch_truth_bound_by_evidence_class_v21d', 'src': 1053209, 'first_dst': 1053248, 'second_dst': 1053231, 'hf_target': 1053248, 'hf_normalized_target': 1053248, 'direct_dst': 1053231, 'first_invert': True, 'second_invert': False, 'condition_truth_authority': 'raw_jcc_hf_relation_direct_flags', 'reason': 'branch_truth_evidence_v21d hf_target=0x101240 raw_target=0x101240 raw_fallthrough=0x10122f legacy_hint=(mnemonic=JNZ hf_cond_opcode=INT_EQUAL) class=direct_flags', 'relation_evidence': {'version': 'ordered_relation_algebra_v23e', 'status': 'unresolved', 'mnemonic': 'JNZ', 'raw_relation': None, 'raw_domain': None, 'hf_opcode': 'INT_EQUAL', 'hf_relation': None, 'hf_domain': None, 'operand_profile': {'status': 'proven_runtime_pair', 'reason': 'two_distinct_nonconstant_equal_width_hf_operands', 'operand_count': 2, 'left_sid': 'v_299', 'right_sid': 'v_288', 'left_identity': ('high', 'high_rep:299'), 'right_identity': ('high', 'high_rep:288'), 'left_width_bits': 32, 'right_width_bits': 32, 'left_constant': False, 'right_constant': False}, 'operand_orientation': None, 'relation_to_hf': None, 'invert_for_target': None, 'invert_for_fallthrough': None, 'reason': 'ordered_relation_family_not_applicable', 'legacy_hint_resolved': True, 'selected_as_authority': False}, 'boolean_carrier_evidence': {'status': 'proven_boolean', 'reason': 'comparison_result_is_boolean', 'root_opcode': 'INT_EQUAL', 'contains_multiequal': False, 'depth': 0}}

[EDGE IDENTITY v23 / BOHDI EMPEROR]
{'kind': 'cfg_edge_identity_inventory_v23', 'version': 'FunctionCFG_v23e_clothed_emperor_cfg_truth', 'id_schema': 'cfg_edge_identity_v1', 'canonical_identity': '(src_addr,dst_addr)', 'edges': 4, 'unique_edge_keys': 4, 'binary_cbranch_edges': 2, 'direct_join_edges': 0, 'direct_join_branch_arm_edges': 0, 'direct_join_loop_exit_edges': 0, 'direct_join_empty_arm_candidates': 0, 'warnings': 0, 'topology_mutations': 0, 'polarity_mutations': 0, 'rule': 'freeze_repaired_CFG_edge_identity_then_mark_exact_binary_CBRANCH_edge_to_IPDOM'}

[IPDOM]
0x101219 -> ipdom: 0x101250
0x10122f -> ipdom: 0x101250
0x101240 -> ipdom: 0x101250
0x101250 -> ipdom: None

=====================

===== PAL RESOLVER INDIRECT STORAGE v22c =====

[INVENTORY]
{'active': False,
 'address_tied_families': 0,
 'custody_transitions': 0,
 'effect_owner_groups': 0,
 'escape_barrier_sids': 0,
 'input_contracts': 0,
 'kind': 'resolver_indirect_storage_inventory_v22c',
 'machine_state_families': 0,
 'machine_state_sids': 0,
 'owner_categories': {},
 'parameter_initializers': 0,
 'persistent_families': 0,
 'rule': 'HighVariable_identity_families_plus_address_escape_alias_barrier',
 'runtime_order': 'CFG_governed_not_linearized',
 'storage_families': 0,
 'version': 'v22c_indirect_storage_families',
 'warnings': 0}

[STORAGE FAMILIES]

[PARAMETER INITIALIZERS / STORAGE WRITES]
[]

[WARNINGS]
[]
===== END PAL RESOLVER INDIRECT STORAGE =====

========================================================================
PALRAW AUDIT v0.3 :: raw instruction BLOCK p-code vs HF/PAL CFG
========================================================================

--- 0x10127f ---
Raw block  : 0x101250 -> next None
Instr count: 2
Terminal   : 0x101251 RET
Raw succs  : []
Norm succs : []
HF block   : 0x101250
CFG edges  : []
STATUS     : successors_match
Raw instructions:
   0x101250  LEAVE
   0x101251  RET
Terminal raw p-code:
    (register, 0x288, 8) LOAD (const, 0x1b1, 8) , (register, 0x20, 8)
    (register, 0x20, 8) INT_ADD (register, 0x20, 8) , (const, 0x8, 8)
     ---  RETURN (register, 0x288, 8)
HF/PAL ops :
HF/PAL term:
    RETURN [0x0] -> None

--- 0x1011b6 ---
Raw block  : 0x1011b6 -> next 0x101219
Instr count: 0
Terminal   : None None
Raw succs  : []
Norm succs : None
HF block   : None
CFG edges  : []
STATUS     : no_hf_block
NOTE       : No PAL/HighFunction block mapped to this address.
Raw instructions:
Terminal raw p-code:
HF/PAL ops :

--- 0x101219 ---
Raw block  : 0x101219 -> next 0x10122f
Instr count: 8
Terminal   : 0x10122d JNZ 0x00101240
Raw succs  : ['0x101240', '0x10122f']
Norm succs : ['0x10122f', '0x101240']
HF block   : 0x101219
CFG edges  : ['0x101240 role=raw_true_explicit_target raw=true', '0x10122f role=raw_false_fallthrough raw=false']
STATUS     : successors_match
Raw instructions:
   0x101219  PUSH RBP
   0x10121a  MOV RBP,RSP
   0x10121d  SUB RSP,0x10
   0x101221  MOV dword ptr [RBP + -0x4],EDI
   0x101224  MOV dword ptr [RBP + -0x8],ESI
   0x101227  MOV EAX,dword ptr [RBP + -0x4]
   0x10122a  CMP EAX,dword ptr [RBP + -0x8]
   0x10122d  JNZ 0x00101240
Terminal raw p-code:
    (unique, 0x24f00, 1) BOOL_NEGATE (register, 0x206, 1)
     ---  CBRANCH (ram, 0x101240, 8) , (unique, 0x24f00, 1)
HF/PAL ops :
    INT_EQUAL [param_0, param_1] -> v_82
HF/PAL term:
    CBRANCH [LAB_00101240, v_82] -> None cond=v_82

--- 0x10120f ---
Raw block  : 0x10120f -> next 0x101219
Instr count: 0
Terminal   : None None
Raw succs  : []
Norm succs : None
HF block   : None
CFG edges  : []
STATUS     : no_hf_block
NOTE       : No PAL/HighFunction block mapped to this address.
Raw instructions:
Terminal raw p-code:
HF/PAL ops :

--- 0x101221 ---
Raw block  : 0x101219 -> next 0x10122f
Instr count: 8
Terminal   : 0x10122d JNZ 0x00101240
Raw succs  : ['0x101240', '0x10122f']
Norm succs : ['0x10122f', '0x101240']
HF block   : 0x101219
CFG edges  : ['0x101240 role=raw_true_explicit_target raw=true', '0x10122f role=raw_false_fallthrough raw=false']
STATUS     : successors_match
Raw instructions:
   0x101219  PUSH RBP
   0x10121a  MOV RBP,RSP
   0x10121d  SUB RSP,0x10
   0x101221  MOV dword ptr [RBP + -0x4],EDI
   0x101224  MOV dword ptr [RBP + -0x8],ESI
   0x101227  MOV EAX,dword ptr [RBP + -0x4]
   0x10122a  CMP EAX,dword ptr [RBP + -0x8]
   0x10122d  JNZ 0x00101240
Terminal raw p-code:
    (unique, 0x24f00, 1) BOOL_NEGATE (register, 0x206, 1)
     ---  CBRANCH (ram, 0x101240, 8) , (unique, 0x24f00, 1)
HF/PAL ops :
    INT_EQUAL [param_0, param_1] -> v_82
HF/PAL term:
    CBRANCH [LAB_00101240, v_82] -> None cond=v_82

--- 0x101284 ---
Raw block  : 0x101250 -> next None
Instr count: 2
Terminal   : 0x101251 RET
Raw succs  : []
Norm succs : []
HF block   : 0x101250
CFG edges  : []
STATUS     : successors_match
Raw instructions:
   0x101250  LEAVE
   0x101251  RET
Terminal raw p-code:
    (register, 0x288, 8) LOAD (const, 0x1b1, 8) , (register, 0x20, 8)
    (register, 0x20, 8) INT_ADD (register, 0x20, 8) , (const, 0x8, 8)
     ---  RETURN (register, 0x288, 8)
HF/PAL ops :
HF/PAL term:
    RETURN [0x0] -> None

--- 0x10127f ---
Raw block  : 0x101250 -> next None
Instr count: 2
Terminal   : 0x101251 RET
Raw succs  : []
Norm succs : []
HF block   : 0x101250
CFG edges  : []
STATUS     : successors_match
Raw instructions:
   0x101250  LEAVE
   0x101251  RET
Terminal raw p-code:
    (register, 0x288, 8) LOAD (const, 0x1b1, 8) , (register, 0x20, 8)
    (register, 0x20, 8) INT_ADD (register, 0x20, 8) , (const, 0x8, 8)
     ---  RETURN (register, 0x288, 8)
HF/PAL ops :
HF/PAL term:
    RETURN [0x0] -> None

========================================================================

===== PAL COMPUTE ANALYZER =====
{'kind': 'pal_compute_inventory_v22',
 'version': 'v23b_abi_thunk_compatibility_return_reconciliation',
 'runtime_representation': 'raw_unsigned_bitvector_at_ssa_boundaries',
 'operations': 5,
 'output_plans': 3,
 'control_contracts': 3,
 'c_compute_filtered': 3,
 'use_site_overrides': 0,
 'return_observation_view_mismatches': 0,
 'storage_custody_related_ops': 0,
 'indirect_custody_contracts': 0,
 'indirect_custody_resolved': 0,
 'indirect_custody_deferred': 0,
 'indirect_effect_owner_compute_ops': 0,
 'storage_family_bindings': 0,
 'function_entry_abi_plan': True,
 'call_site_abi_plans': 2,
 'internal_call_plan_failures': 0,
 'unsupported_implicit_inputs': 0,
 'abi_runtime_helper_assignments': 0,
 'no_return_calls': 0,
 'reachable_return_boundaries': 1,
 'unreachable_return_boundaries': 0,
 'synthetic_no_return_continuations_suppressed': 0,
 'statuses': {'helper_required': 1, 'metadata_only': 2, 'deferred_external': 2},
 'categories': {'comparison': 1, 'transport': 2, 'call_boundary': 2},
 'helpers': {'c_eq': 1},
 'opcodes': {'INT_EQUAL': 1, 'COPY': 2, 'CALL': 2},
 'warnings': 0}

[WARNINGS]
[]

[METADATA-ONLY COMPUTE BOUNDARIES]

[HELPER-REQUIRED CONTRACTS]
0x101219 INT_EQUAL v_82 helper=c_eq widths=[32, 32]->8 overrides=0

[INDIRECT STORAGE-CUSTODY CONTRACTS]

[INDIRECT CUSTODY INVENTORY]
{'kind': 'pal_compute_indirect_custody_inventory_v22d',
 'version': 'v23b_abi_thunk_compatibility_return_reconciliation',
 'resolver_transitions': 0,
 'compute_indirect_contracts': 0,
 'resolved_custody': 0,
 'deferred_custody': 0,
 'effect_owner_compute_bindings': 0,
 'effect_owner_compute_ops': 0,
 'owner_categories': {},
 'storage_families': 0,
 'storage_sid_bindings': 0,
 'address_escape_barrier_sids': 0,
 'parameter_storage_initializers': 0,
 'runtime_helpers': 0,
 'warnings': 0,
 'rule': 'INDIRECT_is_metadata_only_owner_bound_storage_transition'}

[ABI-D ENTRY/CALL PLAN INVENTORY]
{'kind': 'pal_compute_abi_plan_inventory_v23',
 'version': 'v23b_abi_thunk_compatibility_return_reconciliation',
 'function': 'print_sky_row',
 'entry_plan_present': True,
 'entry_plan_status': 'ready',
 'fixed_arguments': 2,
 'implicit_inputs': 0,
 'implicit_inputs_unsupported': 0,
 'call_compute_contracts': 2,
 'call_site_plans': 2,
 'call_sites_without_plan': 0,
 'call_statuses': {'ready': 2},
 'dispatch_classes': {'external_via_import_thunk': 2},
 'internal_calls': 0,
 'internal_calls_with_target_compatible_plan': 0,
 'internal_calls_without_target_compatible_plan': 0,
 'internal_calls_with_deferred_target_compatibility': 0,
 'internal_calls_with_incompatible_target': 0,
 'internal_calls_without_transport_plan': 0,
 'external_calls': 2,
 'thunk_calls': 2,
 'external_via_thunk_calls': 2,
 'thunk_endpoint_deferred_calls': 0,
 'thunk_calls_misclassified_internal': 0,
 'target_compatibility_overclaims': 0,
 'no_return_calls': 0,
 'result_carrier_contracts': 2,
 'abi_runtime_helper_assignments': 0,
 'warnings': 0,
 'acceptance_gates': {'every_emitted_function_has_entry_plan': True,
                      'every_call_has_call_site_plan': True,
                      'every_internal_call_has_target_compatible_plan': True,
                      'every_internal_call_has_carrier_transport_plan': True,
                      'no_resolved_thunk_misclassified_internal': True,
                      'no_target_compatibility_overclaim': True,
                      'no_implicit_input_is_unsupported': True,
                      'no_runtime_helper_assigned_by_ABI_guesswork': True},
 'return_boundary_reconciliation': {'kind': 'pal_compute_return_boundary_reconciliation_v23b',
                                    'version': 'v23b_abi_thunk_compatibility_return_reconciliation',
                                    'function': 'print_sky_row',
                                    'entry_block_addr': 1053209,
                                    'cfg_evidence_available': True,
                                    'no_return_terminating_blocks': [],
                                    'no_return_call_op_keys': [],
                                    'return_boundaries': 1,
                                    'reachable_return_boundaries': 1,
                                    'unreachable_return_boundaries': 0,
                                    'deferred_return_boundaries': 0,
                                    'reachable_return_widths': [64],
                                    'width_reconciled': True,
                                    'synthetic_no_return_continuations_suppressed': 0,
                                    'rule': 'traverse_CFG_with_no_return_blocks_as_terminal_then_reconcile_reachable_raw_return_transports_only'},
 'rule': 'ABI_A_B_C_authority_only_thunk_endpoint_and_compatibility_tri_state_no_downstream_argument_reinference'}

[FUNCTION ENTRY ABI PLAN]
{'plan_id': 'function_entry:1053209',
 'status': 'ready',
 'callable_signature_status': 'legacy_non_variadic_fallback',
 'fixed_argument_count': 2,
 'implicit_input_count': 0,
 'variadic_register_save_area': {'required': False,
                                 'status': 'not_required',
                                 'slots': [{'sid': 'v_299',
                                            'bank': 'gp',
                                            'index': 0,
                                            'register': 'EDI',
                                            'width_bits': 32,
                                            'canonical_alias': 'param_0',
                                            'owner_namespace': 'logical_parameter',
                                            'owner_role': 'callable_parameter_carrier',
                                            'materialization': 'capture_entry_register_bits',
                                            'source': 'abi_context.registers',
                                            'runtime_helper': None,
                                            'authority': 'PALSymbolResolver_ABI_C_physical_carrier_binding'},
                                           {'sid': 'v_288',
                                            'bank': 'gp',
                                            'index': 1,
                                            'register': 'ESI',
                                            'width_bits': 32,
                                            'canonical_alias': 'param_1',
                                            'owner_namespace': 'logical_parameter',
                                            'owner_role': 'callable_parameter_carrier',
                                            'materialization': 'capture_entry_register_bits',
                                            'source': 'abi_context.registers',
                                            'runtime_helper': None,
                                            'authority': 'PALSymbolResolver_ABI_C_physical_carrier_binding'}],
                                 'gp_slots': [{'sid': 'v_299',
                                               'bank': 'gp',
                                               'index': 0,
                                               'register': 'EDI',
                                               'width_bits': 32,
                                               'canonical_alias': 'param_0',
                                               'owner_namespace': 'logical_parameter',
                                               'owner_role': 'callable_parameter_carrier',
                                               'materialization': 'capture_entry_register_bits',
                                               'source': 'abi_context.registers',
                                               'runtime_helper': None,
                                               'authority': 'PALSymbolResolver_ABI_C_physical_carrier_binding'},
                                              {'sid': 'v_288',
                                               'bank': 'gp',
                                               'index': 1,
                                               'register': 'ESI',
                                               'width_bits': 32,
                                               'canonical_alias': 'param_1',
                                               'owner_namespace': 'logical_parameter',
                                               'owner_role': 'callable_parameter_carrier',
                                               'materialization': 'capture_entry_register_bits',
                                               'source': 'abi_context.registers',
                                               'runtime_helper': None,
                                               'authority': 'PALSymbolResolver_ABI_C_physical_carrier_binding'}],
                                 'sse_slots': [],
                                 'fixed_variadic_partition_status': 'deferred_to_entry_protocol_analysis',
                                 'source': 'abi_context.registers',
                                 'authority': 'ABI_C_carriers_plus_variadic_contract'},
 'overflow_argument_area': {'required': False,
                            'status': 'not_required',
                            'source': 'abi_context.overflow_argument_area',
                            'observed_stack_carriers': [],
                            'materialization': 'consume_preclassified_overflow_slots',
                            'offset_inference_allowed': False,
                            'authority': 'ABI_C_stack_carriers_or_variadic_protocol'},
 'variadic_al': {'required': False,
                 'status': 'not_required',
                 'source': 'abi_context.variadic_xmm_count',
                 'inputs': [],
                 'default_allowed': False,
                 'authority': 'ABI_C_variadic_xmm_count_contract'},
 'frame_base': {'required': False,
                'status': 'not_observed',
                'source': 'abi_context.frame_base',
                'inputs': [],
                'derive_from_parameter_names': False,
                'authority': 'ABI_C_frame_state_custody'},
 'tls_base': {'required': False,
              'status': 'not_observed',
              'source': 'abi_context.tls_base',
              'inputs': [],
              'derive_from_expression_names': False,
              'authority': 'ABI_C_tls_state_custody'},
 'return_contract': {'kind': 'pal_compute_return_carrier_contract_abi_d',
                     'version': 'v23b_abi_thunk_compatibility_return_reconciliation',
                     'status': 'return_width_proven_carrier_deferred',
                     'no_return': False,
                     'output_sid': None,
                     'output_width_bits': None,
                     'declared_width_bits': None,
                     'effective_result_width_bits': 64,
                     'declared_return': {'name': 'undefined',
                                         'display_name': 'undefined',
                                         'class_name': 'DefaultDataType',
                                         'length_bytes': 1,
                                         'width_bits': 8,
                                         'signed': None,
                                         'kind_hint': None},
                     'return_storage': {'repr': '<UNASSIGNED>',
                                        'size_bytes': 0,
                                        'flags': {'register': False,
                                                  'stack': False,
                                                  'memory': False,
                                                  'unassigned': True,
                                                  'void': False,
                                                  'auto': False},
                                        'pieces': [],
                                        'storage_keys': []},
                     'carrier_pieces': [],
                     'normalization': {'mode': 'mask_to_output_width',
                                       'width_bits': 64,
                                       'mask': 18446744073709551615},
                     'runtime_helper': None,
                     'runtime_helper_authority': 'no_ABI_runtime_helper_assigned',
                     'authority': 'reachable_raw_return_transport',
                     'reported_declared_width_bits': 8,
                     'declared_width_authoritative': False,
                     'declared_return_evidence_status': 'non_authoritative_default_or_unresolved_prototype',
                     'transport_width_bits': 64,
                     'logical_result_width_bits': 64,
                     'reachable_return_widths': [64],
                     'reachable_return_boundary_count': 1,
                     'unreachable_return_boundary_count': 0,
                     'deferred_return_boundary_count': 0},
 'reachable_return_boundaries': [{'block_addr': 1053264,
                                  'return_value_sid': 'c_0_8',
                                  'return_value_width_bits': 64,
                                  'return_transport_width_bits': 64,
                                  'return_logical_width_bits': 64,
                                  'return_declared_view': None,
                                  'return_boundary_authority': 'raw_return_register_transport',
                                  'return_reachability': 'reachable',
                                  'reachable_return': True,
                                  'execution_suppressed': False,
                                  'emission_policy': 'emit_reachable_return_boundary',
                                  'cut_by_no_return_blocks': [],
                                  'cut_by_no_return_call_op_keys': []}],
 'unreachable_return_boundaries': []}

[RETURN BOUNDARY RECONCILIATION]
{'kind': 'pal_compute_return_boundary_reconciliation_v23b',
 'version': 'v23b_abi_thunk_compatibility_return_reconciliation',
 'function': 'print_sky_row',
 'entry_block_addr': 1053209,
 'cfg_evidence_available': True,
 'no_return_terminating_blocks': [],
 'no_return_call_op_keys': [],
 'return_boundaries': 1,
 'reachable_return_boundaries': 1,
 'unreachable_return_boundaries': 0,
 'deferred_return_boundaries': 0,
 'reachable_return_widths': [64],
 'width_reconciled': True,
 'synthetic_no_return_continuations_suppressed': 0,
 'rule': 'traverse_CFG_with_no_return_blocks_as_terminal_then_reconcile_reachable_raw_return_transports_only'}

[CALL SITE ABI PLANS]
{'op_key': '1053248:(ram, 0x10124a, 53, 1):1',
 'target': 'puts',
 'dispatch_class': 'external_via_import_thunk',
 'status': 'ready',
 'argument_count': 1,
 'carrier_allocation_status': 'complete',
 'target_compatibility_status': 'compatible',
 'target_compatible': True,
 'no_return': False,
 'result_width_bits': 32}
{'op_key': '1053231:(ram, 0x101239, 41, 1):1',
 'target': 'puts',
 'dispatch_class': 'external_via_import_thunk',
 'status': 'ready',
 'argument_count': 1,
 'carrier_allocation_status': 'complete',
 'target_compatibility_status': 'compatible',
 'target_compatible': True,
 'no_return': False,
 'result_width_bits': 32}
===== END PAL COMPUTE ANALYZER =====


=========== SGL EXECUTION TREE ===========

sequence
  if [cond=not ((param_0 == param_1))]
    then
      sequence
        block [0x101240]
    else
      sequence
        block [0x10122f]
  sequence
    block [0x101250]

=========== END TREE ===========

[SGL EXEC TREE PERSISTED] path=/home/rem/gh/PAL/pyghidra-PAL/PAL/PAL_logs/f_0000000000101219_print_sky_row.sgl.exec_tree.log mode=append temporary=False delete_on_completion=False

[PHI DROP-INS]
------------------------------------------------------------
------------------------------------------------------------
{'active': True,
 'bound_plans': 3,
 'control_contracts_forwarded': 3,
 'input_op_contracts': 5,
 'input_plans': 3,
 'kind': 'phi_compute_consumer_inventory_v21',
 'outputless_contracts_forwarded': 2,
 'phi_merge_contracts': 0,
 'phi_transition_contracts': 0,
 'preserved_compute_boundaries': 1,
 'preserved_deferred_contracts': 0,
 'preserved_outputless_boundaries': 2,
 'preserved_outputless_deferred_contracts': 2,
 'preserved_outputless_helpers': 0,
 'preserved_runtime_helpers': 1,
 'rule': 'preserve_PALCompute_authority_remap_execution_destination_only',
 'state_alias_bindings': 0,
 'transition_owners': {},
 'version': 'v21_compute_contract_consumers',
 'warnings': 0}
[]
          OK -> functions.f_0000000000101219_print_sky_row
[15/30] decompile Global::draw_lander @ 0x101252

===== CFG DEBUG =====

[EDGES]
0x101252 -> 0x101309  uncond raw=uncond role=uncond pol=unknown inv=None edge=cfg-edge-v1:0x101252->0x101309 direct_join=False
0x1012f6 -> 0x101309  backedge raw=uncond role=latch_to_header pol=unknown inv=None edge=cfg-edge-v1:0x1012f6->0x101309 direct_join=False
0x101309 -> 0x1012f6  true raw=true role=raw_true_explicit_target pol=fallthrough inv=True edge=cfg-edge-v1:0x101309->0x1012f6 direct_join=False
0x101309 -> 0x10130f  false raw=false role=raw_false_fallthrough pol=fallthrough inv=False edge=cfg-edge-v1:0x101309->0x10130f direct_join=True
0x10130f -> 0x101359  true raw=true role=raw_true_explicit_target pol=fallthrough inv=True edge=cfg-edge-v1:0x10130f->0x101359 direct_join=False
0x10130f -> 0x101348  false raw=false role=raw_false_fallthrough pol=fallthrough inv=False edge=cfg-edge-v1:0x10130f->0x101348 direct_join=False
0x101348 -> 0x101385  uncond raw=uncond role=uncond pol=unknown inv=None edge=cfg-edge-v1:0x101348->0x101385 direct_join=False
0x101359 -> 0x101376  true raw=true role=raw_true_explicit_target pol=fallthrough inv=True edge=cfg-edge-v1:0x101359->0x101376 direct_join=False
0x101359 -> 0x101365  false raw=false role=raw_false_fallthrough pol=fallthrough inv=False edge=cfg-edge-v1:0x101359->0x101365 direct_join=False
0x101365 -> 0x101385  uncond raw=uncond role=uncond pol=unknown inv=None edge=cfg-edge-v1:0x101365->0x101385 direct_join=False
0x101376 -> 0x101385  uncond raw=uncond role=uncond pol=unknown inv=None edge=cfg-edge-v1:0x101376->0x101385 direct_join=False

[BRANCH RESOLUTION EVENTS]
{'kind': 'binary_branch_truth_bound_by_evidence_class_v21d', 'src': 1053449, 'first_dst': 1053430, 'second_dst': 1053455, 'hf_target': 1053430, 'hf_normalized_target': 1053430, 'direct_dst': 1053455, 'first_invert': True, 'second_invert': False, 'condition_truth_authority': 'raw_jcc_hf_relation_direct_flags', 'reason': 'branch_truth_evidence_v21d hf_target=0x1012f6 raw_target=0x1012f6 raw_fallthrough=0x10130f legacy_hint=(mnemonic=JLE hf_cond_opcode=INT_SLESS) class=direct_flags', 'relation_evidence': {'version': 'ordered_relation_algebra_v23e', 'status': 'unresolved', 'mnemonic': 'JLE', 'raw_relation': 'LE', 'raw_domain': 'signed', 'hf_opcode': 'INT_SLESS', 'hf_relation': 'LT', 'hf_domain': 'signed', 'operand_profile': {'status': 'unresolved', 'reason': 'constant_threshold_requires_exact_value_custody', 'operand_count': 2, 'left_sid': 'v_2362', 'right_sid': 'c_8_4', 'left_identity': ('high', 'high_rep:2097'), 'right_identity': ('constant', 32, 8), 'left_width_bits': 32, 'right_width_bits': 32, 'left_constant': False, 'right_constant': True}, 'operand_orientation': None, 'relation_to_hf': None, 'invert_for_target': None, 'invert_for_fallthrough': None, 'reason': 'constant_threshold_requires_exact_value_custody', 'legacy_hint_resolved': True, 'selected_as_authority': False}, 'boolean_carrier_evidence': {'status': 'proven_boolean', 'reason': 'comparison_result_is_boolean', 'root_opcode': 'INT_SLESS', 'contains_multiequal': False, 'depth': 0}}
{'kind': 'binary_branch_truth_bound_by_evidence_class_v21d', 'src': 1053455, 'first_dst': 1053529, 'second_dst': 1053512, 'hf_target': 1053529, 'hf_normalized_target': 1053529, 'direct_dst': 1053512, 'first_invert': True, 'second_invert': False, 'condition_truth_authority': 'raw_jcc_hf_relation_direct_flags', 'reason': 'branch_truth_evidence_v21d hf_target=0x101359 raw_target=0x101359 raw_fallthrough=0x101348 legacy_hint=(mnemonic=JLE hf_cond_opcode=INT_SLESS) class=direct_flags', 'relation_evidence': {'version': 'ordered_relation_algebra_v23e', 'status': 'unresolved', 'mnemonic': 'JLE', 'raw_relation': 'LE', 'raw_domain': 'signed', 'hf_opcode': 'INT_SLESS', 'hf_relation': 'LT', 'hf_domain': 'signed', 'operand_profile': {'status': 'unresolved', 'reason': 'constant_threshold_requires_exact_value_custody', 'operand_count': 2, 'left_sid': 'v_2513', 'right_sid': 'c_4_4', 'left_identity': ('high', 'high_rep:2513'), 'right_identity': ('constant', 32, 4), 'left_width_bits': 32, 'right_width_bits': 32, 'left_constant': False, 'right_constant': True}, 'operand_orientation': None, 'relation_to_hf': None, 'invert_for_target': None, 'invert_for_fallthrough': None, 'reason': 'constant_threshold_requires_exact_value_custody', 'legacy_hint_resolved': True, 'selected_as_authority': False}, 'boolean_carrier_evidence': {'status': 'proven_boolean', 'reason': 'comparison_result_is_boolean', 'root_opcode': 'INT_SLESS', 'contains_multiequal': False, 'depth': 0}}
{'kind': 'binary_branch_truth_bound_by_evidence_class_v21d', 'src': 1053529, 'first_dst': 1053558, 'second_dst': 1053541, 'hf_target': 1053558, 'hf_normalized_target': 1053558, 'direct_dst': 1053541, 'first_invert': True, 'second_invert': False, 'condition_truth_authority': 'raw_jcc_hf_relation_direct_flags', 'reason': 'branch_truth_evidence_v21d hf_target=0x101376 raw_target=0x101376 raw_fallthrough=0x101365 legacy_hint=(mnemonic=JGE hf_cond_opcode=INT_SLESS) class=direct_flags', 'relation_evidence': {'version': 'ordered_relation_algebra_v23e', 'status': 'unresolved', 'mnemonic': 'JGE', 'raw_relation': 'GE', 'raw_domain': 'signed', 'hf_opcode': 'INT_SLESS', 'hf_relation': 'LT', 'hf_domain': 'signed', 'operand_profile': {'status': 'unresolved', 'reason': 'constant_threshold_requires_exact_value_custody', 'operand_count': 2, 'left_sid': 'v_2514', 'right_sid': 'c_4294967294_4', 'left_identity': ('high', 'high_rep:2514'), 'right_identity': ('constant', 32, 4294967294), 'left_width_bits': 32, 'right_width_bits': 32, 'left_constant': False, 'right_constant': True}, 'operand_orientation': None, 'relation_to_hf': None, 'invert_for_target': None, 'invert_for_fallthrough': None, 'reason': 'constant_threshold_requires_exact_value_custody', 'legacy_hint_resolved': True, 'selected_as_authority': False}, 'boolean_carrier_evidence': {'status': 'proven_boolean', 'reason': 'comparison_result_is_boolean', 'root_opcode': 'INT_SLESS', 'contains_multiequal': False, 'depth': 0}}

[EDGE IDENTITY v23 / BOHDI EMPEROR]
{'kind': 'cfg_edge_identity_inventory_v23', 'version': 'FunctionCFG_v23e_clothed_emperor_cfg_truth', 'id_schema': 'cfg_edge_identity_v1', 'canonical_identity': '(src_addr,dst_addr)', 'edges': 11, 'unique_edge_keys': 11, 'binary_cbranch_edges': 6, 'direct_join_edges': 1, 'direct_join_branch_arm_edges': 0, 'direct_join_loop_exit_edges': 1, 'direct_join_empty_arm_candidates': 0, 'warnings': 0, 'topology_mutations': 0, 'polarity_mutations': 0, 'rule': 'freeze_repaired_CFG_edge_identity_then_mark_exact_binary_CBRANCH_edge_to_IPDOM'}
{'edge_id': [1053449, 1053455], 'edge_key': 'cfg-edge-v1:0x101309->0x10130f', 'branch_owner_addr': 1053449, 'join_addr': 1053455, 'branch_role': 'false', 'authority': 'FunctionCFG_repaired_topology_plus_IPDOM_v23'}

[IPDOM]
0x101252 -> ipdom: 0x101309
0x1012f6 -> ipdom: 0x101309
0x101309 -> ipdom: 0x10130f
0x10130f -> ipdom: 0x101385
0x101348 -> ipdom: 0x101385
0x101359 -> ipdom: 0x101385
0x101365 -> ipdom: 0x101385
0x101376 -> ipdom: 0x101385
0x101385 -> ipdom: None

[BACKEDGES]
0x1012f6 -> 0x101309

=====================

===== PAL RESOLVER INDIRECT STORAGE v22c =====

[INVENTORY]
{'active': False,
 'address_tied_families': 0,
 'custody_transitions': 0,
 'effect_owner_groups': 0,
 'escape_barrier_sids': 0,
 'input_contracts': 0,
 'kind': 'resolver_indirect_storage_inventory_v22c',
 'machine_state_families': 0,
 'machine_state_sids': 0,
 'owner_categories': {},
 'parameter_initializers': 0,
 'persistent_families': 0,
 'rule': 'HighVariable_identity_families_plus_address_escape_alias_barrier',
 'runtime_order': 'CFG_governed_not_linearized',
 'storage_families': 0,
 'version': 'v22c_indirect_storage_families',
 'warnings': 0}

[STORAGE FAMILIES]

[PARAMETER INITIALIZERS / STORAGE WRITES]
[]

[WARNINGS]
[]
===== END PAL RESOLVER INDIRECT STORAGE =====

========================================================================
PALRAW AUDIT v0.3 :: raw instruction BLOCK p-code vs HF/PAL CFG
========================================================================

--- 0x10127f ---
Raw block  : 0x101252 -> next 0x1012f6
Instr count: 40
Terminal   : 0x1012f4 JMP 0x00101309
Raw succs  : ['0x101309']
Norm succs : ['0x101309']
HF block   : 0x101252
CFG edges  : ['0x101309 role=uncond raw=uncond']
STATUS     : successors_match
Raw instructions:
   0x101252  PUSH RBP
   0x101253  MOV RBP,RSP
   0x101256  SUB RSP,0x20
   0x10125a  MOV qword ptr [RBP + -0x18],RDI
   0x10125e  MOV RAX,qword ptr [RBP + -0x18]
   0x101262  MOV EAX,dword ptr [RAX]
   0x101264  MOV EDI,EAX
   0x101266  CALL 0x001011b0
   0x10126b  MOV dword ptr [RBP + -0x8],EAX
   0x10126e  LEA RAX,[0x102048]
   0x101275  MOV RDI,RAX
   0x101278  CALL 0x00101030
   0x10127d  LEA RAX,[0x102088]
   0x101284  MOV RDI,RAX
   0x101287  CALL 0x00101030
   0x10128c  LEA RAX,[0x1020b0]
   0x101293  MOV RDI,RAX
   0x101296  CALL 0x00101030
   0x10129b  LEA RAX,[0x102048]
   0x1012a2  MOV RDI,RAX
   0x1012a5  CALL 0x00101030
   0x1012aa  MOV RAX,qword ptr [RBP + -0x18]
   0x1012ae  MOV ESI,dword ptr [RAX + 0x8]
   0x1012b1  MOV RAX,qword ptr [RBP + -0x18]
   0x1012b5  MOV ECX,dword ptr [RAX + 0x4]
   0x1012b8  MOV RAX,qword ptr [RBP + -0x18]
   0x1012bc  MOV EDX,dword ptr [RAX]
   0x1012be  MOV RAX,qword ptr [RBP + -0x18]
   0x1012c2  MOV EAX,dword ptr [RAX + 0xc]
   0x1012c5  MOV R8D,ESI
   0x1012c8  MOV ESI,EAX
   0x1012ca  LEA RAX,[0x1020e0]
   0x1012d1  MOV RDI,RAX
   0x1012d4  MOV EAX,0x0
   0x1012d9  CALL 0x00101040
   0x1012de  LEA RAX,[0x102118]
   0x1012e5  MOV RDI,RAX
   0x1012e8  CALL 0x00101030
   0x1012ed  MOV dword ptr [RBP + -0x4],0x0
   0x1012f4  JMP 0x00101309
Terminal raw p-code:
     ---  BRANCH (ram, 0x101309, 8)
HF/PAL ops :
    LOAD [0x1b1, param_0] -> v_52
    CALL [craft_row_for_altitude, v_52] -> v_1878
    COPY [0x102048] -> v_2438
    CALL [puts, v_2438] -> None
    COPY [0x102088] -> v_2444
    CALL [puts, v_2444] -> None
    COPY [0x1020b0] -> v_2447
    CALL [puts, v_2447] -> None
    COPY [0x102048] -> v_2441
    CALL [puts, v_2441] -> None
    PTRADD [param_0, 0x2, 0x4] -> v_135
    LOAD [0x1b1, v_135] -> v_138
    PTRADD [param_0, 0x1, 0x4] -> v_153
    LOAD [0x1b1, v_153] -> v_156
    INT_ZEXT [v_156] -> v_1026
    LOAD [0x1b1, param_0] -> v_171
    INT_ZEXT [v_171] -> v_1098
    PTRADD [param_0, 0x3, 0x4] -> v_186
    LOAD [0x1b1, v_186] -> v_189
    INT_ZEXT [v_138] -> v_1332
    INT_ZEXT [v_189] -> v_1188
    COPY [0x1020e0] -> v_2450
    CALL [printf, v_2450, v_1188, v_1098, v_1026, v_1332] -> None
    COPY [0x102118] -> v_2453
    CALL [puts, v_2453] -> None
    COPY [0x0] -> local_c
HF/PAL term:
    BRANCH [LAB_00101309] -> None

--- 0x1011b6 ---
Raw block  : 0x1011b6 -> next 0x101252
Instr count: 0
Terminal   : None None
Raw succs  : []
Norm succs : None
HF block   : None
CFG edges  : []
STATUS     : no_hf_block
NOTE       : No PAL/HighFunction block mapped to this address.
Raw instructions:
Terminal raw p-code:
HF/PAL ops :

--- 0x101219 ---
Raw block  : 0x101219 -> next 0x101252
Instr count: 8
Terminal   : 0x10122d JNZ 0x00101240
Raw succs  : ['0x101240', '0x10122f']
Norm succs : None
HF block   : None
CFG edges  : []
STATUS     : no_hf_block
NOTE       : No PAL/HighFunction block mapped to this address.
Raw instructions:
   0x101219  PUSH RBP
   0x10121a  MOV RBP,RSP
   0x10121d  SUB RSP,0x10
   0x101221  MOV dword ptr [RBP + -0x4],EDI
   0x101224  MOV dword ptr [RBP + -0x8],ESI
   0x101227  MOV EAX,dword ptr [RBP + -0x4]
   0x10122a  CMP EAX,dword ptr [RBP + -0x8]
   0x10122d  JNZ 0x00101240
Terminal raw p-code:
    (unique, 0x24f00, 1) BOOL_NEGATE (register, 0x206, 1)
     ---  CBRANCH (ram, 0x101240, 8) , (unique, 0x24f00, 1)
HF/PAL ops :

--- 0x10120f ---
Raw block  : 0x10120f -> next 0x101252
Instr count: 0
Terminal   : None None
Raw succs  : []
Norm succs : None
HF block   : None
CFG edges  : []
STATUS     : no_hf_block
NOTE       : No PAL/HighFunction block mapped to this address.
Raw instructions:
Terminal raw p-code:
HF/PAL ops :

--- 0x101221 ---
Raw block  : 0x101221 -> next 0x101252
Instr count: 5
Terminal   : 0x10122d JNZ 0x00101240
Raw succs  : ['0x101240', '0x10122f']
Norm succs : None
HF block   : None
CFG edges  : []
STATUS     : no_hf_block
NOTE       : No PAL/HighFunction block mapped to this address.
Raw instructions:
   0x101221  MOV dword ptr [RBP + -0x4],EDI
   0x101224  MOV dword ptr [RBP + -0x8],ESI
   0x101227  MOV EAX,dword ptr [RBP + -0x4]
   0x10122a  CMP EAX,dword ptr [RBP + -0x8]
   0x10122d  JNZ 0x00101240
Terminal raw p-code:
    (unique, 0x24f00, 1) BOOL_NEGATE (register, 0x206, 1)
     ---  CBRANCH (ram, 0x101240, 8) , (unique, 0x24f00, 1)
HF/PAL ops :

--- 0x101284 ---
Raw block  : 0x101252 -> next 0x1012f6
Instr count: 40
Terminal   : 0x1012f4 JMP 0x00101309
Raw succs  : ['0x101309']
Norm succs : ['0x101309']
HF block   : 0x101252
CFG edges  : ['0x101309 role=uncond raw=uncond']
STATUS     : successors_match
Raw instructions:
   0x101252  PUSH RBP
   0x101253  MOV RBP,RSP
   0x101256  SUB RSP,0x20
   0x10125a  MOV qword ptr [RBP + -0x18],RDI
   0x10125e  MOV RAX,qword ptr [RBP + -0x18]
   0x101262  MOV EAX,dword ptr [RAX]
   0x101264  MOV EDI,EAX
   0x101266  CALL 0x001011b0
   0x10126b  MOV dword ptr [RBP + -0x8],EAX
   0x10126e  LEA RAX,[0x102048]
   0x101275  MOV RDI,RAX
   0x101278  CALL 0x00101030
   0x10127d  LEA RAX,[0x102088]
   0x101284  MOV RDI,RAX
   0x101287  CALL 0x00101030
   0x10128c  LEA RAX,[0x1020b0]
   0x101293  MOV RDI,RAX
   0x101296  CALL 0x00101030
   0x10129b  LEA RAX,[0x102048]
   0x1012a2  MOV RDI,RAX
   0x1012a5  CALL 0x00101030
   0x1012aa  MOV RAX,qword ptr [RBP + -0x18]
   0x1012ae  MOV ESI,dword ptr [RAX + 0x8]
   0x1012b1  MOV RAX,qword ptr [RBP + -0x18]
   0x1012b5  MOV ECX,dword ptr [RAX + 0x4]
   0x1012b8  MOV RAX,qword ptr [RBP + -0x18]
   0x1012bc  MOV EDX,dword ptr [RAX]
   0x1012be  MOV RAX,qword ptr [RBP + -0x18]
   0x1012c2  MOV EAX,dword ptr [RAX + 0xc]
   0x1012c5  MOV R8D,ESI
   0x1012c8  MOV ESI,EAX
   0x1012ca  LEA RAX,[0x1020e0]
   0x1012d1  MOV RDI,RAX
   0x1012d4  MOV EAX,0x0
   0x1012d9  CALL 0x00101040
   0x1012de  LEA RAX,[0x102118]
   0x1012e5  MOV RDI,RAX
   0x1012e8  CALL 0x00101030
   0x1012ed  MOV dword ptr [RBP + -0x4],0x0
   0x1012f4  JMP 0x00101309
Terminal raw p-code:
     ---  BRANCH (ram, 0x101309, 8)
HF/PAL ops :
    LOAD [0x1b1, param_0] -> v_52
    CALL [craft_row_for_altitude, v_52] -> v_1878
    COPY [0x102048] -> v_2438
    CALL [puts, v_2438] -> None
    COPY [0x102088] -> v_2444
    CALL [puts, v_2444] -> None
    COPY [0x1020b0] -> v_2447
    CALL [puts, v_2447] -> None
    COPY [0x102048] -> v_2441
    CALL [puts, v_2441] -> None
    PTRADD [param_0, 0x2, 0x4] -> v_135
    LOAD [0x1b1, v_135] -> v_138
    PTRADD [param_0, 0x1, 0x4] -> v_153
    LOAD [0x1b1, v_153] -> v_156
    INT_ZEXT [v_156] -> v_1026
    LOAD [0x1b1, param_0] -> v_171
    INT_ZEXT [v_171] -> v_1098
    PTRADD [param_0, 0x3, 0x4] -> v_186
    LOAD [0x1b1, v_186] -> v_189
    INT_ZEXT [v_138] -> v_1332
    INT_ZEXT [v_189] -> v_1188
    COPY [0x1020e0] -> v_2450
    CALL [printf, v_2450, v_1188, v_1098, v_1026, v_1332] -> None
    COPY [0x102118] -> v_2453
    CALL [puts, v_2453] -> None
    COPY [0x0] -> local_c
HF/PAL term:
    BRANCH [LAB_00101309] -> None

--- 0x10127f ---
Raw block  : 0x101252 -> next 0x1012f6
Instr count: 40
Terminal   : 0x1012f4 JMP 0x00101309
Raw succs  : ['0x101309']
Norm succs : ['0x101309']
HF block   : 0x101252
CFG edges  : ['0x101309 role=uncond raw=uncond']
STATUS     : successors_match
Raw instructions:
   0x101252  PUSH RBP
   0x101253  MOV RBP,RSP
   0x101256  SUB RSP,0x20
   0x10125a  MOV qword ptr [RBP + -0x18],RDI
   0x10125e  MOV RAX,qword ptr [RBP + -0x18]
   0x101262  MOV EAX,dword ptr [RAX]
   0x101264  MOV EDI,EAX
   0x101266  CALL 0x001011b0
   0x10126b  MOV dword ptr [RBP + -0x8],EAX
   0x10126e  LEA RAX,[0x102048]
   0x101275  MOV RDI,RAX
   0x101278  CALL 0x00101030
   0x10127d  LEA RAX,[0x102088]
   0x101284  MOV RDI,RAX
   0x101287  CALL 0x00101030
   0x10128c  LEA RAX,[0x1020b0]
   0x101293  MOV RDI,RAX
   0x101296  CALL 0x00101030
   0x10129b  LEA RAX,[0x102048]
   0x1012a2  MOV RDI,RAX
   0x1012a5  CALL 0x00101030
   0x1012aa  MOV RAX,qword ptr [RBP + -0x18]
   0x1012ae  MOV ESI,dword ptr [RAX + 0x8]
   0x1012b1  MOV RAX,qword ptr [RBP + -0x18]
   0x1012b5  MOV ECX,dword ptr [RAX + 0x4]
   0x1012b8  MOV RAX,qword ptr [RBP + -0x18]
   0x1012bc  MOV EDX,dword ptr [RAX]
   0x1012be  MOV RAX,qword ptr [RBP + -0x18]
   0x1012c2  MOV EAX,dword ptr [RAX + 0xc]
   0x1012c5  MOV R8D,ESI
   0x1012c8  MOV ESI,EAX
   0x1012ca  LEA RAX,[0x1020e0]
   0x1012d1  MOV RDI,RAX
   0x1012d4  MOV EAX,0x0
   0x1012d9  CALL 0x00101040
   0x1012de  LEA RAX,[0x102118]
   0x1012e5  MOV RDI,RAX
   0x1012e8  CALL 0x00101030
   0x1012ed  MOV dword ptr [RBP + -0x4],0x0
   0x1012f4  JMP 0x00101309
Terminal raw p-code:
     ---  BRANCH (ram, 0x101309, 8)
HF/PAL ops :
    LOAD [0x1b1, param_0] -> v_52
    CALL [craft_row_for_altitude, v_52] -> v_1878
    COPY [0x102048] -> v_2438
    CALL [puts, v_2438] -> None
    COPY [0x102088] -> v_2444
    CALL [puts, v_2444] -> None
    COPY [0x1020b0] -> v_2447
    CALL [puts, v_2447] -> None
    COPY [0x102048] -> v_2441
    CALL [puts, v_2441] -> None
    PTRADD [param_0, 0x2, 0x4] -> v_135
    LOAD [0x1b1, v_135] -> v_138
    PTRADD [param_0, 0x1, 0x4] -> v_153
    LOAD [0x1b1, v_153] -> v_156
    INT_ZEXT [v_156] -> v_1026
    LOAD [0x1b1, param_0] -> v_171
    INT_ZEXT [v_171] -> v_1098
    PTRADD [param_0, 0x3, 0x4] -> v_186
    LOAD [0x1b1, v_186] -> v_189
    INT_ZEXT [v_138] -> v_1332
    INT_ZEXT [v_189] -> v_1188
    COPY [0x1020e0] -> v_2450
    CALL [printf, v_2450, v_1188, v_1098, v_1026, v_1332] -> None
    COPY [0x102118] -> v_2453
    CALL [puts, v_2453] -> None
    COPY [0x0] -> local_c
HF/PAL term:
    BRANCH [LAB_00101309] -> None

========================================================================

===== PAL COMPUTE ANALYZER =====
{'kind': 'pal_compute_inventory_v22',
 'version': 'v23b_abi_thunk_compatibility_return_reconciliation',
 'runtime_representation': 'raw_unsigned_bitvector_at_ssa_boundaries',
 'operations': 56,
 'output_plans': 40,
 'control_contracts': 7,
 'c_compute_filtered': 40,
 'use_site_overrides': 0,
 'return_observation_view_mismatches': 0,
 'storage_custody_related_ops': 0,
 'indirect_custody_contracts': 0,
 'indirect_custody_resolved': 0,
 'indirect_custody_deferred': 0,
 'indirect_effect_owner_compute_ops': 0,
 'storage_family_bindings': 0,
 'function_entry_abi_plan': True,
 'call_site_abi_plans': 17,
 'internal_call_plan_failures': 2,
 'unsupported_implicit_inputs': 0,
 'abi_runtime_helper_assignments': 0,
 'no_return_calls': 0,
 'reachable_return_boundaries': 1,
 'unreachable_return_boundaries': 0,
 'synthetic_no_return_continuations_suppressed': 0,
 'statuses': {'deferred_memory': 12,
              'deferred_external': 17,
              'metadata_only': 19,
              'helper_required': 8},
 'categories': {'memory': 7,
                'call_boundary': 17,
                'transport': 16,
                'pointer_arithmetic': 5,
                'conversion': 6,
                'phi_merge': 1,
                'comparison': 3,
                'integer_arithmetic': 1},
 'helpers': {'c_load': 7, 'c_ptradd': 5, 'c_zext': 4, 'c_slt': 3, 'c_add': 1},
 'opcodes': {'LOAD': 7,
             'CALL': 17,
             'COPY': 16,
             'PTRADD': 5,
             'INT_ZEXT': 4,
             'MULTIEQUAL': 1,
             'INT_SLESS': 3,
             'INT_ADD': 1,
             'CAST': 2},
 'warnings': 0}

[WARNINGS]
[]

[METADATA-ONLY COMPUTE BOUNDARIES]
0x101309 MULTIEQUAL ['v_2097', 'v_569'] -> v_2362 classification=None
0x10130f CAST ['v_328'] -> v_2513 classification=same_width_explicit_recast
0x101359 CAST ['v_450'] -> v_2514 classification=same_width_explicit_recast

[HELPER-REQUIRED CONTRACTS]
0x101252 INT_ZEXT v_1026 helper=c_zext widths=[32]->64 overrides=0
0x101252 INT_ZEXT v_1098 helper=c_zext widths=[32]->64 overrides=0
0x101252 INT_ZEXT v_1332 helper=c_zext widths=[32]->64 overrides=0
0x101252 INT_ZEXT v_1188 helper=c_zext widths=[32]->64 overrides=0
0x101309 INT_SLESS v_276 helper=c_slt widths=[32, 32]->8 overrides=0
0x1012f6 INT_ADD v_569 helper=c_add widths=[32, 32]->32 overrides=0
0x10130f INT_SLESS v_366 helper=c_slt widths=[32, 32]->8 overrides=0
0x101359 INT_SLESS v_485 helper=c_slt widths=[32, 32]->8 overrides=0

[INDIRECT STORAGE-CUSTODY CONTRACTS]

[INDIRECT CUSTODY INVENTORY]
{'kind': 'pal_compute_indirect_custody_inventory_v22d',
 'version': 'v23b_abi_thunk_compatibility_return_reconciliation',
 'resolver_transitions': 0,
 'compute_indirect_contracts': 0,
 'resolved_custody': 0,
 'deferred_custody': 0,
 'effect_owner_compute_bindings': 0,
 'effect_owner_compute_ops': 0,
 'owner_categories': {},
 'storage_families': 0,
 'storage_sid_bindings': 0,
 'address_escape_barrier_sids': 0,
 'parameter_storage_initializers': 0,
 'runtime_helpers': 0,
 'warnings': 0,
 'rule': 'INDIRECT_is_metadata_only_owner_bound_storage_transition'}

[ABI-D ENTRY/CALL PLAN INVENTORY]
{'kind': 'pal_compute_abi_plan_inventory_v23',
 'version': 'v23b_abi_thunk_compatibility_return_reconciliation',
 'function': 'draw_lander',
 'entry_plan_present': True,
 'entry_plan_status': 'ready',
 'fixed_arguments': 1,
 'implicit_inputs': 0,
 'implicit_inputs_unsupported': 0,
 'call_compute_contracts': 17,
 'call_site_plans': 17,
 'call_sites_without_plan': 0,
 'call_statuses': {'ready': 17},
 'dispatch_classes': {'internal_resolved': 2, 'external_via_import_thunk': 15},
 'internal_calls': 2,
 'internal_calls_with_target_compatible_plan': 0,
 'internal_calls_without_target_compatible_plan': 2,
 'internal_calls_with_deferred_target_compatibility': 2,
 'internal_calls_with_incompatible_target': 0,
 'internal_calls_without_transport_plan': 0,
 'external_calls': 15,
 'thunk_calls': 15,
 'external_via_thunk_calls': 15,
 'thunk_endpoint_deferred_calls': 0,
 'thunk_calls_misclassified_internal': 0,
 'target_compatibility_overclaims': 0,
 'no_return_calls': 0,
 'result_carrier_contracts': 17,
 'abi_runtime_helper_assignments': 0,
 'warnings': 0,
 'acceptance_gates': {'every_emitted_function_has_entry_plan': True,
                      'every_call_has_call_site_plan': True,
                      'every_internal_call_has_target_compatible_plan': False,
                      'every_internal_call_has_carrier_transport_plan': True,
                      'no_resolved_thunk_misclassified_internal': True,
                      'no_target_compatibility_overclaim': True,
                      'no_implicit_input_is_unsupported': True,
                      'no_runtime_helper_assigned_by_ABI_guesswork': True},
 'return_boundary_reconciliation': {'kind': 'pal_compute_return_boundary_reconciliation_v23b',
                                    'version': 'v23b_abi_thunk_compatibility_return_reconciliation',
                                    'function': 'draw_lander',
                                    'entry_block_addr': 1053266,
                                    'cfg_evidence_available': True,
                                    'no_return_terminating_blocks': [],
                                    'no_return_call_op_keys': [],
                                    'return_boundaries': 1,
                                    'reachable_return_boundaries': 1,
                                    'unreachable_return_boundaries': 0,
                                    'deferred_return_boundaries': 0,
                                    'reachable_return_widths': [64],
                                    'width_reconciled': True,
                                    'synthetic_no_return_continuations_suppressed': 0,
                                    'rule': 'traverse_CFG_with_no_return_blocks_as_terminal_then_reconcile_reachable_raw_return_transports_only'},
 'rule': 'ABI_A_B_C_authority_only_thunk_endpoint_and_compatibility_tri_state_no_downstream_argument_reinference'}

[FUNCTION ENTRY ABI PLAN]
{'plan_id': 'function_entry:1053266',
 'status': 'ready',
 'callable_signature_status': 'legacy_non_variadic_fallback',
 'fixed_argument_count': 1,
 'implicit_input_count': 0,
 'variadic_register_save_area': {'required': False,
                                 'status': 'not_required',
                                 'slots': [{'sid': 'v_1803',
                                            'bank': 'gp',
                                            'index': 0,
                                            'register': 'RDI',
                                            'width_bits': 64,
                                            'canonical_alias': 'param_0',
                                            'owner_namespace': 'logical_parameter',
                                            'owner_role': 'callable_parameter_carrier',
                                            'materialization': 'capture_entry_register_bits',
                                            'source': 'abi_context.registers',
                                            'runtime_helper': None,
                                            'authority': 'PALSymbolResolver_ABI_C_physical_carrier_binding'}],
                                 'gp_slots': [{'sid': 'v_1803',
                                               'bank': 'gp',
                                               'index': 0,
                                               'register': 'RDI',
                                               'width_bits': 64,
                                               'canonical_alias': 'param_0',
                                               'owner_namespace': 'logical_parameter',
                                               'owner_role': 'callable_parameter_carrier',
                                               'materialization': 'capture_entry_register_bits',
                                               'source': 'abi_context.registers',
                                               'runtime_helper': None,
                                               'authority': 'PALSymbolResolver_ABI_C_physical_carrier_binding'}],
                                 'sse_slots': [],
                                 'fixed_variadic_partition_status': 'deferred_to_entry_protocol_analysis',
                                 'source': 'abi_context.registers',
                                 'authority': 'ABI_C_carriers_plus_variadic_contract'},
 'overflow_argument_area': {'required': False,
                            'status': 'not_required',
                            'source': 'abi_context.overflow_argument_area',
                            'observed_stack_carriers': [],
                            'materialization': 'consume_preclassified_overflow_slots',
                            'offset_inference_allowed': False,
                            'authority': 'ABI_C_stack_carriers_or_variadic_protocol'},
 'variadic_al': {'required': False,
                 'status': 'not_required',
                 'source': 'abi_context.variadic_xmm_count',
                 'inputs': [],
                 'default_allowed': False,
                 'authority': 'ABI_C_variadic_xmm_count_contract'},
 'frame_base': {'required': False,
                'status': 'not_observed',
                'source': 'abi_context.frame_base',
                'inputs': [],
                'derive_from_parameter_names': False,
                'authority': 'ABI_C_frame_state_custody'},
 'tls_base': {'required': False,
              'status': 'not_observed',
              'source': 'abi_context.tls_base',
              'inputs': [],
              'derive_from_expression_names': False,
              'authority': 'ABI_C_tls_state_custody'},
 'return_contract': {'kind': 'pal_compute_return_carrier_contract_abi_d',
                     'version': 'v23b_abi_thunk_compatibility_return_reconciliation',
                     'status': 'return_width_proven_carrier_deferred',
                     'no_return': False,
                     'output_sid': None,
                     'output_width_bits': None,
                     'declared_width_bits': None,
                     'effective_result_width_bits': 64,
                     'declared_return': {'name': 'undefined',
                                         'display_name': 'undefined',
                                         'class_name': 'DefaultDataType',
                                         'length_bytes': 1,
                                         'width_bits': 8,
                                         'signed': None,
                                         'kind_hint': None},
                     'return_storage': {'repr': '<UNASSIGNED>',
                                        'size_bytes': 0,
                                        'flags': {'register': False,
                                                  'stack': False,
                                                  'memory': False,
                                                  'unassigned': True,
                                                  'void': False,
                                                  'auto': False},
                                        'pieces': [],
                                        'storage_keys': []},
                     'carrier_pieces': [],
                     'normalization': {'mode': 'mask_to_output_width',
                                       'width_bits': 64,
                                       'mask': 18446744073709551615},
                     'runtime_helper': None,
                     'runtime_helper_authority': 'no_ABI_runtime_helper_assigned',
                     'authority': 'reachable_raw_return_transport',
                     'reported_declared_width_bits': 8,
                     'declared_width_authoritative': False,
                     'declared_return_evidence_status': 'non_authoritative_default_or_unresolved_prototype',
                     'transport_width_bits': 64,
                     'logical_result_width_bits': 64,
                     'reachable_return_widths': [64],
                     'reachable_return_boundary_count': 1,
                     'unreachable_return_boundary_count': 0,
                     'deferred_return_boundary_count': 0},
 'reachable_return_boundaries': [{'block_addr': 1053573,
                                  'return_value_sid': 'c_0_8',
                                  'return_value_width_bits': 64,
                                  'return_transport_width_bits': 64,
                                  'return_logical_width_bits': 64,
                                  'return_declared_view': None,
                                  'return_boundary_authority': 'raw_return_register_transport',
                                  'return_reachability': 'reachable',
                                  'reachable_return': True,
                                  'execution_suppressed': False,
                                  'emission_policy': 'emit_reachable_return_boundary',
                                  'cut_by_no_return_blocks': [],
                                  'cut_by_no_return_call_op_keys': []}],
 'unreachable_return_boundaries': []}

[RETURN BOUNDARY RECONCILIATION]
{'kind': 'pal_compute_return_boundary_reconciliation_v23b',
 'version': 'v23b_abi_thunk_compatibility_return_reconciliation',
 'function': 'draw_lander',
 'entry_block_addr': 1053266,
 'cfg_evidence_available': True,
 'no_return_terminating_blocks': [],
 'no_return_call_op_keys': [],
 'return_boundaries': 1,
 'reachable_return_boundaries': 1,
 'unreachable_return_boundaries': 0,
 'deferred_return_boundaries': 0,
 'reachable_return_widths': [64],
 'width_reconciled': True,
 'synthetic_no_return_continuations_suppressed': 0,
 'rule': 'traverse_CFG_with_no_return_blocks_as_terminal_then_reconcile_reachable_raw_return_transports_only'}

[CALL SITE ABI PLANS]
{'op_key': '1053266:(ram, 0x101266, 26, 1):1',
 'target': 'craft_row_for_altitude',
 'dispatch_class': 'internal_resolved',
 'status': 'ready',
 'argument_count': 1,
 'carrier_allocation_status': 'complete',
 'target_compatibility_status': 'deferred',
 'target_compatible': None,
 'no_return': False,
 'result_width_bits': 32}
{'op_key': '1053266:(ram, 0x101278, 34, 3):3',
 'target': 'puts',
 'dispatch_class': 'external_via_import_thunk',
 'status': 'ready',
 'argument_count': 1,
 'carrier_allocation_status': 'complete',
 'target_compatibility_status': 'compatible',
 'target_compatible': True,
 'no_return': False,
 'result_width_bits': 32}
{'op_key': '1053266:(ram, 0x101287, 39, 5):5',
 'target': 'puts',
 'dispatch_class': 'external_via_import_thunk',
 'status': 'ready',
 'argument_count': 1,
 'carrier_allocation_status': 'complete',
 'target_compatibility_status': 'compatible',
 'target_compatible': True,
 'no_return': False,
 'result_width_bits': 32}
{'op_key': '1053266:(ram, 0x101296, 44, 7):7',
 'target': 'puts',
 'dispatch_class': 'external_via_import_thunk',
 'status': 'ready',
 'argument_count': 1,
 'carrier_allocation_status': 'complete',
 'target_compatibility_status': 'compatible',
 'target_compatible': True,
 'no_return': False,
 'result_width_bits': 32}
{'op_key': '1053266:(ram, 0x1012a5, 49, 9):9',
 'target': 'puts',
 'dispatch_class': 'external_via_import_thunk',
 'status': 'ready',
 'argument_count': 1,
 'carrier_allocation_status': 'complete',
 'target_compatibility_status': 'compatible',
 'target_compatible': True,
 'no_return': False,
 'result_width_bits': 32}
{'op_key': '1053266:(ram, 0x1012d9, 86, 22):22',
 'target': 'printf',
 'dispatch_class': 'external_via_import_thunk',
 'status': 'ready',
 'argument_count': 5,
 'carrier_allocation_status': 'complete',
 'target_compatibility_status': 'compatible',
 'target_compatible': True,
 'no_return': False,
 'result_width_bits': 32}
{'op_key': '1053266:(ram, 0x1012e8, 91, 24):24',
 'target': 'puts',
 'dispatch_class': 'external_via_import_thunk',
 'status': 'ready',
 'argument_count': 1,
 'carrier_allocation_status': 'complete',
 'target_compatibility_status': 'compatible',
 'target_compatible': True,
 'no_return': False,
 'result_width_bits': 32}
{'op_key': '1053430:(ram, 0x101300, 219, 0):0',
 'target': 'print_sky_row',
 'dispatch_class': 'internal_resolved',
 'status': 'ready',
 'argument_count': 2,
 'carrier_allocation_status': 'complete',
 'target_compatibility_status': 'deferred',
 'target_compatible': None,
 'no_return': False,
 'result_width_bits': 8}
{'op_key': '1053455:(ram, 0x101319, 115, 1):1',
 'target': 'puts',
 'dispatch_class': 'external_via_import_thunk',
 'status': 'ready',
 'argument_count': 1,
 'carrier_allocation_status': 'complete',
 'target_compatibility_status': 'compatible',
 'target_compatible': True,
 'no_return': False,
 'result_width_bits': 32}
{'op_key': '1053455:(ram, 0x101328, 120, 3):3',
 'target': 'puts',
 'dispatch_class': 'external_via_import_thunk',
 'status': 'ready',
 'argument_count': 1,
 'carrier_allocation_status': 'complete',
 'target_compatibility_status': 'compatible',
 'target_compatible': True,
 'no_return': False,
 'result_width_bits': 32}
{'op_key': '1053455:(ram, 0x101337, 125, 5):5',
 'target': 'puts',
 'dispatch_class': 'external_via_import_thunk',
 'status': 'ready',
 'argument_count': 1,
 'carrier_allocation_status': 'complete',
 'target_compatibility_status': 'compatible',
 'target_compatible': True,
 'no_return': False,
 'result_width_bits': 32}
{'op_key': '1053558:(ram, 0x101380, 204, 1):1',
 'target': 'puts',
 'dispatch_class': 'external_via_import_thunk',
 'status': 'ready',
 'argument_count': 1,
 'carrier_allocation_status': 'complete',
 'target_compatibility_status': 'compatible',
 'target_compatible': True,
 'no_return': False,
 'result_width_bits': 32}
{'op_key': '1053541:(ram, 0x10136f, 198, 1):1',
 'target': 'puts',
 'dispatch_class': 'external_via_import_thunk',
 'status': 'ready',
 'argument_count': 1,
 'carrier_allocation_status': 'complete',
 'target_compatibility_status': 'compatible',
 'target_compatible': True,
 'no_return': False,
 'result_width_bits': 32}
{'op_key': '1053512:(ram, 0x101352, 150, 1):1',
 'target': 'puts',
 'dispatch_class': 'external_via_import_thunk',
 'status': 'ready',
 'argument_count': 1,
 'carrier_allocation_status': 'complete',
 'target_compatibility_status': 'compatible',
 'target_compatible': True,
 'no_return': False,
 'result_width_bits': 32}
{'op_key': '1053573:(ram, 0x101399, 158, 1):1',
 'target': 'printf',
 'dispatch_class': 'external_via_import_thunk',
 'status': 'ready',
 'argument_count': 2,
 'carrier_allocation_status': 'complete',
 'target_compatibility_status': 'compatible',
 'target_compatible': True,
 'no_return': False,
 'result_width_bits': 32}
{'op_key': '1053573:(ram, 0x1013a8, 163, 3):3',
 'target': 'puts',
 'dispatch_class': 'external_via_import_thunk',
 'status': 'ready',
 'argument_count': 1,
 'carrier_allocation_status': 'complete',
 'target_compatibility_status': 'compatible',
 'target_compatible': True,
 'no_return': False,
 'result_width_bits': 32}
{'op_key': '1053573:(ram, 0x1013b7, 168, 5):5',
 'target': 'puts',
 'dispatch_class': 'external_via_import_thunk',
 'status': 'ready',
 'argument_count': 1,
 'carrier_allocation_status': 'complete',
 'target_compatibility_status': 'compatible',
 'target_compatible': True,
 'no_return': False,
 'result_width_bits': 32}
===== END PAL COMPUTE ANALYZER =====


=========== SGL EXECUTION TREE ===========

sequence
  sequence
    block [0x101252]
  loop [header=0x101309 role=body semantics=continue_when_true cond=(local_c < 8) order=predicate_only continue_edge=[1053449, 1053430] exit_edge=[1053449, 1053455] selected_invert=False]
    loop_body
      sequence
        block [0x1012f6]
      block [0x1012f6]
  block [0x10130f]
  if [cond=(v_328 < 4)]
    then
      block [0x101359]
      if [cond=not ((v_450 < 0xfffffffe))]
        then
          sequence
            block [0x101376]
        else
          sequence
            block [0x101365]
    else
      sequence
        block [0x101348]
  sequence
    block [0x101385]

=========== END TREE ===========

[SGL EXEC TREE PERSISTED] path=/home/rem/gh/PAL/pyghidra-PAL/PAL/PAL_logs/f_0000000000101252_draw_lander.sgl.exec_tree.log mode=append temporary=False delete_on_completion=False

[PHI DROP-INS]
------------------------------------------------------------
pred=0x1012f6 -> join=0x101309 :: local_c = v_569
------------------------------------------------------------
{'active': True,
 'bound_plans': 40,
 'control_contracts_forwarded': 7,
 'input_op_contracts': 56,
 'input_plans': 40,
 'kind': 'phi_compute_consumer_inventory_v21',
 'outputless_contracts_forwarded': 16,
 'phi_merge_contracts': 1,
 'phi_transition_contracts': 1,
 'preserved_compute_boundaries': 24,
 'preserved_deferred_contracts': 13,
 'preserved_outputless_boundaries': 16,
 'preserved_outputless_deferred_contracts': 16,
 'preserved_outputless_helpers': 0,
 'preserved_runtime_helpers': 20,
 'rule': 'preserve_PALCompute_authority_remap_execution_destination_only',
 'state_alias_bindings': 1,
 'transition_owners': {'source_state_alias': 1},
 'version': 'v21_compute_contract_consumers',
 'warnings': 0}
[]
          OK -> functions.f_0000000000101252_draw_lander
[16/30] decompile Global::parse_burn @ 0x1013bf

===== CFG DEBUG =====

[EDGES]
0x1013bf -> 0x1013e7  true raw=true role=raw_true_explicit_target pol=fallthrough inv=True edge=cfg-edge-v1:0x1013bf->0x1013e7 direct_join=False
0x1013bf -> 0x1013e0  false raw=false role=raw_false_fallthrough pol=fallthrough inv=False edge=cfg-edge-v1:0x1013bf->0x1013e0 direct_join=False
0x1013e0 -> 0x101435  uncond raw=uncond role=uncond pol=unknown inv=None edge=cfg-edge-v1:0x1013e0->0x101435 direct_join=False
0x1013e7 -> 0x1013f9  true raw=true role=raw_true_explicit_target pol=fallthrough inv=True edge=cfg-edge-v1:0x1013e7->0x1013f9 direct_join=False
0x1013e7 -> 0x1013f2  false raw=false role=raw_false_fallthrough pol=fallthrough inv=False edge=cfg-edge-v1:0x1013e7->0x1013f2 direct_join=False
0x1013f2 -> 0x101435  uncond raw=uncond role=uncond pol=unknown inv=None edge=cfg-edge-v1:0x1013f2->0x101435 direct_join=False
0x1013f9 -> 0x10140b  true raw=true role=raw_true_explicit_target pol=fallthrough inv=True edge=cfg-edge-v1:0x1013f9->0x10140b direct_join=False
0x1013f9 -> 0x101404  false raw=false role=raw_false_fallthrough pol=fallthrough inv=False edge=cfg-edge-v1:0x1013f9->0x101404 direct_join=False
0x101404 -> 0x101435  uncond raw=uncond role=uncond pol=unknown inv=None edge=cfg-edge-v1:0x101404->0x101435 direct_join=False
0x10140b -> 0x10141d  true raw=true role=raw_true_explicit_target pol=fallthrough inv=True edge=cfg-edge-v1:0x10140b->0x10141d direct_join=False
0x10140b -> 0x101416  false raw=false role=raw_false_fallthrough pol=fallthrough inv=False edge=cfg-edge-v1:0x10140b->0x101416 direct_join=False
0x101416 -> 0x101435  uncond raw=uncond role=uncond pol=unknown inv=None edge=cfg-edge-v1:0x101416->0x101435 direct_join=False
0x10141d -> 0x101435  uncond raw=uncond role=uncond pol=unknown inv=None edge=cfg-edge-v1:0x10141d->0x101435 direct_join=False

[BRANCH RESOLUTION EVENTS]
{'kind': 'binary_branch_truth_bound_by_evidence_class_v21d', 'src': 1053631, 'first_dst': 1053671, 'second_dst': 1053664, 'hf_target': 1053671, 'hf_normalized_target': 1053671, 'direct_dst': 1053664, 'first_invert': True, 'second_invert': False, 'condition_truth_authority': 'raw_jcc_hf_relation_direct_flags', 'reason': 'branch_truth_evidence_v21d hf_target=0x1013e7 raw_target=0x1013e7 raw_fallthrough=0x1013e0 legacy_hint=(mnemonic=JNZ hf_cond_opcode=INT_EQUAL) class=direct_flags', 'relation_evidence': {'version': 'ordered_relation_algebra_v23e', 'status': 'unresolved', 'mnemonic': 'JNZ', 'raw_relation': None, 'raw_domain': None, 'hf_opcode': 'INT_EQUAL', 'hf_relation': None, 'hf_domain': None, 'operand_profile': {'status': 'unresolved', 'reason': 'constant_threshold_requires_exact_value_custody', 'operand_count': 2, 'left_sid': 'v_47', 'right_sid': 'c_113_1', 'left_identity': ('high', 'high_rep:47'), 'right_identity': ('constant', 8, 113), 'left_width_bits': 8, 'right_width_bits': 8, 'left_constant': False, 'right_constant': True}, 'operand_orientation': None, 'relation_to_hf': None, 'invert_for_target': None, 'invert_for_fallthrough': None, 'reason': 'ordered_relation_family_not_applicable', 'legacy_hint_resolved': True, 'selected_as_authority': False}, 'boolean_carrier_evidence': {'status': 'proven_boolean', 'reason': 'comparison_result_is_boolean', 'root_opcode': 'INT_EQUAL', 'contains_multiequal': False, 'depth': 0}}
{'kind': 'binary_branch_truth_bound_by_evidence_class_v21d', 'src': 1053671, 'first_dst': 1053689, 'second_dst': 1053682, 'hf_target': 1053689, 'hf_normalized_target': 1053689, 'direct_dst': 1053682, 'first_invert': True, 'second_invert': False, 'condition_truth_authority': 'raw_jcc_hf_relation_direct_flags', 'reason': 'branch_truth_evidence_v21d hf_target=0x1013f9 raw_target=0x1013f9 raw_fallthrough=0x1013f2 legacy_hint=(mnemonic=JNZ hf_cond_opcode=INT_EQUAL) class=direct_flags', 'relation_evidence': {'version': 'ordered_relation_algebra_v23e', 'status': 'unresolved', 'mnemonic': 'JNZ', 'raw_relation': None, 'raw_domain': None, 'hf_opcode': 'INT_EQUAL', 'hf_relation': None, 'hf_domain': None, 'operand_profile': {'status': 'unresolved', 'reason': 'constant_threshold_requires_exact_value_custody', 'operand_count': 2, 'left_sid': 'v_112', 'right_sid': 'c_81_1', 'left_identity': ('high', 'high_rep:112'), 'right_identity': ('constant', 8, 81), 'left_width_bits': 8, 'right_width_bits': 8, 'left_constant': False, 'right_constant': True}, 'operand_orientation': None, 'relation_to_hf': None, 'invert_for_target': None, 'invert_for_fallthrough': None, 'reason': 'ordered_relation_family_not_applicable', 'legacy_hint_resolved': True, 'selected_as_authority': False}, 'boolean_carrier_evidence': {'status': 'proven_boolean', 'reason': 'comparison_result_is_boolean', 'root_opcode': 'INT_EQUAL', 'contains_multiequal': False, 'depth': 0}}
{'kind': 'binary_branch_truth_bound_by_evidence_class_v21d', 'src': 1053689, 'first_dst': 1053707, 'second_dst': 1053700, 'hf_target': 1053707, 'hf_normalized_target': 1053707, 'direct_dst': 1053700, 'first_invert': True, 'second_invert': False, 'condition_truth_authority': 'raw_jcc_hf_relation_direct_flags', 'reason': 'branch_truth_evidence_v21d hf_target=0x10140b raw_target=0x10140b raw_fallthrough=0x101404 legacy_hint=(mnemonic=JG hf_cond_opcode=INT_SLESS) class=direct_flags', 'relation_evidence': {'version': 'ordered_relation_algebra_v23e', 'status': 'unresolved', 'mnemonic': 'JG', 'raw_relation': 'GT', 'raw_domain': 'signed', 'hf_opcode': 'INT_SLESS', 'hf_relation': 'LT', 'hf_domain': 'signed', 'operand_profile': {'status': 'unresolved', 'reason': 'constant_threshold_requires_exact_value_custody', 'operand_count': 2, 'left_sid': 'v_160', 'right_sid': 'c_48_1', 'left_identity': ('high', 'high_rep:160'), 'right_identity': ('constant', 8, 48), 'left_width_bits': 8, 'right_width_bits': 8, 'left_constant': False, 'right_constant': True}, 'operand_orientation': None, 'relation_to_hf': None, 'invert_for_target': None, 'invert_for_fallthrough': None, 'reason': 'constant_threshold_requires_exact_value_custody', 'legacy_hint_resolved': True, 'selected_as_authority': False}, 'boolean_carrier_evidence': {'status': 'proven_boolean', 'reason': 'comparison_result_is_boolean', 'root_opcode': 'INT_SLESS', 'contains_multiequal': False, 'depth': 0}}
{'kind': 'binary_branch_truth_bound_by_evidence_class_v21d', 'src': 1053707, 'first_dst': 1053725, 'second_dst': 1053718, 'hf_target': 1053725, 'hf_normalized_target': 1053725, 'direct_dst': 1053718, 'first_invert': True, 'second_invert': False, 'condition_truth_authority': 'raw_jcc_hf_relation_direct_flags', 'reason': 'branch_truth_evidence_v21d hf_target=0x10141d raw_target=0x10141d raw_fallthrough=0x101416 legacy_hint=(mnemonic=JLE hf_cond_opcode=INT_SLESS) class=direct_flags', 'relation_evidence': {'version': 'ordered_relation_algebra_v23e', 'status': 'unresolved', 'mnemonic': 'JLE', 'raw_relation': 'LE', 'raw_domain': 'signed', 'hf_opcode': 'INT_SLESS', 'hf_relation': 'LT', 'hf_domain': 'signed', 'operand_profile': {'status': 'unresolved', 'reason': 'constant_threshold_requires_exact_value_custody', 'operand_count': 2, 'left_sid': 'v_214', 'right_sid': 'c_58_1', 'left_identity': ('high', 'high_rep:214'), 'right_identity': ('constant', 8, 58), 'left_width_bits': 8, 'right_width_bits': 8, 'left_constant': False, 'right_constant': True}, 'operand_orientation': None, 'relation_to_hf': None, 'invert_for_target': None, 'invert_for_fallthrough': None, 'reason': 'constant_threshold_requires_exact_value_custody', 'legacy_hint_resolved': True, 'selected_as_authority': False}, 'boolean_carrier_evidence': {'status': 'proven_boolean', 'reason': 'comparison_result_is_boolean', 'root_opcode': 'INT_SLESS', 'contains_multiequal': False, 'depth': 0}}

[EDGE IDENTITY v23 / BOHDI EMPEROR]
{'kind': 'cfg_edge_identity_inventory_v23', 'version': 'FunctionCFG_v23e_clothed_emperor_cfg_truth', 'id_schema': 'cfg_edge_identity_v1', 'canonical_identity': '(src_addr,dst_addr)', 'edges': 13, 'unique_edge_keys': 13, 'binary_cbranch_edges': 8, 'direct_join_edges': 0, 'direct_join_branch_arm_edges': 0, 'direct_join_loop_exit_edges': 0, 'direct_join_empty_arm_candidates': 0, 'warnings': 0, 'topology_mutations': 0, 'polarity_mutations': 0, 'rule': 'freeze_repaired_CFG_edge_identity_then_mark_exact_binary_CBRANCH_edge_to_IPDOM'}

[IPDOM]
0x1013bf -> ipdom: 0x101435
0x1013e0 -> ipdom: 0x101435
0x1013e7 -> ipdom: 0x101435
0x1013f2 -> ipdom: 0x101435
0x1013f9 -> ipdom: 0x101435
0x101404 -> ipdom: 0x101435
0x10140b -> ipdom: 0x101435
0x101416 -> ipdom: 0x101435
0x10141d -> ipdom: 0x101435
0x101435 -> ipdom: None

=====================

===== PAL RESOLVER INDIRECT STORAGE v22c =====

[INVENTORY]
{'active': False,
 'address_tied_families': 0,
 'custody_transitions': 0,
 'effect_owner_groups': 0,
 'escape_barrier_sids': 0,
 'input_contracts': 0,
 'kind': 'resolver_indirect_storage_inventory_v22c',
 'machine_state_families': 0,
 'machine_state_sids': 0,
 'owner_categories': {},
 'parameter_initializers': 0,
 'persistent_families': 0,
 'rule': 'HighVariable_identity_families_plus_address_escape_alias_barrier',
 'runtime_order': 'CFG_governed_not_linearized',
 'storage_families': 0,
 'version': 'v22c_indirect_storage_families',
 'warnings': 0}

[STORAGE FAMILIES]

[PARAMETER INITIALIZERS / STORAGE WRITES]
[]

[WARNINGS]
[]
===== END PAL RESOLVER INDIRECT STORAGE =====

========================================================================
PALRAW AUDIT v0.3 :: raw instruction BLOCK p-code vs HF/PAL CFG
========================================================================

--- 0x10127f ---
Raw block  : 0x10127f -> next 0x1013bf
Instr count: 0
Terminal   : None None
Raw succs  : []
Norm succs : None
HF block   : None
CFG edges  : []
STATUS     : no_hf_block
NOTE       : No PAL/HighFunction block mapped to this address.
Raw instructions:
Terminal raw p-code:
HF/PAL ops :

--- 0x1011b6 ---
Raw block  : 0x1011b6 -> next 0x1013bf
Instr count: 0
Terminal   : None None
Raw succs  : []
Norm succs : None
HF block   : None
CFG edges  : []
STATUS     : no_hf_block
NOTE       : No PAL/HighFunction block mapped to this address.
Raw instructions:
Terminal raw p-code:
HF/PAL ops :

--- 0x101219 ---
Raw block  : 0x101219 -> next 0x1013bf
Instr count: 8
Terminal   : 0x10122d JNZ 0x00101240
Raw succs  : ['0x101240', '0x10122f']
Norm succs : None
HF block   : None
CFG edges  : []
STATUS     : no_hf_block
NOTE       : No PAL/HighFunction block mapped to this address.
Raw instructions:
   0x101219  PUSH RBP
   0x10121a  MOV RBP,RSP
   0x10121d  SUB RSP,0x10
   0x101221  MOV dword ptr [RBP + -0x4],EDI
   0x101224  MOV dword ptr [RBP + -0x8],ESI
   0x101227  MOV EAX,dword ptr [RBP + -0x4]
   0x10122a  CMP EAX,dword ptr [RBP + -0x8]
   0x10122d  JNZ 0x00101240
Terminal raw p-code:
    (unique, 0x24f00, 1) BOOL_NEGATE (register, 0x206, 1)
     ---  CBRANCH (ram, 0x101240, 8) , (unique, 0x24f00, 1)
HF/PAL ops :

--- 0x10120f ---
Raw block  : 0x10120f -> next 0x1013bf
Instr count: 0
Terminal   : None None
Raw succs  : []
Norm succs : None
HF block   : None
CFG edges  : []
STATUS     : no_hf_block
NOTE       : No PAL/HighFunction block mapped to this address.
Raw instructions:
Terminal raw p-code:
HF/PAL ops :

--- 0x101221 ---
Raw block  : 0x101221 -> next 0x1013bf
Instr count: 5
Terminal   : 0x10122d JNZ 0x00101240
Raw succs  : ['0x101240', '0x10122f']
Norm succs : None
HF block   : None
CFG edges  : []
STATUS     : no_hf_block
NOTE       : No PAL/HighFunction block mapped to this address.
Raw instructions:
   0x101221  MOV dword ptr [RBP + -0x4],EDI
   0x101224  MOV dword ptr [RBP + -0x8],ESI
   0x101227  MOV EAX,dword ptr [RBP + -0x4]
   0x10122a  CMP EAX,dword ptr [RBP + -0x8]
   0x10122d  JNZ 0x00101240
Terminal raw p-code:
    (unique, 0x24f00, 1) BOOL_NEGATE (register, 0x206, 1)
     ---  CBRANCH (ram, 0x101240, 8) , (unique, 0x24f00, 1)
HF/PAL ops :

--- 0x101284 ---
Raw block  : 0x101284 -> next 0x1013bf
Instr count: 27
Terminal   : 0x1012f4 JMP 0x00101309
Raw succs  : ['0x101309']
Norm succs : None
HF block   : None
CFG edges  : []
STATUS     : no_hf_block
NOTE       : No PAL/HighFunction block mapped to this address.
Raw instructions:
   0x101284  MOV RDI,RAX
   0x101287  CALL 0x00101030
   0x10128c  LEA RAX,[0x1020b0]
   0x101293  MOV RDI,RAX
   0x101296  CALL 0x00101030
   0x10129b  LEA RAX,[0x102048]
   0x1012a2  MOV RDI,RAX
   0x1012a5  CALL 0x00101030
   0x1012aa  MOV RAX,qword ptr [RBP + -0x18]
   0x1012ae  MOV ESI,dword ptr [RAX + 0x8]
   0x1012b1  MOV RAX,qword ptr [RBP + -0x18]
   0x1012b5  MOV ECX,dword ptr [RAX + 0x4]
   0x1012b8  MOV RAX,qword ptr [RBP + -0x18]
   0x1012bc  MOV EDX,dword ptr [RAX]
   0x1012be  MOV RAX,qword ptr [RBP + -0x18]
   0x1012c2  MOV EAX,dword ptr [RAX + 0xc]
   0x1012c5  MOV R8D,ESI
   0x1012c8  MOV ESI,EAX
   0x1012ca  LEA RAX,[0x1020e0]
   0x1012d1  MOV RDI,RAX
   0x1012d4  MOV EAX,0x0
   0x1012d9  CALL 0x00101040
   0x1012de  LEA RAX,[0x102118]
   0x1012e5  MOV RDI,RAX
   0x1012e8  CALL 0x00101030
   0x1012ed  MOV dword ptr [RBP + -0x4],0x0
   0x1012f4  JMP 0x00101309
Terminal raw p-code:
     ---  BRANCH (ram, 0x101309, 8)
HF/PAL ops :

--- 0x10127f ---
Raw block  : 0x10127f -> next 0x1013bf
Instr count: 0
Terminal   : None None
Raw succs  : []
Norm succs : None
HF block   : None
CFG edges  : []
STATUS     : no_hf_block
NOTE       : No PAL/HighFunction block mapped to this address.
Raw instructions:
Terminal raw p-code:
HF/PAL ops :

========================================================================

===== PAL COMPUTE ANALYZER =====
{'kind': 'pal_compute_inventory_v22',
 'version': 'v23b_abi_thunk_compatibility_return_reconciliation',
 'runtime_representation': 'raw_unsigned_bitvector_at_ssa_boundaries',
 'operations': 19,
 'output_plans': 17,
 'control_contracts': 9,
 'c_compute_filtered': 14,
 'use_site_overrides': 0,
 'return_observation_view_mismatches': 0,
 'storage_custody_related_ops': 0,
 'indirect_custody_contracts': 0,
 'indirect_custody_resolved': 0,
 'indirect_custody_deferred': 0,
 'indirect_effect_owner_compute_ops': 0,
 'storage_family_bindings': 0,
 'function_entry_abi_plan': True,
 'call_site_abi_plans': 0,
 'internal_call_plan_failures': 0,
 'unsupported_implicit_inputs': 0,
 'abi_runtime_helper_assignments': 0,
 'no_return_calls': 0,
 'reachable_return_boundaries': 1,
 'unreachable_return_boundaries': 0,
 'synthetic_no_return_continuations_suppressed': 0,
 'statuses': {'deferred_memory': 7, 'helper_required': 6, 'metadata_only': 6},
 'categories': {'memory': 7,
                'comparison': 4,
                'conversion': 1,
                'integer_arithmetic': 1,
                'transport': 5,
                'phi_merge': 1},
 'helpers': {'c_store': 2,
             'c_load': 5,
             'c_eq': 2,
             'c_slt': 2,
             'c_sext': 1,
             'c_add': 1},
 'opcodes': {'STORE': 2,
             'LOAD': 5,
             'INT_EQUAL': 2,
             'INT_SLESS': 2,
             'INT_SEXT': 1,
             'INT_ADD': 1,
             'COPY': 5,
             'MULTIEQUAL': 1},
 'warnings': 0}

[WARNINGS]
[]

[METADATA-ONLY COMPUTE BOUNDARIES]
0x101435 MULTIEQUAL ['v_84', 'v_149', 'v_203', 'v_255', 'v_298'] -> v_450 classification=None

[HELPER-REQUIRED CONTRACTS]
0x1013bf INT_EQUAL v_66 helper=c_eq widths=[8, 8]->8 overrides=0
0x1013e7 INT_EQUAL v_131 helper=c_eq widths=[8, 8]->8 overrides=0
0x1013f9 INT_SLESS v_198 helper=c_slt widths=[8, 8]->8 overrides=0
0x10140b INT_SLESS v_250 helper=c_slt widths=[8, 8]->8 overrides=0
0x10141d INT_SEXT v_273 helper=c_sext widths=[8]->32 overrides=0
0x10141d INT_ADD v_560 helper=c_add widths=[32, 32]->32 overrides=0

[INDIRECT STORAGE-CUSTODY CONTRACTS]

[INDIRECT CUSTODY INVENTORY]
{'kind': 'pal_compute_indirect_custody_inventory_v22d',
 'version': 'v23b_abi_thunk_compatibility_return_reconciliation',
 'resolver_transitions': 0,
 'compute_indirect_contracts': 0,
 'resolved_custody': 0,
 'deferred_custody': 0,
 'effect_owner_compute_bindings': 0,
 'effect_owner_compute_ops': 0,
 'owner_categories': {},
 'storage_families': 0,
 'storage_sid_bindings': 0,
 'address_escape_barrier_sids': 0,
 'parameter_storage_initializers': 0,
 'runtime_helpers': 0,
 'warnings': 0,
 'rule': 'INDIRECT_is_metadata_only_owner_bound_storage_transition'}

[ABI-D ENTRY/CALL PLAN INVENTORY]
{'kind': 'pal_compute_abi_plan_inventory_v23',
 'version': 'v23b_abi_thunk_compatibility_return_reconciliation',
 'function': 'parse_burn',
 'entry_plan_present': True,
 'entry_plan_status': 'ready',
 'fixed_arguments': 2,
 'implicit_inputs': 0,
 'implicit_inputs_unsupported': 0,
 'call_compute_contracts': 0,
 'call_site_plans': 0,
 'call_sites_without_plan': 0,
 'call_statuses': {},
 'dispatch_classes': {},
 'internal_calls': 0,
 'internal_calls_with_target_compatible_plan': 0,
 'internal_calls_without_target_compatible_plan': 0,
 'internal_calls_with_deferred_target_compatibility': 0,
 'internal_calls_with_incompatible_target': 0,
 'internal_calls_without_transport_plan': 0,
 'external_calls': 0,
 'thunk_calls': 0,
 'external_via_thunk_calls': 0,
 'thunk_endpoint_deferred_calls': 0,
 'thunk_calls_misclassified_internal': 0,
 'target_compatibility_overclaims': 0,
 'no_return_calls': 0,
 'result_carrier_contracts': 0,
 'abi_runtime_helper_assignments': 0,
 'warnings': 0,
 'acceptance_gates': {'every_emitted_function_has_entry_plan': True,
                      'every_call_has_call_site_plan': True,
                      'every_internal_call_has_target_compatible_plan': True,
                      'every_internal_call_has_carrier_transport_plan': True,
                      'no_resolved_thunk_misclassified_internal': True,
                      'no_target_compatibility_overclaim': True,
                      'no_implicit_input_is_unsupported': True,
                      'no_runtime_helper_assigned_by_ABI_guesswork': True},
 'return_boundary_reconciliation': {'kind': 'pal_compute_return_boundary_reconciliation_v23b',
                                    'version': 'v23b_abi_thunk_compatibility_return_reconciliation',
                                    'function': 'parse_burn',
                                    'entry_block_addr': 1053631,
                                    'cfg_evidence_available': True,
                                    'no_return_terminating_blocks': [],
                                    'no_return_call_op_keys': [],
                                    'return_boundaries': 1,
                                    'reachable_return_boundaries': 1,
                                    'unreachable_return_boundaries': 0,
                                    'deferred_return_boundaries': 0,
                                    'reachable_return_widths': [64],
                                    'width_reconciled': True,
                                    'synthetic_no_return_continuations_suppressed': 0,
                                    'rule': 'traverse_CFG_with_no_return_blocks_as_terminal_then_reconcile_reachable_raw_return_transports_only'},
 'rule': 'ABI_A_B_C_authority_only_thunk_endpoint_and_compatibility_tri_state_no_downstream_argument_reinference'}

[FUNCTION ENTRY ABI PLAN]
{'plan_id': 'function_entry:1053631',
 'status': 'ready',
 'callable_signature_status': 'legacy_non_variadic_fallback',
 'fixed_argument_count': 2,
 'implicit_input_count': 0,
 'variadic_register_save_area': {'required': False,
                                 'status': 'not_required',
                                 'slots': [{'sid': 'v_503',
                                            'bank': 'gp',
                                            'index': 0,
                                            'register': 'RDI',
                                            'width_bits': 64,
                                            'canonical_alias': 'param_0',
                                            'owner_namespace': 'logical_parameter',
                                            'owner_role': 'callable_parameter_carrier',
                                            'materialization': 'capture_entry_register_bits',
                                            'source': 'abi_context.registers',
                                            'runtime_helper': None,
                                            'authority': 'PALSymbolResolver_ABI_C_physical_carrier_binding'},
                                           {'sid': 'v_504',
                                            'bank': 'gp',
                                            'index': 1,
                                            'register': 'RSI',
                                            'width_bits': 64,
                                            'canonical_alias': 'param_1',
                                            'owner_namespace': 'logical_parameter',
                                            'owner_role': 'callable_parameter_carrier',
                                            'materialization': 'capture_entry_register_bits',
                                            'source': 'abi_context.registers',
                                            'runtime_helper': None,
                                            'authority': 'PALSymbolResolver_ABI_C_physical_carrier_binding'}],
                                 'gp_slots': [{'sid': 'v_503',
                                               'bank': 'gp',
                                               'index': 0,
                                               'register': 'RDI',
                                               'width_bits': 64,
                                               'canonical_alias': 'param_0',
                                               'owner_namespace': 'logical_parameter',
                                               'owner_role': 'callable_parameter_carrier',
                                               'materialization': 'capture_entry_register_bits',
                                               'source': 'abi_context.registers',
                                               'runtime_helper': None,
                                               'authority': 'PALSymbolResolver_ABI_C_physical_carrier_binding'},
                                              {'sid': 'v_504',
                                               'bank': 'gp',
                                               'index': 1,
                                               'register': 'RSI',
                                               'width_bits': 64,
                                               'canonical_alias': 'param_1',
                                               'owner_namespace': 'logical_parameter',
                                               'owner_role': 'callable_parameter_carrier',
                                               'materialization': 'capture_entry_register_bits',
                                               'source': 'abi_context.registers',
                                               'runtime_helper': None,
                                               'authority': 'PALSymbolResolver_ABI_C_physical_carrier_binding'}],
                                 'sse_slots': [],
                                 'fixed_variadic_partition_status': 'deferred_to_entry_protocol_analysis',
                                 'source': 'abi_context.registers',
                                 'authority': 'ABI_C_carriers_plus_variadic_contract'},
 'overflow_argument_area': {'required': False,
                            'status': 'not_required',
                            'source': 'abi_context.overflow_argument_area',
                            'observed_stack_carriers': [],
                            'materialization': 'consume_preclassified_overflow_slots',
                            'offset_inference_allowed': False,
                            'authority': 'ABI_C_stack_carriers_or_variadic_protocol'},
 'variadic_al': {'required': False,
                 'status': 'not_required',
                 'source': 'abi_context.variadic_xmm_count',
                 'inputs': [],
                 'default_allowed': False,
                 'authority': 'ABI_C_variadic_xmm_count_contract'},
 'frame_base': {'required': False,
                'status': 'not_observed',
                'source': 'abi_context.frame_base',
                'inputs': [],
                'derive_from_parameter_names': False,
                'authority': 'ABI_C_frame_state_custody'},
 'tls_base': {'required': False,
              'status': 'not_observed',
              'source': 'abi_context.tls_base',
              'inputs': [],
              'derive_from_expression_names': False,
              'authority': 'ABI_C_tls_state_custody'},
 'return_contract': {'kind': 'pal_compute_return_carrier_contract_abi_d',
                     'version': 'v23b_abi_thunk_compatibility_return_reconciliation',
                     'status': 'return_width_proven_carrier_deferred',
                     'no_return': False,
                     'output_sid': None,
                     'output_width_bits': None,
                     'declared_width_bits': None,
                     'effective_result_width_bits': 64,
                     'declared_return': {'name': 'undefined',
                                         'display_name': 'undefined',
                                         'class_name': 'DefaultDataType',
                                         'length_bytes': 1,
                                         'width_bits': 8,
                                         'signed': None,
                                         'kind_hint': None},
                     'return_storage': {'repr': '<UNASSIGNED>',
                                        'size_bytes': 0,
                                        'flags': {'register': False,
                                                  'stack': False,
                                                  'memory': False,
                                                  'unassigned': True,
                                                  'void': False,
                                                  'auto': False},
                                        'pieces': [],
                                        'storage_keys': []},
                     'carrier_pieces': [],
                     'normalization': {'mode': 'mask_to_output_width',
                                       'width_bits': 64,
                                       'mask': 18446744073709551615},
                     'runtime_helper': None,
                     'runtime_helper_authority': 'no_ABI_runtime_helper_assigned',
                     'authority': 'reachable_raw_return_transport',
                     'reported_declared_width_bits': 8,
                     'declared_width_authoritative': False,
                     'declared_return_evidence_status': 'non_authoritative_default_or_unresolved_prototype',
                     'transport_width_bits': 64,
                     'logical_result_width_bits': 64,
                     'reachable_return_widths': [64],
                     'reachable_return_boundary_count': 1,
                     'unreachable_return_boundary_count': 0,
                     'deferred_return_boundary_count': 0},
 'reachable_return_boundaries': [{'block_addr': 1053749,
                                  'return_value_sid': 'v_450',
                                  'return_value_width_bits': 64,
                                  'return_transport_width_bits': 64,
                                  'return_logical_width_bits': 64,
                                  'return_declared_view': None,
                                  'return_boundary_authority': 'raw_return_register_transport',
                                  'return_reachability': 'reachable',
                                  'reachable_return': True,
                                  'execution_suppressed': False,
                                  'emission_policy': 'emit_reachable_return_boundary',
                                  'cut_by_no_return_blocks': [],
                                  'cut_by_no_return_call_op_keys': []}],
 'unreachable_return_boundaries': []}

[RETURN BOUNDARY RECONCILIATION]
{'kind': 'pal_compute_return_boundary_reconciliation_v23b',
 'version': 'v23b_abi_thunk_compatibility_return_reconciliation',
 'function': 'parse_burn',
 'entry_block_addr': 1053631,
 'cfg_evidence_available': True,
 'no_return_terminating_blocks': [],
 'no_return_call_op_keys': [],
 'return_boundaries': 1,
 'reachable_return_boundaries': 1,
 'unreachable_return_boundaries': 0,
 'deferred_return_boundaries': 0,
 'reachable_return_widths': [64],
 'width_reconciled': True,
 'synthetic_no_return_continuations_suppressed': 0,
 'rule': 'traverse_CFG_with_no_return_blocks_as_terminal_then_reconcile_reachable_raw_return_transports_only'}

[CALL SITE ABI PLANS]
===== END PAL COMPUTE ANALYZER =====


=========== SGL EXECUTION TREE ===========

sequence
  block [0x1013bf]
  if [cond=not ((v_47 == 0x71))]
    then
      block [0x1013e7]
      if [cond=not ((v_112 == 0x51))]
        then
          block [0x1013f9]
          if [cond=not ((v_160 < 0x30))]
            then
              block [0x10140b]
              if [cond=(v_214 < 0x3a)]
                then
                  sequence
                    block [0x10141d]
                else
                  sequence
                    block [0x101416]
            else
              sequence
                block [0x101404]
        else
          sequence
            block [0x1013f2]
    else
      sequence
        block [0x1013e0]
  sequence
    block [0x101435]

=========== END TREE ===========

[SGL EXEC TREE PERSISTED] path=/home/rem/gh/PAL/pyghidra-PAL/PAL/PAL_logs/f_00000000001013bf_parse_burn.sgl.exec_tree.log mode=append temporary=False delete_on_completion=False

[PHI DROP-INS]
------------------------------------------------------------
pred=0x1013e0 -> join=0x101435 :: v_450 = v_84
pred=0x1013f2 -> join=0x101435 :: v_450 = v_149
pred=0x101404 -> join=0x101435 :: v_450 = v_203
pred=0x101416 -> join=0x101435 :: v_450 = v_255
pred=0x10141d -> join=0x101435 :: v_450 = v_298
------------------------------------------------------------
{'active': True,
 'bound_plans': 17,
 'control_contracts_forwarded': 9,
 'input_op_contracts': 19,
 'input_plans': 17,
 'kind': 'phi_compute_consumer_inventory_v21',
 'outputless_contracts_forwarded': 2,
 'phi_merge_contracts': 1,
 'phi_transition_contracts': 5,
 'preserved_compute_boundaries': 12,
 'preserved_deferred_contracts': 5,
 'preserved_outputless_boundaries': 2,
 'preserved_outputless_deferred_contracts': 2,
 'preserved_outputless_helpers': 2,
 'preserved_runtime_helpers': 11,
 'rule': 'preserve_PALCompute_authority_remap_execution_destination_only',
 'state_alias_bindings': 0,
 'transition_owners': {'predecessor_phi_dropin': 5},
 'version': 'v21_compute_contract_consumers',
 'warnings': 0}
[]
          OK -> functions.f_00000000001013bf_parse_burn
[17/30] decompile Global::read_burn @ 0x101437

===== CFG DEBUG =====

[EDGES]
0x101437 -> 0x101476  true raw=true role=raw_true_explicit_target pol=fallthrough inv=True edge=cfg-edge-v1:0x101437->0x101476 direct_join=False
0x101437 -> 0x101460  false raw=false role=raw_false_fallthrough pol=fallthrough inv=False edge=cfg-edge-v1:0x101437->0x101460 direct_join=False
0x101460 -> 0x1014a4  uncond raw=uncond role=uncond pol=unknown inv=None edge=cfg-edge-v1:0x101460->0x1014a4 direct_join=False
0x101476 -> 0x1014a4  true raw=true role=raw_taken_by_exact_fallthrough_complement_v19 pol=fallthrough inv=True edge=cfg-edge-v1:0x101476->0x1014a4 direct_join=True
0x101476 -> 0x101492  false raw=false role=raw_false_exact_fallthrough_v19 pol=fallthrough inv=False edge=cfg-edge-v1:0x101476->0x101492 direct_join=False
0x101492 -> 0x1014a4  uncond raw=uncond role=uncond pol=unknown inv=None edge=cfg-edge-v1:0x101492->0x1014a4 direct_join=False

[BRANCH RESOLUTION EVENTS]
{'kind': 'binary_branch_truth_bound_by_evidence_class_v21d', 'src': 1053751, 'first_dst': 1053814, 'second_dst': 1053792, 'hf_target': 1053814, 'hf_normalized_target': 1053814, 'direct_dst': 1053792, 'first_invert': True, 'second_invert': False, 'condition_truth_authority': 'raw_jcc_hf_relation_direct_flags', 'reason': 'branch_truth_evidence_v21d hf_target=0x101476 raw_target=0x101476 raw_fallthrough=0x101460 legacy_hint=(mnemonic=JNZ hf_cond_opcode=INT_EQUAL) class=direct_flags', 'relation_evidence': {'version': 'ordered_relation_algebra_v23e', 'status': 'unresolved', 'mnemonic': 'JNZ', 'raw_relation': None, 'raw_domain': None, 'hf_opcode': 'INT_EQUAL', 'hf_relation': None, 'hf_domain': None, 'operand_profile': {'status': 'unresolved', 'reason': 'constant_threshold_requires_exact_value_custody', 'operand_count': 2, 'left_sid': 'v_237', 'right_sid': 'c_0_8', 'left_identity': ('high', 'high_rep:237'), 'right_identity': ('constant', 64, 0), 'left_width_bits': 64, 'right_width_bits': 64, 'left_constant': False, 'right_constant': True}, 'operand_orientation': None, 'relation_to_hf': None, 'invert_for_target': None, 'invert_for_fallthrough': None, 'reason': 'ordered_relation_family_not_applicable', 'legacy_hint_resolved': True, 'selected_as_authority': False}, 'boolean_carrier_evidence': {'status': 'proven_boolean', 'reason': 'comparison_result_is_boolean', 'root_opcode': 'INT_EQUAL', 'contains_multiequal': False, 'depth': 0}}
{'kind': 'binary_branch_truth_bound_by_evidence_class_v21d', 'src': 1053814, 'first_dst': 1053860, 'second_dst': 1053842, 'hf_target': 1053857, 'hf_normalized_target': 1053860, 'direct_dst': 1053842, 'first_invert': True, 'second_invert': False, 'condition_truth_authority': 'raw_jcc_hf_relation_direct_flags', 'reason': 'branch_truth_evidence_v21d hf_target=0x1014a4 raw_target=0x1014a4 raw_fallthrough=0x101492 legacy_hint=(mnemonic=JNS hf_cond_opcode=INT_SLESS hf_sign_shape=negative) class=direct_flags', 'relation_evidence': {'version': 'ordered_relation_algebra_v23e', 'status': 'unresolved', 'mnemonic': 'JNS', 'raw_relation': None, 'raw_domain': None, 'hf_opcode': 'INT_SLESS', 'hf_relation': 'LT', 'hf_domain': 'signed', 'operand_profile': {'status': 'unresolved', 'reason': 'constant_threshold_requires_exact_value_custody', 'operand_count': 2, 'left_sid': 'v_550', 'right_sid': 'c_0_4', 'left_identity': ('high', 'high_rep:665'), 'right_identity': ('constant', 32, 0), 'left_width_bits': 32, 'right_width_bits': 32, 'left_constant': False, 'right_constant': True}, 'operand_orientation': None, 'relation_to_hf': None, 'invert_for_target': None, 'invert_for_fallthrough': None, 'reason': 'ordered_relation_family_not_applicable', 'legacy_hint_resolved': True, 'selected_as_authority': False}, 'boolean_carrier_evidence': {'status': 'proven_boolean', 'reason': 'comparison_result_is_boolean', 'root_opcode': 'INT_SLESS', 'contains_multiequal': False, 'depth': 0}}
{'kind': 'binary_branch_resolved_by_exact_fallthrough_complement_v19', 'src': 1053814, 'raw_branch_target': 1053857, 'raw_fallthrough': 1053842, 'taken_dst': 1053860, 'fallthrough_dst': 1053842, 'condition_polarity': 'fallthrough', 'taken_invert': True, 'fallthrough_invert': False, 'reason': 'branch_truth_evidence_v21d hf_target=0x1014a4 raw_target=0x1014a4 raw_fallthrough=0x101492 legacy_hint=(mnemonic=JNS hf_cond_opcode=INT_SLESS hf_sign_shape=negative) class=direct_flags', 'condition_truth_authority': 'raw_jcc_hf_relation_direct_flags'}

[EDGE IDENTITY v23 / BOHDI EMPEROR]
{'kind': 'cfg_edge_identity_inventory_v23', 'version': 'FunctionCFG_v23e_clothed_emperor_cfg_truth', 'id_schema': 'cfg_edge_identity_v1', 'canonical_identity': '(src_addr,dst_addr)', 'edges': 6, 'unique_edge_keys': 6, 'binary_cbranch_edges': 4, 'direct_join_edges': 1, 'direct_join_branch_arm_edges': 1, 'direct_join_loop_exit_edges': 0, 'direct_join_empty_arm_candidates': 1, 'warnings': 0, 'topology_mutations': 0, 'polarity_mutations': 0, 'rule': 'freeze_repaired_CFG_edge_identity_then_mark_exact_binary_CBRANCH_edge_to_IPDOM'}
{'edge_id': [1053814, 1053860], 'edge_key': 'cfg-edge-v1:0x101476->0x1014a4', 'branch_owner_addr': 1053814, 'join_addr': 1053860, 'branch_role': 'true', 'authority': 'FunctionCFG_repaired_topology_plus_IPDOM_v23'}

[IPDOM]
0x101437 -> ipdom: 0x1014a4
0x101460 -> ipdom: 0x1014a4
0x101476 -> ipdom: 0x1014a4
0x101492 -> ipdom: 0x1014a4
0x1014a4 -> ipdom: None

=====================

===== PAL RESOLVER INDIRECT STORAGE v22c =====

[INVENTORY]
{'active': True,
 'address_tied_families': 2,
 'custody_transitions': 5,
 'effect_owner_groups': 4,
 'escape_barrier_sids': 7,
 'input_contracts': 5,
 'kind': 'resolver_indirect_storage_inventory_v22c',
 'machine_state_families': 0,
 'machine_state_sids': 0,
 'owner_categories': {'call_boundary': 5},
 'parameter_initializers': 0,
 'persistent_families': 1,
 'rule': 'HighVariable_identity_families_plus_address_escape_alias_barrier',
 'runtime_order': 'CFG_governed_not_linearized',
 'storage_families': 2,
 'version': 'v22c_indirect_storage_families',
 'warnings': 0}

[STORAGE FAMILIES]
{'address_tied': True,
 'classification': 'address_tied_c_storage',
 'entry_sids': ['v_550'],
 'family_id': 'storage_family:high_rep:665',
 'high_identity_key': 'high_rep:665',
 'high_name': 'local_c',
 'member_sids': ['v_550', 'v_665'],
 'parameter_initializers': 0,
 'persistent': False,
 'transitions': 1}
{'address_tied': True,
 'classification': 'persistent_address_tied_storage',
 'entry_sids': ['v_695'],
 'family_id': 'storage_family:high_rep:695',
 'high_identity_key': 'high_rep:695',
 'high_name': 'stdin',
 'member_sids': ['v_695', 'v_602', 'v_605', 'v_608', 'v_611'],
 'parameter_initializers': 0,
 'persistent': True,
 'transitions': 4}

[PARAMETER INITIALIZERS / STORAGE WRITES]
[]

[WARNINGS]
[]
===== END PAL RESOLVER INDIRECT STORAGE =====

========================================================================
PALRAW AUDIT v0.3 :: raw instruction BLOCK p-code vs HF/PAL CFG
========================================================================

--- 0x10127f ---
Raw block  : 0x10127f -> next 0x101437
Instr count: 0
Terminal   : None None
Raw succs  : []
Norm succs : None
HF block   : None
CFG edges  : []
STATUS     : no_hf_block
NOTE       : No PAL/HighFunction block mapped to this address.
Raw instructions:
Terminal raw p-code:
HF/PAL ops :

--- 0x1011b6 ---
Raw block  : 0x1011b6 -> next 0x101437
Instr count: 0
Terminal   : None None
Raw succs  : []
Norm succs : None
HF block   : None
CFG edges  : []
STATUS     : no_hf_block
NOTE       : No PAL/HighFunction block mapped to this address.
Raw instructions:
Terminal raw p-code:
HF/PAL ops :

--- 0x101219 ---
Raw block  : 0x101219 -> next 0x101437
Instr count: 8
Terminal   : 0x10122d JNZ 0x00101240
Raw succs  : ['0x101240', '0x10122f']
Norm succs : None
HF block   : None
CFG edges  : []
STATUS     : no_hf_block
NOTE       : No PAL/HighFunction block mapped to this address.
Raw instructions:
   0x101219  PUSH RBP
   0x10121a  MOV RBP,RSP
   0x10121d  SUB RSP,0x10
   0x101221  MOV dword ptr [RBP + -0x4],EDI
   0x101224  MOV dword ptr [RBP + -0x8],ESI
   0x101227  MOV EAX,dword ptr [RBP + -0x4]
   0x10122a  CMP EAX,dword ptr [RBP + -0x8]
   0x10122d  JNZ 0x00101240
Terminal raw p-code:
    (unique, 0x24f00, 1) BOOL_NEGATE (register, 0x206, 1)
     ---  CBRANCH (ram, 0x101240, 8) , (unique, 0x24f00, 1)
HF/PAL ops :

--- 0x10120f ---
Raw block  : 0x10120f -> next 0x101437
Instr count: 0
Terminal   : None None
Raw succs  : []
Norm succs : None
HF block   : None
CFG edges  : []
STATUS     : no_hf_block
NOTE       : No PAL/HighFunction block mapped to this address.
Raw instructions:
Terminal raw p-code:
HF/PAL ops :

--- 0x101221 ---
Raw block  : 0x101221 -> next 0x101437
Instr count: 5
Terminal   : 0x10122d JNZ 0x00101240
Raw succs  : ['0x101240', '0x10122f']
Norm succs : None
HF block   : None
CFG edges  : []
STATUS     : no_hf_block
NOTE       : No PAL/HighFunction block mapped to this address.
Raw instructions:
   0x101221  MOV dword ptr [RBP + -0x4],EDI
   0x101224  MOV dword ptr [RBP + -0x8],ESI
   0x101227  MOV EAX,dword ptr [RBP + -0x4]
   0x10122a  CMP EAX,dword ptr [RBP + -0x8]
   0x10122d  JNZ 0x00101240
Terminal raw p-code:
    (unique, 0x24f00, 1) BOOL_NEGATE (register, 0x206, 1)
     ---  CBRANCH (ram, 0x101240, 8) , (unique, 0x24f00, 1)
HF/PAL ops :

--- 0x101284 ---
Raw block  : 0x101284 -> next 0x101437
Instr count: 27
Terminal   : 0x1012f4 JMP 0x00101309
Raw succs  : ['0x101309']
Norm succs : None
HF block   : None
CFG edges  : []
STATUS     : no_hf_block
NOTE       : No PAL/HighFunction block mapped to this address.
Raw instructions:
   0x101284  MOV RDI,RAX
   0x101287  CALL 0x00101030
   0x10128c  LEA RAX,[0x1020b0]
   0x101293  MOV RDI,RAX
   0x101296  CALL 0x00101030
   0x10129b  LEA RAX,[0x102048]
   0x1012a2  MOV RDI,RAX
   0x1012a5  CALL 0x00101030
   0x1012aa  MOV RAX,qword ptr [RBP + -0x18]
   0x1012ae  MOV ESI,dword ptr [RAX + 0x8]
   0x1012b1  MOV RAX,qword ptr [RBP + -0x18]
   0x1012b5  MOV ECX,dword ptr [RAX + 0x4]
   0x1012b8  MOV RAX,qword ptr [RBP + -0x18]
   0x1012bc  MOV EDX,dword ptr [RAX]
   0x1012be  MOV RAX,qword ptr [RBP + -0x18]
   0x1012c2  MOV EAX,dword ptr [RAX + 0xc]
   0x1012c5  MOV R8D,ESI
   0x1012c8  MOV ESI,EAX
   0x1012ca  LEA RAX,[0x1020e0]
   0x1012d1  MOV RDI,RAX
   0x1012d4  MOV EAX,0x0
   0x1012d9  CALL 0x00101040
   0x1012de  LEA RAX,[0x102118]
   0x1012e5  MOV RDI,RAX
   0x1012e8  CALL 0x00101030
   0x1012ed  MOV dword ptr [RBP + -0x4],0x0
   0x1012f4  JMP 0x00101309
Terminal raw p-code:
     ---  BRANCH (ram, 0x101309, 8)
HF/PAL ops :

--- 0x10127f ---
Raw block  : 0x10127f -> next 0x101437
Instr count: 0
Terminal   : None None
Raw succs  : []
Norm succs : None
HF block   : None
CFG edges  : []
STATUS     : no_hf_block
NOTE       : No PAL/HighFunction block mapped to this address.
Raw instructions:
Terminal raw p-code:
HF/PAL ops :

========================================================================

===== PAL COMPUTE ANALYZER =====
{'kind': 'pal_compute_inventory_v22',
 'version': 'v23b_abi_thunk_compatibility_return_reconciliation',
 'runtime_representation': 'raw_unsigned_bitvector_at_ssa_boundaries',
 'operations': 19,
 'output_plans': 17,
 'control_contracts': 4,
 'c_compute_filtered': 15,
 'use_site_overrides': 0,
 'return_observation_view_mismatches': 0,
 'storage_custody_related_ops': 12,
 'indirect_custody_contracts': 5,
 'indirect_custody_resolved': 5,
 'indirect_custody_deferred': 0,
 'indirect_effect_owner_compute_ops': 4,
 'storage_family_bindings': 7,
 'function_entry_abi_plan': True,
 'call_site_abi_plans': 4,
 'internal_call_plan_failures': 1,
 'unsupported_implicit_inputs': 0,
 'abi_runtime_helper_assignments': 0,
 'no_return_calls': 0,
 'reachable_return_boundaries': 1,
 'unreachable_return_boundaries': 0,
 'synthetic_no_return_continuations_suppressed': 0,
 'statuses': {'deferred_memory': 2,
              'metadata_only': 11,
              'deferred_external': 4,
              'helper_required': 2},
 'categories': {'pointer_arithmetic': 2,
                'storage_custody': 5,
                'call_boundary': 4,
                'comparison': 2,
                'transport': 4,
                'phi_merge': 2},
 'helpers': {'c_ptrsub': 2, 'c_eq': 1, 'c_slt': 1},
 'opcodes': {'PTRSUB': 2,
             'INDIRECT': 5,
             'CALL': 4,
             'INT_EQUAL': 1,
             'INT_SLESS': 1,
             'COPY': 4,
             'MULTIEQUAL': 2},
 'warnings': 0}

[WARNINGS]
[]

[METADATA-ONLY COMPUTE BOUNDARIES]
0x101437 INDIRECT ['v_695', 'c_23_4'] -> v_602 classification=None
0x101476 INDIRECT ['v_602', 'c_57_4'] -> v_605 classification=None
0x101492 INDIRECT ['v_605', 'c_79_4'] -> v_608 classification=None
0x101492 INDIRECT ['v_550', 'c_79_4'] -> v_665 classification=None
0x101460 INDIRECT ['v_602', 'c_39_4'] -> v_611 classification=None
0x1014a4 MULTIEQUAL ['v_611', 'v_605', 'v_608'] -> v_618 classification=None
0x1014a4 MULTIEQUAL ['v_701', 'v_550', 'v_665'] -> v_700 classification=None

[HELPER-REQUIRED CONTRACTS]
0x101437 INT_EQUAL v_73 helper=c_eq widths=[64, 64]->8 overrides=0
0x101476 INT_SLESS v_171 helper=c_slt widths=[32, 32]->8 overrides=0

[INDIRECT STORAGE-CUSTODY CONTRACTS]
0x101437 v_695 -> v_602 family=storage_family:high_rep:695 owner=CALL/0x17 owner_compute=1053751:(ram, 0x101456, 23, 2):2 status=metadata_only
0x101476 v_602 -> v_605 family=storage_family:high_rep:695 owner=CALL/0x39 owner_compute=1053814:(ram, 0x101484, 57, 2):2 status=metadata_only
0x101492 v_605 -> v_608 family=storage_family:high_rep:695 owner=CALL/0x4f owner_compute=1053842:(ram, 0x10149c, 79, 3):3 status=metadata_only
0x101492 v_550 -> v_665 family=storage_family:high_rep:665 owner=CALL/0x4f owner_compute=1053842:(ram, 0x10149c, 79, 3):3 status=metadata_only
0x101460 v_602 -> v_611 family=storage_family:high_rep:695 owner=CALL/0x27 owner_compute=1053792:(ram, 0x10146a, 39, 2):2 status=metadata_only

[INDIRECT CUSTODY INVENTORY]
{'kind': 'pal_compute_indirect_custody_inventory_v22d',
 'version': 'v23b_abi_thunk_compatibility_return_reconciliation',
 'resolver_transitions': 5,
 'compute_indirect_contracts': 5,
 'resolved_custody': 5,
 'deferred_custody': 0,
 'effect_owner_compute_bindings': 5,
 'effect_owner_compute_ops': 4,
 'owner_categories': {'call_boundary': 5},
 'storage_families': 2,
 'storage_sid_bindings': 7,
 'address_escape_barrier_sids': 7,
 'parameter_storage_initializers': 0,
 'runtime_helpers': 0,
 'warnings': 0,
 'rule': 'INDIRECT_is_metadata_only_owner_bound_storage_transition'}

[ABI-D ENTRY/CALL PLAN INVENTORY]
{'kind': 'pal_compute_abi_plan_inventory_v23',
 'version': 'v23b_abi_thunk_compatibility_return_reconciliation',
 'function': 'read_burn',
 'entry_plan_present': True,
 'entry_plan_status': 'ready',
 'fixed_arguments': 1,
 'implicit_inputs': 1,
 'implicit_inputs_unsupported': 0,
 'call_compute_contracts': 4,
 'call_site_plans': 4,
 'call_sites_without_plan': 0,
 'call_statuses': {'ready': 4},
 'dispatch_classes': {'external_via_import_thunk': 3, 'internal_resolved': 1},
 'internal_calls': 1,
 'internal_calls_with_target_compatible_plan': 0,
 'internal_calls_without_target_compatible_plan': 1,
 'internal_calls_with_deferred_target_compatibility': 1,
 'internal_calls_with_incompatible_target': 0,
 'internal_calls_without_transport_plan': 0,
 'external_calls': 3,
 'thunk_calls': 3,
 'external_via_thunk_calls': 3,
 'thunk_endpoint_deferred_calls': 0,
 'thunk_calls_misclassified_internal': 0,
 'target_compatibility_overclaims': 0,
 'no_return_calls': 0,
 'result_carrier_contracts': 4,
 'abi_runtime_helper_assignments': 0,
 'warnings': 0,
 'acceptance_gates': {'every_emitted_function_has_entry_plan': True,
                      'every_call_has_call_site_plan': True,
                      'every_internal_call_has_target_compatible_plan': False,
                      'every_internal_call_has_carrier_transport_plan': True,
                      'no_resolved_thunk_misclassified_internal': True,
                      'no_target_compatibility_overclaim': True,
                      'no_implicit_input_is_unsupported': True,
                      'no_runtime_helper_assigned_by_ABI_guesswork': True},
 'return_boundary_reconciliation': {'kind': 'pal_compute_return_boundary_reconciliation_v23b',
                                    'version': 'v23b_abi_thunk_compatibility_return_reconciliation',
                                    'function': 'read_burn',
                                    'entry_block_addr': 1053751,
                                    'cfg_evidence_available': True,
                                    'no_return_terminating_blocks': [],
                                    'no_return_call_op_keys': [],
                                    'return_boundaries': 1,
                                    'reachable_return_boundaries': 1,
                                    'unreachable_return_boundaries': 0,
                                    'deferred_return_boundaries': 0,
                                    'reachable_return_widths': [32],
                                    'width_reconciled': True,
                                    'synthetic_no_return_continuations_suppressed': 0,
                                    'rule': 'traverse_CFG_with_no_return_blocks_as_terminal_then_reconcile_reachable_raw_return_transports_only'},
 'rule': 'ABI_A_B_C_authority_only_thunk_endpoint_and_compatibility_tri_state_no_downstream_argument_reinference'}

[FUNCTION ENTRY ABI PLAN]
{'plan_id': 'function_entry:1053751',
 'status': 'ready',
 'callable_signature_status': 'legacy_non_variadic_fallback',
 'fixed_argument_count': 1,
 'implicit_input_count': 1,
 'variadic_register_save_area': {'required': False,
                                 'status': 'not_required',
                                 'slots': [{'sid': 'v_519',
                                            'bank': 'gp',
                                            'index': 0,
                                            'register': 'RDI',
                                            'width_bits': 64,
                                            'canonical_alias': 'param_0',
                                            'owner_namespace': 'logical_parameter',
                                            'owner_role': 'callable_parameter_carrier',
                                            'materialization': 'capture_entry_register_bits',
                                            'source': 'abi_context.registers',
                                            'runtime_helper': None,
                                            'authority': 'PALSymbolResolver_ABI_C_physical_carrier_binding'}],
                                 'gp_slots': [{'sid': 'v_519',
                                               'bank': 'gp',
                                               'index': 0,
                                               'register': 'RDI',
                                               'width_bits': 64,
                                               'canonical_alias': 'param_0',
                                               'owner_namespace': 'logical_parameter',
                                               'owner_role': 'callable_parameter_carrier',
                                               'materialization': 'capture_entry_register_bits',
                                               'source': 'abi_context.registers',
                                               'runtime_helper': None,
                                               'authority': 'PALSymbolResolver_ABI_C_physical_carrier_binding'}],
                                 'sse_slots': [],
                                 'fixed_variadic_partition_status': 'deferred_to_entry_protocol_analysis',
                                 'source': 'abi_context.registers',
                                 'authority': 'ABI_C_carriers_plus_variadic_contract'},
 'overflow_argument_area': {'required': False,
                            'status': 'not_required',
                            'source': 'abi_context.overflow_argument_area',
                            'observed_stack_carriers': [],
                            'materialization': 'consume_preclassified_overflow_slots',
                            'offset_inference_allowed': False,
                            'authority': 'ABI_C_stack_carriers_or_variadic_protocol'},
 'variadic_al': {'required': False,
                 'status': 'not_required',
                 'source': 'abi_context.variadic_xmm_count',
                 'inputs': [],
                 'default_allowed': False,
                 'authority': 'ABI_C_variadic_xmm_count_contract'},
 'frame_base': {'required': True,
                'status': 'runtime_abi_context_required',
                'source': 'abi_context.frame_base',
                'inputs': [{'kind': 'pal_compute_implicit_input_materialization_abi_d',
                            'version': 'v23b_abi_thunk_compatibility_return_reconciliation',
                            'sid': 'v_518',
                            'canonical_alias': 'abi_stack_pointer',
                            'role': 'stack_pointer',
                            'custody_class': 'frame_state',
                            'width_bits': 64,
                            'register': {'name': 'RSP',
                                         'base_name': 'RSP',
                                         'size_bytes': 8,
                                         'repr': 'RSP'},
                            'destination': 'abi_context.stack_pointer',
                            'materialization': 'read_from_runtime_abi_context',
                            'status': 'runtime_context_required',
                            'unsupported': False,
                            'runtime_helper': None,
                            'authority': 'PALSymbolResolver_ABI_C_implicit_input_contract'}],
                'derive_from_parameter_names': False,
                'authority': 'ABI_C_frame_state_custody'},
 'tls_base': {'required': False,
              'status': 'not_observed',
              'source': 'abi_context.tls_base',
              'inputs': [],
              'derive_from_expression_names': False,
              'authority': 'ABI_C_tls_state_custody'},
 'return_contract': {'kind': 'pal_compute_return_carrier_contract_abi_d',
                     'version': 'v23b_abi_thunk_compatibility_return_reconciliation',
                     'status': 'return_width_proven_carrier_deferred',
                     'no_return': False,
                     'output_sid': None,
                     'output_width_bits': None,
                     'declared_width_bits': None,
                     'effective_result_width_bits': 32,
                     'declared_return': {'name': 'undefined',
                                         'display_name': 'undefined',
                                         'class_name': 'DefaultDataType',
                                         'length_bytes': 1,
                                         'width_bits': 8,
                                         'signed': None,
                                         'kind_hint': None},
                     'return_storage': {'repr': '<UNASSIGNED>',
                                        'size_bytes': 0,
                                        'flags': {'register': False,
                                                  'stack': False,
                                                  'memory': False,
                                                  'unassigned': True,
                                                  'void': False,
                                                  'auto': False},
                                        'pieces': [],
                                        'storage_keys': []},
                     'carrier_pieces': [],
                     'normalization': {'mode': 'mask_to_output_width',
                                       'width_bits': 32,
                                       'mask': 4294967295},
                     'runtime_helper': None,
                     'runtime_helper_authority': 'no_ABI_runtime_helper_assigned',
                     'authority': 'reachable_raw_return_transport',
                     'reported_declared_width_bits': 8,
                     'declared_width_authoritative': False,
                     'declared_return_evidence_status': 'non_authoritative_default_or_unresolved_prototype',
                     'transport_width_bits': 32,
                     'logical_result_width_bits': 32,
                     'reachable_return_widths': [32],
                     'reachable_return_boundary_count': 1,
                     'unreachable_return_boundary_count': 0,
                     'deferred_return_boundary_count': 0},
 'reachable_return_boundaries': [{'block_addr': 1053860,
                                  'return_value_sid': 'v_700',
                                  'return_value_width_bits': 32,
                                  'return_transport_width_bits': 32,
                                  'return_logical_width_bits': 32,
                                  'return_declared_view': None,
                                  'return_boundary_authority': 'raw_return_register_transport',
                                  'return_reachability': 'reachable',
                                  'reachable_return': True,
                                  'execution_suppressed': False,
                                  'emission_policy': 'emit_reachable_return_boundary',
                                  'cut_by_no_return_blocks': [],
                                  'cut_by_no_return_call_op_keys': []}],
 'unreachable_return_boundaries': []}

[RETURN BOUNDARY RECONCILIATION]
{'kind': 'pal_compute_return_boundary_reconciliation_v23b',
 'version': 'v23b_abi_thunk_compatibility_return_reconciliation',
 'function': 'read_burn',
 'entry_block_addr': 1053751,
 'cfg_evidence_available': True,
 'no_return_terminating_blocks': [],
 'no_return_call_op_keys': [],
 'return_boundaries': 1,
 'reachable_return_boundaries': 1,
 'unreachable_return_boundaries': 0,
 'deferred_return_boundaries': 0,
 'reachable_return_widths': [32],
 'width_reconciled': True,
 'synthetic_no_return_continuations_suppressed': 0,
 'rule': 'traverse_CFG_with_no_return_blocks_as_terminal_then_reconcile_reachable_raw_return_transports_only'}

[CALL SITE ABI PLANS]
{'op_key': '1053751:(ram, 0x101456, 23, 2):2',
 'target': 'fgets',
 'dispatch_class': 'external_via_import_thunk',
 'status': 'ready',
 'argument_count': 3,
 'carrier_allocation_status': 'complete',
 'target_compatibility_status': 'compatible',
 'target_compatible': True,
 'no_return': False,
 'result_width_bits': 64}
{'op_key': '1053814:(ram, 0x101484, 57, 2):2',
 'target': 'parse_burn',
 'dispatch_class': 'internal_resolved',
 'status': 'ready',
 'argument_count': 2,
 'carrier_allocation_status': 'complete',
 'target_compatibility_status': 'deferred',
 'target_compatible': None,
 'no_return': False,
 'result_width_bits': 32}
{'op_key': '1053842:(ram, 0x10149c, 79, 3):3',
 'target': 'puts',
 'dispatch_class': 'external_via_import_thunk',
 'status': 'ready',
 'argument_count': 1,
 'carrier_allocation_status': 'complete',
 'target_compatibility_status': 'compatible',
 'target_compatible': True,
 'no_return': False,
 'result_width_bits': 32}
{'op_key': '1053792:(ram, 0x10146a, 39, 2):2',
 'target': 'puts',
 'dispatch_class': 'external_via_import_thunk',
 'status': 'ready',
 'argument_count': 1,
 'carrier_allocation_status': 'complete',
 'target_compatibility_status': 'compatible',
 'target_compatible': True,
 'no_return': False,
 'result_width_bits': 32}
===== END PAL COMPUTE ANALYZER =====


=========== SGL EXECUTION TREE ===========

sequence
  block [0x101437]
  if [cond=not ((v_237 == 0))]
    then
      block [0x101476]
      if [cond=not ((v_550 < 0))]
        then [direct_join=True edge=(1053814, 1053860) pred=1053814 join=1053860]
        else
          sequence
            block [0x101492]
    else
      sequence
        block [0x101460]
  sequence
    block [0x1014a4]

=========== END TREE ===========

[SGL EXEC TREE PERSISTED] path=/home/rem/gh/PAL/pyghidra-PAL/PAL/PAL_logs/f_0000000000101437_read_burn.sgl.exec_tree.log mode=append temporary=False delete_on_completion=False

[PHI DROP-INS]
------------------------------------------------------------
pred=0x101460 -> join=0x1014a4 :: v_700 = v_701
pred=0x101476 -> join=0x1014a4 :: v_700 = v_550
pred=0x101492 -> join=0x1014a4 :: v_700 = local_c
------------------------------------------------------------
{'active': True,
 'bound_plans': 17,
 'control_contracts_forwarded': 4,
 'input_op_contracts': 19,
 'input_plans': 17,
 'kind': 'phi_compute_consumer_inventory_v21',
 'outputless_contracts_forwarded': 2,
 'phi_merge_contracts': 2,
 'phi_transition_contracts': 3,
 'preserved_compute_boundaries': 13,
 'preserved_deferred_contracts': 4,
 'preserved_outputless_boundaries': 2,
 'preserved_outputless_deferred_contracts': 2,
 'preserved_outputless_helpers': 0,
 'preserved_runtime_helpers': 4,
 'rule': 'preserve_PALCompute_authority_remap_execution_destination_only',
 'state_alias_bindings': 0,
 'transition_owners': {'predecessor_phi_dropin': 3},
 'version': 'v21_compute_contract_consumers',
 'warnings': 0}
[]
          OK -> functions.f_0000000000101437_read_burn
[18/30] decompile Global::apply_burn @ 0x1014a6

===== CFG DEBUG =====

[EDGES]
0x1014a6 -> 0x1014c7  true raw=true role=raw_true_explicit_target pol=fallthrough inv=True edge=cfg-edge-v1:0x1014a6->0x1014c7 direct_join=True
0x1014a6 -> 0x1014bd  false raw=false role=raw_false_fallthrough pol=fallthrough inv=False edge=cfg-edge-v1:0x1014a6->0x1014bd direct_join=False
0x1014bd -> 0x1014c7  uncond raw=uncond role=uncond pol=unknown inv=None edge=cfg-edge-v1:0x1014bd->0x1014c7 direct_join=False
0x1014c7 -> 0x101544  true raw=true role=raw_true_explicit_target pol=fallthrough inv=True edge=cfg-edge-v1:0x1014c7->0x101544 direct_join=True
0x1014c7 -> 0x10152f  false raw=false role=raw_false_fallthrough pol=fallthrough inv=False edge=cfg-edge-v1:0x1014c7->0x10152f direct_join=False
0x10152f -> 0x101544  uncond raw=uncond role=uncond pol=unknown inv=None edge=cfg-edge-v1:0x10152f->0x101544 direct_join=False
0x101544 -> 0x101594  true raw=true role=raw_taken_by_exact_fallthrough_complement_v19 pol=fallthrough inv=True edge=cfg-edge-v1:0x101544->0x101594 direct_join=True
0x101544 -> 0x10154e  false raw=false role=raw_false_exact_fallthrough_v19 pol=fallthrough inv=False edge=cfg-edge-v1:0x101544->0x10154e direct_join=False
0x10154e -> 0x101588  true raw=true role=raw_true_explicit_target pol=target inv=False edge=cfg-edge-v1:0x10154e->0x101588 direct_join=False
0x10154e -> 0x10156f  false raw=false role=raw_false_fallthrough pol=target inv=True edge=cfg-edge-v1:0x10154e->0x10156f direct_join=False
0x10156f -> 0x101588  true raw=true role=raw_true_explicit_target pol=fallthrough inv=True edge=cfg-edge-v1:0x10156f->0x101588 direct_join=False
0x10156f -> 0x10157b  false raw=false role=raw_false_fallthrough pol=fallthrough inv=False edge=cfg-edge-v1:0x10156f->0x10157b direct_join=False
0x10157b -> 0x101594  uncond raw=uncond role=uncond pol=unknown inv=None edge=cfg-edge-v1:0x10157b->0x101594 direct_join=False
0x101588 -> 0x101594  uncond raw=uncond role=uncond pol=unknown inv=None edge=cfg-edge-v1:0x101588->0x101594 direct_join=False

[BRANCH RESOLUTION EVENTS]
{'kind': 'binary_branch_truth_bound_by_evidence_class_v21d', 'src': 1053862, 'first_dst': 1053895, 'second_dst': 1053885, 'hf_target': 1053895, 'hf_normalized_target': 1053895, 'direct_dst': 1053885, 'first_invert': True, 'second_invert': False, 'condition_truth_authority': 'raw_jcc_hf_relation_direct_flags', 'reason': 'branch_truth_evidence_v21d hf_target=0x1014c7 raw_target=0x1014c7 raw_fallthrough=0x1014bd legacy_hint=(mnemonic=JLE hf_cond_opcode=INT_SLESS) class=direct_flags', 'relation_evidence': {'version': 'ordered_relation_algebra_v23e', 'status': 'resolved', 'mnemonic': 'JLE', 'raw_relation': 'LE', 'raw_domain': 'signed', 'hf_opcode': 'INT_SLESS', 'hf_relation': 'LT', 'hf_domain': 'signed', 'operand_profile': {'status': 'proven_runtime_pair', 'reason': 'two_distinct_nonconstant_equal_width_hf_operands', 'operand_count': 2, 'left_sid': 'v_37', 'right_sid': 'v_1091', 'left_identity': ('high', 'high_rep:37'), 'right_identity': ('high', 'high_rep:1091'), 'left_width_bits': 32, 'right_width_bits': 32, 'left_constant': False, 'right_constant': False}, 'operand_orientation': 'reversed', 'relation_to_hf': 'complement', 'invert_for_target': True, 'invert_for_fallthrough': False, 'reason': 'raw_signed_LE_equals_complement_hf_reversed_LT', 'legacy_hint_resolved': True, 'selected_as_authority': False}, 'boolean_carrier_evidence': {'status': 'proven_boolean', 'reason': 'comparison_result_is_boolean', 'root_opcode': 'INT_SLESS', 'contains_multiequal': False, 'depth': 0}}
{'kind': 'binary_branch_truth_bound_by_evidence_class_v21d', 'src': 1053895, 'first_dst': 1054020, 'second_dst': 1053999, 'hf_target': 1054020, 'hf_normalized_target': 1054020, 'direct_dst': 1053999, 'first_invert': True, 'second_invert': False, 'condition_truth_authority': 'raw_jcc_hf_relation_direct_flags', 'reason': 'branch_truth_evidence_v21d hf_target=0x101544 raw_target=0x101544 raw_fallthrough=0x10152f legacy_hint=(mnemonic=JLE hf_cond_opcode=INT_SLESS) class=direct_flags', 'relation_evidence': {'version': 'ordered_relation_algebra_v23e', 'status': 'unresolved', 'mnemonic': 'JLE', 'raw_relation': 'LE', 'raw_domain': 'signed', 'hf_opcode': 'INT_SLESS', 'hf_relation': 'LT', 'hf_domain': 'signed', 'operand_profile': {'status': 'unresolved', 'reason': 'constant_threshold_requires_exact_value_custody', 'operand_count': 2, 'left_sid': 'c_30_4', 'right_sid': 'v_434', 'left_identity': ('constant', 32, 30), 'right_identity': ('high', 'high_rep:434'), 'left_width_bits': 32, 'right_width_bits': 32, 'left_constant': True, 'right_constant': False}, 'operand_orientation': None, 'relation_to_hf': None, 'invert_for_target': None, 'invert_for_fallthrough': None, 'reason': 'constant_threshold_requires_exact_value_custody', 'legacy_hint_resolved': True, 'selected_as_authority': False}, 'boolean_carrier_evidence': {'status': 'proven_boolean', 'reason': 'comparison_result_is_boolean', 'root_opcode': 'INT_SLESS', 'contains_multiequal': False, 'depth': 0}}
{'kind': 'binary_branch_truth_bound_by_evidence_class_v21d', 'src': 1054020, 'first_dst': 1054100, 'second_dst': 1054030, 'hf_target': 1054099, 'hf_normalized_target': 1054100, 'direct_dst': 1054030, 'first_invert': True, 'second_invert': False, 'condition_truth_authority': 'raw_jcc_hf_relation_direct_flags', 'reason': 'branch_truth_evidence_v21d hf_target=0x101594 raw_target=0x101594 raw_fallthrough=0x10154e legacy_hint=(mnemonic=JG hf_cond_opcode=INT_SLESS) class=direct_flags', 'relation_evidence': {'version': 'ordered_relation_algebra_v23e', 'status': 'unresolved', 'mnemonic': 'JG', 'raw_relation': 'GT', 'raw_domain': 'signed', 'hf_opcode': 'INT_SLESS', 'hf_relation': 'LT', 'hf_domain': 'signed', 'operand_profile': {'status': 'unresolved', 'reason': 'constant_threshold_requires_exact_value_custody', 'operand_count': 2, 'left_sid': 'v_514', 'right_sid': 'c_1_4', 'left_identity': ('high', 'high_rep:514'), 'right_identity': ('constant', 32, 1), 'left_width_bits': 32, 'right_width_bits': 32, 'left_constant': False, 'right_constant': True}, 'operand_orientation': None, 'relation_to_hf': None, 'invert_for_target': None, 'invert_for_fallthrough': None, 'reason': 'constant_threshold_requires_exact_value_custody', 'legacy_hint_resolved': True, 'selected_as_authority': False}, 'boolean_carrier_evidence': {'status': 'proven_boolean', 'reason': 'comparison_result_is_boolean', 'root_opcode': 'INT_SLESS', 'contains_multiequal': False, 'depth': 0}}
{'kind': 'binary_branch_resolved_by_exact_fallthrough_complement_v19', 'src': 1054020, 'raw_branch_target': 1054099, 'raw_fallthrough': 1054030, 'taken_dst': 1054100, 'fallthrough_dst': 1054030, 'condition_polarity': 'fallthrough', 'taken_invert': True, 'fallthrough_invert': False, 'reason': 'branch_truth_evidence_v21d hf_target=0x101594 raw_target=0x101594 raw_fallthrough=0x10154e legacy_hint=(mnemonic=JG hf_cond_opcode=INT_SLESS) class=direct_flags', 'condition_truth_authority': 'raw_jcc_hf_relation_direct_flags'}
{'kind': 'binary_branch_truth_bound_by_evidence_class_v21d', 'src': 1054030, 'first_dst': 1054088, 'second_dst': 1054063, 'hf_target': 1054088, 'hf_normalized_target': 1054088, 'direct_dst': 1054088, 'first_invert': False, 'second_invert': True, 'condition_truth_authority': 'raw_jcc_hf_relation_direct_flags', 'reason': 'branch_truth_evidence_v21d hf_target=0x101588 raw_target=0x101588 raw_fallthrough=0x10156f legacy_hint=(mnemonic=JL hf_cond_opcode=INT_SLESS) class=direct_flags', 'relation_evidence': {'version': 'ordered_relation_algebra_v23e', 'status': 'unresolved', 'mnemonic': 'JL', 'raw_relation': 'LT', 'raw_domain': 'signed', 'hf_opcode': 'INT_SLESS', 'hf_relation': 'LT', 'hf_domain': 'signed', 'operand_profile': {'status': 'unresolved', 'reason': 'constant_threshold_requires_exact_value_custody', 'operand_count': 2, 'left_sid': 'v_595', 'right_sid': 'c_4294967294_4', 'left_identity': ('high', 'high_rep:595'), 'right_identity': ('constant', 32, 4294967294), 'left_width_bits': 32, 'right_width_bits': 32, 'left_constant': False, 'right_constant': True}, 'operand_orientation': None, 'relation_to_hf': None, 'invert_for_target': None, 'invert_for_fallthrough': None, 'reason': 'constant_threshold_requires_exact_value_custody', 'legacy_hint_resolved': True, 'selected_as_authority': False}, 'boolean_carrier_evidence': {'status': 'proven_boolean', 'reason': 'comparison_result_is_boolean', 'root_opcode': 'INT_SLESS', 'contains_multiequal': False, 'depth': 0}}
{'kind': 'binary_branch_truth_bound_by_evidence_class_v21d', 'src': 1054063, 'first_dst': 1054088, 'second_dst': 1054075, 'hf_target': 1054088, 'hf_normalized_target': 1054088, 'direct_dst': 1054075, 'first_invert': True, 'second_invert': False, 'condition_truth_authority': 'raw_jcc_hf_relation_direct_flags', 'reason': 'branch_truth_evidence_v21d hf_target=0x101588 raw_target=0x101588 raw_fallthrough=0x10157b legacy_hint=(mnemonic=JG hf_cond_opcode=INT_SLESS) class=direct_flags', 'relation_evidence': {'version': 'ordered_relation_algebra_v23e', 'status': 'unresolved', 'mnemonic': 'JG', 'raw_relation': 'GT', 'raw_domain': 'signed', 'hf_opcode': 'INT_SLESS', 'hf_relation': 'LT', 'hf_domain': 'signed', 'operand_profile': {'status': 'unresolved', 'reason': 'constant_threshold_requires_exact_value_custody', 'operand_count': 2, 'left_sid': 'c_3_4', 'right_sid': 'v_646', 'left_identity': ('constant', 32, 3), 'right_identity': ('high', 'high_rep:646'), 'left_width_bits': 32, 'right_width_bits': 32, 'left_constant': True, 'right_constant': False}, 'operand_orientation': None, 'relation_to_hf': None, 'invert_for_target': None, 'invert_for_fallthrough': None, 'reason': 'constant_threshold_requires_exact_value_custody', 'legacy_hint_resolved': True, 'selected_as_authority': False}, 'boolean_carrier_evidence': {'status': 'proven_boolean', 'reason': 'comparison_result_is_boolean', 'root_opcode': 'INT_SLESS', 'contains_multiequal': False, 'depth': 0}}

[EDGE IDENTITY v23 / BOHDI EMPEROR]
{'kind': 'cfg_edge_identity_inventory_v23', 'version': 'FunctionCFG_v23e_clothed_emperor_cfg_truth', 'id_schema': 'cfg_edge_identity_v1', 'canonical_identity': '(src_addr,dst_addr)', 'edges': 14, 'unique_edge_keys': 14, 'binary_cbranch_edges': 10, 'direct_join_edges': 3, 'direct_join_branch_arm_edges': 3, 'direct_join_loop_exit_edges': 0, 'direct_join_empty_arm_candidates': 3, 'warnings': 0, 'topology_mutations': 0, 'polarity_mutations': 0, 'rule': 'freeze_repaired_CFG_edge_identity_then_mark_exact_binary_CBRANCH_edge_to_IPDOM'}
{'edge_id': [1053862, 1053895], 'edge_key': 'cfg-edge-v1:0x1014a6->0x1014c7', 'branch_owner_addr': 1053862, 'join_addr': 1053895, 'branch_role': 'true', 'authority': 'FunctionCFG_repaired_topology_plus_IPDOM_v23'}
{'edge_id': [1053895, 1054020], 'edge_key': 'cfg-edge-v1:0x1014c7->0x101544', 'branch_owner_addr': 1053895, 'join_addr': 1054020, 'branch_role': 'true', 'authority': 'FunctionCFG_repaired_topology_plus_IPDOM_v23'}
{'edge_id': [1054020, 1054100], 'edge_key': 'cfg-edge-v1:0x101544->0x101594', 'branch_owner_addr': 1054020, 'join_addr': 1054100, 'branch_role': 'true', 'authority': 'FunctionCFG_repaired_topology_plus_IPDOM_v23'}

[IPDOM]
0x1014a6 -> ipdom: 0x1014c7
0x1014bd -> ipdom: 0x1014c7
0x1014c7 -> ipdom: 0x101544
0x10152f -> ipdom: 0x101544
0x101544 -> ipdom: 0x101594
0x10154e -> ipdom: 0x101594
0x10156f -> ipdom: 0x101594
0x10157b -> ipdom: 0x101594
0x101588 -> ipdom: 0x101594
0x101594 -> ipdom: None

=====================

===== PAL RESOLVER INDIRECT STORAGE v22c =====

[INVENTORY]
{'active': False,
 'address_tied_families': 0,
 'custody_transitions': 0,
 'effect_owner_groups': 0,
 'escape_barrier_sids': 0,
 'input_contracts': 0,
 'kind': 'resolver_indirect_storage_inventory_v22c',
 'machine_state_families': 0,
 'machine_state_sids': 0,
 'owner_categories': {},
 'parameter_initializers': 0,
 'persistent_families': 0,
 'rule': 'HighVariable_identity_families_plus_address_escape_alias_barrier',
 'runtime_order': 'CFG_governed_not_linearized',
 'storage_families': 0,
 'version': 'v22c_indirect_storage_families',
 'warnings': 0}

[STORAGE FAMILIES]

[PARAMETER INITIALIZERS / STORAGE WRITES]
[]

[WARNINGS]
[]
===== END PAL RESOLVER INDIRECT STORAGE =====

========================================================================
PALRAW AUDIT v0.3 :: raw instruction BLOCK p-code vs HF/PAL CFG
========================================================================

--- 0x10127f ---
Raw block  : 0x10127f -> next 0x1014a6
Instr count: 0
Terminal   : None None
Raw succs  : []
Norm succs : None
HF block   : None
CFG edges  : []
STATUS     : no_hf_block
NOTE       : No PAL/HighFunction block mapped to this address.
Raw instructions:
Terminal raw p-code:
HF/PAL ops :

--- 0x1011b6 ---
Raw block  : 0x1011b6 -> next 0x1014a6
Instr count: 0
Terminal   : None None
Raw succs  : []
Norm succs : None
HF block   : None
CFG edges  : []
STATUS     : no_hf_block
NOTE       : No PAL/HighFunction block mapped to this address.
Raw instructions:
Terminal raw p-code:
HF/PAL ops :

--- 0x101219 ---
Raw block  : 0x101219 -> next 0x1014a6
Instr count: 8
Terminal   : 0x10122d JNZ 0x00101240
Raw succs  : ['0x101240', '0x10122f']
Norm succs : None
HF block   : None
CFG edges  : []
STATUS     : no_hf_block
NOTE       : No PAL/HighFunction block mapped to this address.
Raw instructions:
   0x101219  PUSH RBP
   0x10121a  MOV RBP,RSP
   0x10121d  SUB RSP,0x10
   0x101221  MOV dword ptr [RBP + -0x4],EDI
   0x101224  MOV dword ptr [RBP + -0x8],ESI
   0x101227  MOV EAX,dword ptr [RBP + -0x4]
   0x10122a  CMP EAX,dword ptr [RBP + -0x8]
   0x10122d  JNZ 0x00101240
Terminal raw p-code:
    (unique, 0x24f00, 1) BOOL_NEGATE (register, 0x206, 1)
     ---  CBRANCH (ram, 0x101240, 8) , (unique, 0x24f00, 1)
HF/PAL ops :

--- 0x10120f ---
Raw block  : 0x10120f -> next 0x1014a6
Instr count: 0
Terminal   : None None
Raw succs  : []
Norm succs : None
HF block   : None
CFG edges  : []
STATUS     : no_hf_block
NOTE       : No PAL/HighFunction block mapped to this address.
Raw instructions:
Terminal raw p-code:
HF/PAL ops :

--- 0x101221 ---
Raw block  : 0x101221 -> next 0x1014a6
Instr count: 5
Terminal   : 0x10122d JNZ 0x00101240
Raw succs  : ['0x101240', '0x10122f']
Norm succs : None
HF block   : None
CFG edges  : []
STATUS     : no_hf_block
NOTE       : No PAL/HighFunction block mapped to this address.
Raw instructions:
   0x101221  MOV dword ptr [RBP + -0x4],EDI
   0x101224  MOV dword ptr [RBP + -0x8],ESI
   0x101227  MOV EAX,dword ptr [RBP + -0x4]
   0x10122a  CMP EAX,dword ptr [RBP + -0x8]
   0x10122d  JNZ 0x00101240
Terminal raw p-code:
    (unique, 0x24f00, 1) BOOL_NEGATE (register, 0x206, 1)
     ---  CBRANCH (ram, 0x101240, 8) , (unique, 0x24f00, 1)
HF/PAL ops :

--- 0x101284 ---
Raw block  : 0x101284 -> next 0x1014a6
Instr count: 27
Terminal   : 0x1012f4 JMP 0x00101309
Raw succs  : ['0x101309']
Norm succs : None
HF block   : None
CFG edges  : []
STATUS     : no_hf_block
NOTE       : No PAL/HighFunction block mapped to this address.
Raw instructions:
   0x101284  MOV RDI,RAX
   0x101287  CALL 0x00101030
   0x10128c  LEA RAX,[0x1020b0]
   0x101293  MOV RDI,RAX
   0x101296  CALL 0x00101030
   0x10129b  LEA RAX,[0x102048]
   0x1012a2  MOV RDI,RAX
   0x1012a5  CALL 0x00101030
   0x1012aa  MOV RAX,qword ptr [RBP + -0x18]
   0x1012ae  MOV ESI,dword ptr [RAX + 0x8]
   0x1012b1  MOV RAX,qword ptr [RBP + -0x18]
   0x1012b5  MOV ECX,dword ptr [RAX + 0x4]
   0x1012b8  MOV RAX,qword ptr [RBP + -0x18]
   0x1012bc  MOV EDX,dword ptr [RAX]
   0x1012be  MOV RAX,qword ptr [RBP + -0x18]
   0x1012c2  MOV EAX,dword ptr [RAX + 0xc]
   0x1012c5  MOV R8D,ESI
   0x1012c8  MOV ESI,EAX
   0x1012ca  LEA RAX,[0x1020e0]
   0x1012d1  MOV RDI,RAX
   0x1012d4  MOV EAX,0x0
   0x1012d9  CALL 0x00101040
   0x1012de  LEA RAX,[0x102118]
   0x1012e5  MOV RDI,RAX
   0x1012e8  CALL 0x00101030
   0x1012ed  MOV dword ptr [RBP + -0x4],0x0
   0x1012f4  JMP 0x00101309
Terminal raw p-code:
     ---  BRANCH (ram, 0x101309, 8)
HF/PAL ops :

--- 0x10127f ---
Raw block  : 0x10127f -> next 0x1014a6
Instr count: 0
Terminal   : None None
Raw succs  : []
Norm succs : None
HF block   : None
CFG edges  : []
STATUS     : no_hf_block
NOTE       : No PAL/HighFunction block mapped to this address.
Raw instructions:
Terminal raw p-code:
HF/PAL ops :

========================================================================

===== PAL COMPUTE ANALYZER =====
{'kind': 'pal_compute_inventory_v22',
 'version': 'v23b_abi_thunk_compatibility_return_reconciliation',
 'runtime_representation': 'raw_unsigned_bitvector_at_ssa_boundaries',
 'operations': 52,
 'output_plans': 41,
 'control_contracts': 7,
 'c_compute_filtered': 51,
 'use_site_overrides': 0,
 'return_observation_view_mismatches': 0,
 'storage_custody_related_ops': 0,
 'indirect_custody_contracts': 0,
 'indirect_custody_resolved': 0,
 'indirect_custody_deferred': 0,
 'indirect_effect_owner_compute_ops': 0,
 'storage_family_bindings': 0,
 'function_entry_abi_plan': True,
 'call_site_abi_plans': 0,
 'internal_call_plan_failures': 0,
 'unsupported_implicit_inputs': 0,
 'abi_runtime_helper_assignments': 0,
 'no_return_calls': 0,
 'reachable_return_boundaries': 1,
 'unreachable_return_boundaries': 0,
 'synthetic_no_return_continuations_suppressed': 0,
 'statuses': {'deferred_memory': 40, 'helper_required': 10, 'metadata_only': 2},
 'categories': {'pointer_arithmetic': 17,
                'memory': 23,
                'comparison': 5,
                'transport': 1,
                'phi_merge': 1,
                'integer_arithmetic': 5},
 'helpers': {'c_ptradd': 17,
             'c_load': 12,
             'c_slt': 5,
             'c_sub': 3,
             'c_store': 11,
             'c_add': 2},
 'opcodes': {'PTRADD': 17,
             'LOAD': 12,
             'INT_SLESS': 5,
             'COPY': 1,
             'MULTIEQUAL': 1,
             'INT_SUB': 3,
             'STORE': 11,
             'INT_ADD': 2},
 'warnings': 0}

[WARNINGS]
[]

[METADATA-ONLY COMPUTE BOUNDARIES]
0x1014c7 MULTIEQUAL ['v_1330', 'v_97'] -> v_1271 classification=None

[HELPER-REQUIRED CONTRACTS]
0x1014a6 INT_SLESS v_81 helper=c_slt widths=[32, 32]->8 overrides=0
0x1014c7 INT_SUB v_148 helper=c_sub widths=[32, 32]->32 overrides=0
0x1014c7 INT_ADD v_1138 helper=c_add widths=[32, 32]->32 overrides=0
0x1014c7 INT_SUB v_268 helper=c_sub widths=[32, 32]->32 overrides=0
0x1014c7 INT_SUB v_349 helper=c_sub widths=[32, 32]->32 overrides=0
0x1014c7 INT_ADD v_1166 helper=c_add widths=[32, 32]->32 overrides=0
0x1014c7 INT_SLESS v_472 helper=c_slt widths=[32, 32]->8 overrides=0
0x101544 INT_SLESS v_550 helper=c_slt widths=[32, 32]->8 overrides=0
0x10154e INT_SLESS v_630 helper=c_slt widths=[32, 32]->8 overrides=0
0x10156f INT_SLESS v_686 helper=c_slt widths=[32, 32]->8 overrides=0

[INDIRECT STORAGE-CUSTODY CONTRACTS]

[INDIRECT CUSTODY INVENTORY]
{'kind': 'pal_compute_indirect_custody_inventory_v22d',
 'version': 'v23b_abi_thunk_compatibility_return_reconciliation',
 'resolver_transitions': 0,
 'compute_indirect_contracts': 0,
 'resolved_custody': 0,
 'deferred_custody': 0,
 'effect_owner_compute_bindings': 0,
 'effect_owner_compute_ops': 0,
 'owner_categories': {},
 'storage_families': 0,
 'storage_sid_bindings': 0,
 'address_escape_barrier_sids': 0,
 'parameter_storage_initializers': 0,
 'runtime_helpers': 0,
 'warnings': 0,
 'rule': 'INDIRECT_is_metadata_only_owner_bound_storage_transition'}

[ABI-D ENTRY/CALL PLAN INVENTORY]
{'kind': 'pal_compute_abi_plan_inventory_v23',
 'version': 'v23b_abi_thunk_compatibility_return_reconciliation',
 'function': 'apply_burn',
 'entry_plan_present': True,
 'entry_plan_status': 'ready',
 'fixed_arguments': 2,
 'implicit_inputs': 0,
 'implicit_inputs_unsupported': 0,
 'call_compute_contracts': 0,
 'call_site_plans': 0,
 'call_sites_without_plan': 0,
 'call_statuses': {},
 'dispatch_classes': {},
 'internal_calls': 0,
 'internal_calls_with_target_compatible_plan': 0,
 'internal_calls_without_target_compatible_plan': 0,
 'internal_calls_with_deferred_target_compatibility': 0,
 'internal_calls_with_incompatible_target': 0,
 'internal_calls_without_transport_plan': 0,
 'external_calls': 0,
 'thunk_calls': 0,
 'external_via_thunk_calls': 0,
 'thunk_endpoint_deferred_calls': 0,
 'thunk_calls_misclassified_internal': 0,
 'target_compatibility_overclaims': 0,
 'no_return_calls': 0,
 'result_carrier_contracts': 0,
 'abi_runtime_helper_assignments': 0,
 'warnings': 0,
 'acceptance_gates': {'every_emitted_function_has_entry_plan': True,
                      'every_call_has_call_site_plan': True,
                      'every_internal_call_has_target_compatible_plan': True,
                      'every_internal_call_has_carrier_transport_plan': True,
                      'no_resolved_thunk_misclassified_internal': True,
                      'no_target_compatibility_overclaim': True,
                      'no_implicit_input_is_unsupported': True,
                      'no_runtime_helper_assigned_by_ABI_guesswork': True},
 'return_boundary_reconciliation': {'kind': 'pal_compute_return_boundary_reconciliation_v23b',
                                    'version': 'v23b_abi_thunk_compatibility_return_reconciliation',
                                    'function': 'apply_burn',
                                    'entry_block_addr': 1053862,
                                    'cfg_evidence_available': True,
                                    'no_return_terminating_blocks': [],
                                    'no_return_call_op_keys': [],
                                    'return_boundaries': 1,
                                    'reachable_return_boundaries': 1,
                                    'unreachable_return_boundaries': 0,
                                    'deferred_return_boundaries': 0,
                                    'reachable_return_widths': [64],
                                    'width_reconciled': True,
                                    'synthetic_no_return_continuations_suppressed': 0,
                                    'rule': 'traverse_CFG_with_no_return_blocks_as_terminal_then_reconcile_reachable_raw_return_transports_only'},
 'rule': 'ABI_A_B_C_authority_only_thunk_endpoint_and_compatibility_tri_state_no_downstream_argument_reinference'}

[FUNCTION ENTRY ABI PLAN]
{'plan_id': 'function_entry:1053862',
 'status': 'ready',
 'callable_signature_status': 'legacy_non_variadic_fallback',
 'fixed_argument_count': 2,
 'implicit_input_count': 0,
 'variadic_register_save_area': {'required': False,
                                 'status': 'not_required',
                                 'slots': [{'sid': 'v_1090',
                                            'bank': 'gp',
                                            'index': 0,
                                            'register': 'RDI',
                                            'width_bits': 64,
                                            'canonical_alias': 'param_0',
                                            'owner_namespace': 'logical_parameter',
                                            'owner_role': 'callable_parameter_carrier',
                                            'materialization': 'capture_entry_register_bits',
                                            'source': 'abi_context.registers',
                                            'runtime_helper': None,
                                            'authority': 'PALSymbolResolver_ABI_C_physical_carrier_binding'},
                                           {'sid': 'v_1091',
                                            'bank': 'gp',
                                            'index': 1,
                                            'register': 'ESI',
                                            'width_bits': 32,
                                            'canonical_alias': 'param_1',
                                            'owner_namespace': 'logical_parameter',
                                            'owner_role': 'callable_parameter_carrier',
                                            'materialization': 'capture_entry_register_bits',
                                            'source': 'abi_context.registers',
                                            'runtime_helper': None,
                                            'authority': 'PALSymbolResolver_ABI_C_physical_carrier_binding'}],
                                 'gp_slots': [{'sid': 'v_1090',
                                               'bank': 'gp',
                                               'index': 0,
                                               'register': 'RDI',
                                               'width_bits': 64,
                                               'canonical_alias': 'param_0',
                                               'owner_namespace': 'logical_parameter',
                                               'owner_role': 'callable_parameter_carrier',
                                               'materialization': 'capture_entry_register_bits',
                                               'source': 'abi_context.registers',
                                               'runtime_helper': None,
                                               'authority': 'PALSymbolResolver_ABI_C_physical_carrier_binding'},
                                              {'sid': 'v_1091',
                                               'bank': 'gp',
                                               'index': 1,
                                               'register': 'ESI',
                                               'width_bits': 32,
                                               'canonical_alias': 'param_1',
                                               'owner_namespace': 'logical_parameter',
                                               'owner_role': 'callable_parameter_carrier',
                                               'materialization': 'capture_entry_register_bits',
                                               'source': 'abi_context.registers',
                                               'runtime_helper': None,
                                               'authority': 'PALSymbolResolver_ABI_C_physical_carrier_binding'}],
                                 'sse_slots': [],
                                 'fixed_variadic_partition_status': 'deferred_to_entry_protocol_analysis',
                                 'source': 'abi_context.registers',
                                 'authority': 'ABI_C_carriers_plus_variadic_contract'},
 'overflow_argument_area': {'required': False,
                            'status': 'not_required',
                            'source': 'abi_context.overflow_argument_area',
                            'observed_stack_carriers': [],
                            'materialization': 'consume_preclassified_overflow_slots',
                            'offset_inference_allowed': False,
                            'authority': 'ABI_C_stack_carriers_or_variadic_protocol'},
 'variadic_al': {'required': False,
                 'status': 'not_required',
                 'source': 'abi_context.variadic_xmm_count',
                 'inputs': [],
                 'default_allowed': False,
                 'authority': 'ABI_C_variadic_xmm_count_contract'},
 'frame_base': {'required': False,
                'status': 'not_observed',
                'source': 'abi_context.frame_base',
                'inputs': [],
                'derive_from_parameter_names': False,
                'authority': 'ABI_C_frame_state_custody'},
 'tls_base': {'required': False,
              'status': 'not_observed',
              'source': 'abi_context.tls_base',
              'inputs': [],
              'derive_from_expression_names': False,
              'authority': 'ABI_C_tls_state_custody'},
 'return_contract': {'kind': 'pal_compute_return_carrier_contract_abi_d',
                     'version': 'v23b_abi_thunk_compatibility_return_reconciliation',
                     'status': 'return_width_proven_carrier_deferred',
                     'no_return': False,
                     'output_sid': None,
                     'output_width_bits': None,
                     'declared_width_bits': None,
                     'effective_result_width_bits': 64,
                     'declared_return': {'name': 'undefined',
                                         'display_name': 'undefined',
                                         'class_name': 'DefaultDataType',
                                         'length_bytes': 1,
                                         'width_bits': 8,
                                         'signed': None,
                                         'kind_hint': None},
                     'return_storage': {'repr': '<UNASSIGNED>',
                                        'size_bytes': 0,
                                        'flags': {'register': False,
                                                  'stack': False,
                                                  'memory': False,
                                                  'unassigned': True,
                                                  'void': False,
                                                  'auto': False},
                                        'pieces': [],
                                        'storage_keys': []},
                     'carrier_pieces': [],
                     'normalization': {'mode': 'mask_to_output_width',
                                       'width_bits': 64,
                                       'mask': 18446744073709551615},
                     'runtime_helper': None,
                     'runtime_helper_authority': 'no_ABI_runtime_helper_assigned',
                     'authority': 'reachable_raw_return_transport',
                     'reported_declared_width_bits': 8,
                     'declared_width_authoritative': False,
                     'declared_return_evidence_status': 'non_authoritative_default_or_unresolved_prototype',
                     'transport_width_bits': 64,
                     'logical_result_width_bits': 64,
                     'reachable_return_widths': [64],
                     'reachable_return_boundary_count': 1,
                     'unreachable_return_boundary_count': 0,
                     'deferred_return_boundary_count': 0},
 'reachable_return_boundaries': [{'block_addr': 1054100,
                                  'return_value_sid': 'c_0_8',
                                  'return_value_width_bits': 64,
                                  'return_transport_width_bits': 64,
                                  'return_logical_width_bits': 64,
                                  'return_declared_view': None,
                                  'return_boundary_authority': 'raw_return_register_transport',
                                  'return_reachability': 'reachable',
                                  'reachable_return': True,
                                  'execution_suppressed': False,
                                  'emission_policy': 'emit_reachable_return_boundary',
                                  'cut_by_no_return_blocks': [],
                                  'cut_by_no_return_call_op_keys': []}],
 'unreachable_return_boundaries': []}

[RETURN BOUNDARY RECONCILIATION]
{'kind': 'pal_compute_return_boundary_reconciliation_v23b',
 'version': 'v23b_abi_thunk_compatibility_return_reconciliation',
 'function': 'apply_burn',
 'entry_block_addr': 1053862,
 'cfg_evidence_available': True,
 'no_return_terminating_blocks': [],
 'no_return_call_op_keys': [],
 'return_boundaries': 1,
 'reachable_return_boundaries': 1,
 'unreachable_return_boundaries': 0,
 'deferred_return_boundaries': 0,
 'reachable_return_widths': [64],
 'width_reconciled': True,
 'synthetic_no_return_continuations_suppressed': 0,
 'rule': 'traverse_CFG_with_no_return_blocks_as_terminal_then_reconcile_reachable_raw_return_transports_only'}

[CALL SITE ABI PLANS]
===== END PAL COMPUTE ANALYZER =====


=========== SGL EXECUTION TREE ===========

sequence
  block [0x1014a6]
  if [cond=not ((v_37 < param_1))]
    then [direct_join=True edge=(1053862, 1053895) pred=1053862 join=1053895]
    else
      sequence
        block [0x1014bd]
  block [0x1014c7]
  if [cond=not ((0x1e < v_434))]
    then [direct_join=True edge=(1053895, 1054020) pred=1053895 join=1054020]
    else
      sequence
        block [0x10152f]
  block [0x101544]
  if [cond=not ((v_514 < 1))]
    then [direct_join=True edge=(1054020, 1054100) pred=1054020 join=1054100]
    else
      block [0x10154e]
      if [cond=(v_595 < 0xfffffffe)]
        then
          sequence
            block [0x101588]
        else
          block [0x10156f]
          if [cond=not ((3 < v_646))]
            then
              sequence
                block [0x101588]
            else
              sequence
                block [0x10157b]
  sequence
    block [0x101594]

=========== END TREE ===========

[SGL EXEC TREE PERSISTED] path=/home/rem/gh/PAL/pyghidra-PAL/PAL/PAL_logs/f_00000000001014a6_apply_burn.sgl.exec_tree.log mode=append temporary=False delete_on_completion=False

[PHI DROP-INS]
------------------------------------------------------------
pred=0x1014a6 -> join=0x1014c7 :: local_14 = v_1330
pred=0x1014bd -> join=0x1014c7 :: local_14 = v_97
------------------------------------------------------------
{'active': True,
 'bound_plans': 41,
 'control_contracts_forwarded': 7,
 'input_op_contracts': 52,
 'input_plans': 41,
 'kind': 'phi_compute_consumer_inventory_v21',
 'outputless_contracts_forwarded': 11,
 'phi_merge_contracts': 1,
 'phi_transition_contracts': 2,
 'preserved_compute_boundaries': 40,
 'preserved_deferred_contracts': 29,
 'preserved_outputless_boundaries': 11,
 'preserved_outputless_deferred_contracts': 11,
 'preserved_outputless_helpers': 11,
 'preserved_runtime_helpers': 39,
 'rule': 'preserve_PALCompute_authority_remap_execution_destination_only',
 'state_alias_bindings': 1,
 'transition_owners': {'predecessor_phi_dropin': 1, 'source_state_alias': 1},
 'version': 'v21_compute_contract_consumers',
 'warnings': 0}
[]
          OK -> functions.f_00000000001014a6_apply_burn
[19/30] decompile Global::print_result @ 0x101596

===== CFG DEBUG =====

[EDGES]
0x101596 -> 0x1015fd  true raw=true role=raw_true_explicit_target pol=target inv=False edge=cfg-edge-v1:0x101596->0x1015fd direct_join=False
0x101596 -> 0x1015da  false raw=false role=raw_false_fallthrough pol=target inv=True edge=cfg-edge-v1:0x101596->0x1015da direct_join=False
0x1015da -> 0x1016ab  uncond raw=uncond role=uncond pol=unknown inv=None edge=cfg-edge-v1:0x1015da->0x1016ab direct_join=False
0x1015fd -> 0x101670  true raw=true role=raw_true_explicit_target pol=target inv=False edge=cfg-edge-v1:0x1015fd->0x101670 direct_join=False
0x1015fd -> 0x101608  false raw=false role=raw_false_fallthrough pol=target inv=True edge=cfg-edge-v1:0x1015fd->0x101608 direct_join=False
0x101608 -> 0x1016ab  uncond raw=uncond role=uncond pol=unknown inv=None edge=cfg-edge-v1:0x101608->0x1016ab direct_join=False
0x101670 -> 0x1016ab  uncond raw=uncond role=uncond pol=unknown inv=None edge=cfg-edge-v1:0x101670->0x1016ab direct_join=False

[BRANCH RESOLUTION EVENTS]
{'kind': 'binary_branch_truth_bound_by_evidence_class_v21d', 'src': 1054102, 'first_dst': 1054205, 'second_dst': 1054170, 'hf_target': 1054205, 'hf_normalized_target': 1054205, 'direct_dst': 1054205, 'first_invert': False, 'second_invert': True, 'condition_truth_authority': 'raw_jcc_hf_relation_direct_flags', 'reason': 'branch_truth_evidence_v21d hf_target=0x1015fd raw_target=0x1015fd raw_fallthrough=0x1015da legacy_hint=(mnemonic=JZ hf_cond_opcode=INT_EQUAL) class=direct_flags', 'relation_evidence': {'version': 'ordered_relation_algebra_v23e', 'status': 'unresolved', 'mnemonic': 'JZ', 'raw_relation': None, 'raw_domain': None, 'hf_opcode': 'INT_EQUAL', 'hf_relation': None, 'hf_domain': None, 'operand_profile': {'status': 'unresolved', 'reason': 'constant_threshold_requires_exact_value_custody', 'operand_count': 2, 'left_sid': 'v_91', 'right_sid': 'c_0_4', 'left_identity': ('high', 'high_rep:91'), 'right_identity': ('constant', 32, 0), 'left_width_bits': 32, 'right_width_bits': 32, 'left_constant': False, 'right_constant': True}, 'operand_orientation': None, 'relation_to_hf': None, 'invert_for_target': None, 'invert_for_fallthrough': None, 'reason': 'ordered_relation_family_not_applicable', 'legacy_hint_resolved': True, 'selected_as_authority': False}, 'boolean_carrier_evidence': {'status': 'proven_boolean', 'reason': 'comparison_result_is_boolean', 'root_opcode': 'INT_EQUAL', 'contains_multiequal': False, 'depth': 0}}
{'kind': 'binary_branch_truth_bound_by_evidence_class_v21d', 'src': 1054205, 'first_dst': 1054320, 'second_dst': 1054216, 'hf_target': 1054320, 'hf_normalized_target': 1054320, 'direct_dst': 1054320, 'first_invert': False, 'second_invert': True, 'condition_truth_authority': 'raw_jcc_hf_relation_direct_flags', 'reason': 'branch_truth_evidence_v21d hf_target=0x101670 raw_target=0x101670 raw_fallthrough=0x101608 legacy_hint=(mnemonic=JZ hf_cond_opcode=INT_EQUAL) class=direct_flags', 'relation_evidence': {'version': 'ordered_relation_algebra_v23e', 'status': 'unresolved', 'mnemonic': 'JZ', 'raw_relation': None, 'raw_domain': None, 'hf_opcode': 'INT_EQUAL', 'hf_relation': None, 'hf_domain': None, 'operand_profile': {'status': 'unresolved', 'reason': 'constant_threshold_requires_exact_value_custody', 'operand_count': 2, 'left_sid': 'v_187', 'right_sid': 'c_0_4', 'left_identity': ('high', 'high_rep:187'), 'right_identity': ('constant', 32, 0), 'left_width_bits': 32, 'right_width_bits': 32, 'left_constant': False, 'right_constant': True}, 'operand_orientation': None, 'relation_to_hf': None, 'invert_for_target': None, 'invert_for_fallthrough': None, 'reason': 'ordered_relation_family_not_applicable', 'legacy_hint_resolved': True, 'selected_as_authority': False}, 'boolean_carrier_evidence': {'status': 'proven_boolean', 'reason': 'comparison_result_is_boolean', 'root_opcode': 'INT_EQUAL', 'contains_multiequal': False, 'depth': 0}}

[EDGE IDENTITY v23 / BOHDI EMPEROR]
{'kind': 'cfg_edge_identity_inventory_v23', 'version': 'FunctionCFG_v23e_clothed_emperor_cfg_truth', 'id_schema': 'cfg_edge_identity_v1', 'canonical_identity': '(src_addr,dst_addr)', 'edges': 7, 'unique_edge_keys': 7, 'binary_cbranch_edges': 4, 'direct_join_edges': 0, 'direct_join_branch_arm_edges': 0, 'direct_join_loop_exit_edges': 0, 'direct_join_empty_arm_candidates': 0, 'warnings': 0, 'topology_mutations': 0, 'polarity_mutations': 0, 'rule': 'freeze_repaired_CFG_edge_identity_then_mark_exact_binary_CBRANCH_edge_to_IPDOM'}

[IPDOM]
0x101596 -> ipdom: 0x1016ab
0x1015da -> ipdom: 0x1016ab
0x1015fd -> ipdom: 0x1016ab
0x101608 -> ipdom: 0x1016ab
0x101670 -> ipdom: 0x1016ab
0x1016ab -> ipdom: None

=====================

===== PAL RESOLVER INDIRECT STORAGE v22c =====

[INVENTORY]
{'active': False,
 'address_tied_families': 0,
 'custody_transitions': 0,
 'effect_owner_groups': 0,
 'escape_barrier_sids': 0,
 'input_contracts': 0,
 'kind': 'resolver_indirect_storage_inventory_v22c',
 'machine_state_families': 0,
 'machine_state_sids': 0,
 'owner_categories': {},
 'parameter_initializers': 0,
 'persistent_families': 0,
 'rule': 'HighVariable_identity_families_plus_address_escape_alias_barrier',
 'runtime_order': 'CFG_governed_not_linearized',
 'storage_families': 0,
 'version': 'v22c_indirect_storage_families',
 'warnings': 0}

[STORAGE FAMILIES]

[PARAMETER INITIALIZERS / STORAGE WRITES]
[]

[WARNINGS]
[]
===== END PAL RESOLVER INDIRECT STORAGE =====

========================================================================
PALRAW AUDIT v0.3 :: raw instruction BLOCK p-code vs HF/PAL CFG
========================================================================

--- 0x10127f ---
Raw block  : 0x10127f -> next 0x101596
Instr count: 0
Terminal   : None None
Raw succs  : []
Norm succs : None
HF block   : None
CFG edges  : []
STATUS     : no_hf_block
NOTE       : No PAL/HighFunction block mapped to this address.
Raw instructions:
Terminal raw p-code:
HF/PAL ops :

--- 0x1011b6 ---
Raw block  : 0x1011b6 -> next 0x101596
Instr count: 0
Terminal   : None None
Raw succs  : []
Norm succs : None
HF block   : None
CFG edges  : []
STATUS     : no_hf_block
NOTE       : No PAL/HighFunction block mapped to this address.
Raw instructions:
Terminal raw p-code:
HF/PAL ops :

--- 0x101219 ---
Raw block  : 0x101219 -> next 0x101596
Instr count: 8
Terminal   : 0x10122d JNZ 0x00101240
Raw succs  : ['0x101240', '0x10122f']
Norm succs : None
HF block   : None
CFG edges  : []
STATUS     : no_hf_block
NOTE       : No PAL/HighFunction block mapped to this address.
Raw instructions:
   0x101219  PUSH RBP
   0x10121a  MOV RBP,RSP
   0x10121d  SUB RSP,0x10
   0x101221  MOV dword ptr [RBP + -0x4],EDI
   0x101224  MOV dword ptr [RBP + -0x8],ESI
   0x101227  MOV EAX,dword ptr [RBP + -0x4]
   0x10122a  CMP EAX,dword ptr [RBP + -0x8]
   0x10122d  JNZ 0x00101240
Terminal raw p-code:
    (unique, 0x24f00, 1) BOOL_NEGATE (register, 0x206, 1)
     ---  CBRANCH (ram, 0x101240, 8) , (unique, 0x24f00, 1)
HF/PAL ops :

--- 0x10120f ---
Raw block  : 0x10120f -> next 0x101596
Instr count: 0
Terminal   : None None
Raw succs  : []
Norm succs : None
HF block   : None
CFG edges  : []
STATUS     : no_hf_block
NOTE       : No PAL/HighFunction block mapped to this address.
Raw instructions:
Terminal raw p-code:
HF/PAL ops :

--- 0x101221 ---
Raw block  : 0x101221 -> next 0x101596
Instr count: 5
Terminal   : 0x10122d JNZ 0x00101240
Raw succs  : ['0x101240', '0x10122f']
Norm succs : None
HF block   : None
CFG edges  : []
STATUS     : no_hf_block
NOTE       : No PAL/HighFunction block mapped to this address.
Raw instructions:
   0x101221  MOV dword ptr [RBP + -0x4],EDI
   0x101224  MOV dword ptr [RBP + -0x8],ESI
   0x101227  MOV EAX,dword ptr [RBP + -0x4]
   0x10122a  CMP EAX,dword ptr [RBP + -0x8]
   0x10122d  JNZ 0x00101240
Terminal raw p-code:
    (unique, 0x24f00, 1) BOOL_NEGATE (register, 0x206, 1)
     ---  CBRANCH (ram, 0x101240, 8) , (unique, 0x24f00, 1)
HF/PAL ops :

--- 0x101284 ---
Raw block  : 0x101284 -> next 0x101596
Instr count: 27
Terminal   : 0x1012f4 JMP 0x00101309
Raw succs  : ['0x101309']
Norm succs : None
HF block   : None
CFG edges  : []
STATUS     : no_hf_block
NOTE       : No PAL/HighFunction block mapped to this address.
Raw instructions:
   0x101284  MOV RDI,RAX
   0x101287  CALL 0x00101030
   0x10128c  LEA RAX,[0x1020b0]
   0x101293  MOV RDI,RAX
   0x101296  CALL 0x00101030
   0x10129b  LEA RAX,[0x102048]
   0x1012a2  MOV RDI,RAX
   0x1012a5  CALL 0x00101030
   0x1012aa  MOV RAX,qword ptr [RBP + -0x18]
   0x1012ae  MOV ESI,dword ptr [RAX + 0x8]
   0x1012b1  MOV RAX,qword ptr [RBP + -0x18]
   0x1012b5  MOV ECX,dword ptr [RAX + 0x4]
   0x1012b8  MOV RAX,qword ptr [RBP + -0x18]
   0x1012bc  MOV EDX,dword ptr [RAX]
   0x1012be  MOV RAX,qword ptr [RBP + -0x18]
   0x1012c2  MOV EAX,dword ptr [RAX + 0xc]
   0x1012c5  MOV R8D,ESI
   0x1012c8  MOV ESI,EAX
   0x1012ca  LEA RAX,[0x1020e0]
   0x1012d1  MOV RDI,RAX
   0x1012d4  MOV EAX,0x0
   0x1012d9  CALL 0x00101040
   0x1012de  LEA RAX,[0x102118]
   0x1012e5  MOV RDI,RAX
   0x1012e8  CALL 0x00101030
   0x1012ed  MOV dword ptr [RBP + -0x4],0x0
   0x1012f4  JMP 0x00101309
Terminal raw p-code:
     ---  BRANCH (ram, 0x101309, 8)
HF/PAL ops :

--- 0x10127f ---
Raw block  : 0x10127f -> next 0x101596
Instr count: 0
Terminal   : None None
Raw succs  : []
Norm succs : None
HF block   : None
CFG edges  : []
STATUS     : no_hf_block
NOTE       : No PAL/HighFunction block mapped to this address.
Raw instructions:
Terminal raw p-code:
HF/PAL ops :

========================================================================

===== PAL COMPUTE ANALYZER =====
{'kind': 'pal_compute_inventory_v22',
 'version': 'v23b_abi_thunk_compatibility_return_reconciliation',
 'runtime_representation': 'raw_unsigned_bitvector_at_ssa_boundaries',
 'operations': 50,
 'output_plans': 37,
 'control_contracts': 5,
 'c_compute_filtered': 37,
 'use_site_overrides': 0,
 'return_observation_view_mismatches': 0,
 'storage_custody_related_ops': 0,
 'indirect_custody_contracts': 0,
 'indirect_custody_resolved': 0,
 'indirect_custody_deferred': 0,
 'indirect_effect_owner_compute_ops': 0,
 'storage_family_bindings': 0,
 'function_entry_abi_plan': True,
 'call_site_abi_plans': 13,
 'internal_call_plan_failures': 0,
 'unsupported_implicit_inputs': 0,
 'abi_runtime_helper_assignments': 0,
 'no_return_calls': 0,
 'reachable_return_boundaries': 1,
 'unreachable_return_boundaries': 0,
 'synthetic_no_return_continuations_suppressed': 0,
 'statuses': {'metadata_only': 19,
              'deferred_external': 13,
              'helper_required': 12,
              'deferred_memory': 6},
 'categories': {'transport': 13,
                'call_boundary': 13,
                'integer_arithmetic': 6,
                'conversion': 10,
                'memory': 6,
                'comparison': 2},
 'helpers': {'c_add': 6, 'c_load': 6, 'c_eq': 2, 'c_zext': 4},
 'opcodes': {'COPY': 13,
             'CALL': 13,
             'INT_ADD': 6,
             'CAST': 6,
             'LOAD': 6,
             'INT_EQUAL': 2,
             'INT_ZEXT': 4},
 'warnings': 0}

[WARNINGS]
[]

[METADATA-ONLY COMPUTE BOUNDARIES]
0x101596 CAST ['v_1535'] -> v_88 classification=same_width_explicit_recast
0x1015fd CAST ['v_1536'] -> v_184 classification=same_width_explicit_recast
0x101670 CAST ['v_1537'] -> v_361 classification=same_width_explicit_recast
0x101608 CAST ['v_1538'] -> v_240 classification=same_width_explicit_recast
0x101608 CAST ['v_1539'] -> v_276 classification=same_width_explicit_recast
0x101608 CAST ['v_1540'] -> v_312 classification=same_width_explicit_recast

[HELPER-REQUIRED CONTRACTS]
0x101596 INT_ADD v_1535 helper=c_add widths=[64, 64]->64 overrides=0
0x101596 INT_EQUAL v_108 helper=c_eq widths=[32, 32]->8 overrides=0
0x1015fd INT_ADD v_1536 helper=c_add widths=[64, 64]->64 overrides=0
0x1015fd INT_EQUAL v_204 helper=c_eq widths=[32, 32]->8 overrides=0
0x101670 INT_ADD v_1537 helper=c_add widths=[64, 64]->64 overrides=0
0x101670 INT_ZEXT v_749 helper=c_zext widths=[32]->64 overrides=0
0x101608 INT_ADD v_1538 helper=c_add widths=[64, 64]->64 overrides=0
0x101608 INT_ZEXT v_737 helper=c_zext widths=[32]->64 overrides=0
0x101608 INT_ADD v_1539 helper=c_add widths=[64, 64]->64 overrides=0
0x101608 INT_ZEXT v_741 helper=c_zext widths=[32]->64 overrides=0
0x101608 INT_ADD v_1540 helper=c_add widths=[64, 64]->64 overrides=0
0x101608 INT_ZEXT v_745 helper=c_zext widths=[32]->64 overrides=0

[INDIRECT STORAGE-CUSTODY CONTRACTS]

[INDIRECT CUSTODY INVENTORY]
{'kind': 'pal_compute_indirect_custody_inventory_v22d',
 'version': 'v23b_abi_thunk_compatibility_return_reconciliation',
 'resolver_transitions': 0,
 'compute_indirect_contracts': 0,
 'resolved_custody': 0,
 'deferred_custody': 0,
 'effect_owner_compute_bindings': 0,
 'effect_owner_compute_ops': 0,
 'owner_categories': {},
 'storage_families': 0,
 'storage_sid_bindings': 0,
 'address_escape_barrier_sids': 0,
 'parameter_storage_initializers': 0,
 'runtime_helpers': 0,
 'warnings': 0,
 'rule': 'INDIRECT_is_metadata_only_owner_bound_storage_transition'}

[ABI-D ENTRY/CALL PLAN INVENTORY]
{'kind': 'pal_compute_abi_plan_inventory_v23',
 'version': 'v23b_abi_thunk_compatibility_return_reconciliation',
 'function': 'print_result',
 'entry_plan_present': True,
 'entry_plan_status': 'ready',
 'fixed_arguments': 1,
 'implicit_inputs': 0,
 'implicit_inputs_unsupported': 0,
 'call_compute_contracts': 13,
 'call_site_plans': 13,
 'call_sites_without_plan': 0,
 'call_statuses': {'ready': 13},
 'dispatch_classes': {'external_via_import_thunk': 13},
 'internal_calls': 0,
 'internal_calls_with_target_compatible_plan': 0,
 'internal_calls_without_target_compatible_plan': 0,
 'internal_calls_with_deferred_target_compatibility': 0,
 'internal_calls_with_incompatible_target': 0,
 'internal_calls_without_transport_plan': 0,
 'external_calls': 13,
 'thunk_calls': 13,
 'external_via_thunk_calls': 13,
 'thunk_endpoint_deferred_calls': 0,
 'thunk_calls_misclassified_internal': 0,
 'target_compatibility_overclaims': 0,
 'no_return_calls': 0,
 'result_carrier_contracts': 13,
 'abi_runtime_helper_assignments': 0,
 'warnings': 0,
 'acceptance_gates': {'every_emitted_function_has_entry_plan': True,
                      'every_call_has_call_site_plan': True,
                      'every_internal_call_has_target_compatible_plan': True,
                      'every_internal_call_has_carrier_transport_plan': True,
                      'no_resolved_thunk_misclassified_internal': True,
                      'no_target_compatibility_overclaim': True,
                      'no_implicit_input_is_unsupported': True,
                      'no_runtime_helper_assigned_by_ABI_guesswork': True},
 'return_boundary_reconciliation': {'kind': 'pal_compute_return_boundary_reconciliation_v23b',
                                    'version': 'v23b_abi_thunk_compatibility_return_reconciliation',
                                    'function': 'print_result',
                                    'entry_block_addr': 1054102,
                                    'cfg_evidence_available': True,
                                    'no_return_terminating_blocks': [],
                                    'no_return_call_op_keys': [],
                                    'return_boundaries': 1,
                                    'reachable_return_boundaries': 1,
                                    'unreachable_return_boundaries': 0,
                                    'deferred_return_boundaries': 0,
                                    'reachable_return_widths': [64],
                                    'width_reconciled': True,
                                    'synthetic_no_return_continuations_suppressed': 0,
                                    'rule': 'traverse_CFG_with_no_return_blocks_as_terminal_then_reconcile_reachable_raw_return_transports_only'},
 'rule': 'ABI_A_B_C_authority_only_thunk_endpoint_and_compatibility_tri_state_no_downstream_argument_reinference'}

[FUNCTION ENTRY ABI PLAN]
{'plan_id': 'function_entry:1054102',
 'status': 'ready',
 'callable_signature_status': 'legacy_non_variadic_fallback',
 'fixed_argument_count': 1,
 'implicit_input_count': 0,
 'variadic_register_save_area': {'required': False,
                                 'status': 'not_required',
                                 'slots': [{'sid': 'v_1143',
                                            'bank': 'gp',
                                            'index': 0,
                                            'register': 'RDI',
                                            'width_bits': 64,
                                            'canonical_alias': 'param_0',
                                            'owner_namespace': 'logical_parameter',
                                            'owner_role': 'callable_parameter_carrier',
                                            'materialization': 'capture_entry_register_bits',
                                            'source': 'abi_context.registers',
                                            'runtime_helper': None,
                                            'authority': 'PALSymbolResolver_ABI_C_physical_carrier_binding'}],
                                 'gp_slots': [{'sid': 'v_1143',
                                               'bank': 'gp',
                                               'index': 0,
                                               'register': 'RDI',
                                               'width_bits': 64,
                                               'canonical_alias': 'param_0',
                                               'owner_namespace': 'logical_parameter',
                                               'owner_role': 'callable_parameter_carrier',
                                               'materialization': 'capture_entry_register_bits',
                                               'source': 'abi_context.registers',
                                               'runtime_helper': None,
                                               'authority': 'PALSymbolResolver_ABI_C_physical_carrier_binding'}],
                                 'sse_slots': [],
                                 'fixed_variadic_partition_status': 'deferred_to_entry_protocol_analysis',
                                 'source': 'abi_context.registers',
                                 'authority': 'ABI_C_carriers_plus_variadic_contract'},
 'overflow_argument_area': {'required': False,
                            'status': 'not_required',
                            'source': 'abi_context.overflow_argument_area',
                            'observed_stack_carriers': [],
                            'materialization': 'consume_preclassified_overflow_slots',
                            'offset_inference_allowed': False,
                            'authority': 'ABI_C_stack_carriers_or_variadic_protocol'},
 'variadic_al': {'required': False,
                 'status': 'not_required',
                 'source': 'abi_context.variadic_xmm_count',
                 'inputs': [],
                 'default_allowed': False,
                 'authority': 'ABI_C_variadic_xmm_count_contract'},
 'frame_base': {'required': False,
                'status': 'not_observed',
                'source': 'abi_context.frame_base',
                'inputs': [],
                'derive_from_parameter_names': False,
                'authority': 'ABI_C_frame_state_custody'},
 'tls_base': {'required': False,
              'status': 'not_observed',
              'source': 'abi_context.tls_base',
              'inputs': [],
              'derive_from_expression_names': False,
              'authority': 'ABI_C_tls_state_custody'},
 'return_contract': {'kind': 'pal_compute_return_carrier_contract_abi_d',
                     'version': 'v23b_abi_thunk_compatibility_return_reconciliation',
                     'status': 'return_width_proven_carrier_deferred',
                     'no_return': False,
                     'output_sid': None,
                     'output_width_bits': None,
                     'declared_width_bits': None,
                     'effective_result_width_bits': 64,
                     'declared_return': {'name': 'undefined',
                                         'display_name': 'undefined',
                                         'class_name': 'DefaultDataType',
                                         'length_bytes': 1,
                                         'width_bits': 8,
                                         'signed': None,
                                         'kind_hint': None},
                     'return_storage': {'repr': '<UNASSIGNED>',
                                        'size_bytes': 0,
                                        'flags': {'register': False,
                                                  'stack': False,
                                                  'memory': False,
                                                  'unassigned': True,
                                                  'void': False,
                                                  'auto': False},
                                        'pieces': [],
                                        'storage_keys': []},
                     'carrier_pieces': [],
                     'normalization': {'mode': 'mask_to_output_width',
                                       'width_bits': 64,
                                       'mask': 18446744073709551615},
                     'runtime_helper': None,
                     'runtime_helper_authority': 'no_ABI_runtime_helper_assigned',
                     'authority': 'reachable_raw_return_transport',
                     'reported_declared_width_bits': 8,
                     'declared_width_authoritative': False,
                     'declared_return_evidence_status': 'non_authoritative_default_or_unresolved_prototype',
                     'transport_width_bits': 64,
                     'logical_result_width_bits': 64,
                     'reachable_return_widths': [64],
                     'reachable_return_boundary_count': 1,
                     'unreachable_return_boundary_count': 0,
                     'deferred_return_boundary_count': 0},
 'reachable_return_boundaries': [{'block_addr': 1054379,
                                  'return_value_sid': 'c_0_8',
                                  'return_value_width_bits': 64,
                                  'return_transport_width_bits': 64,
                                  'return_logical_width_bits': 64,
                                  'return_declared_view': None,
                                  'return_boundary_authority': 'raw_return_register_transport',
                                  'return_reachability': 'reachable',
                                  'reachable_return': True,
                                  'execution_suppressed': False,
                                  'emission_policy': 'emit_reachable_return_boundary',
                                  'cut_by_no_return_blocks': [],
                                  'cut_by_no_return_call_op_keys': []}],
 'unreachable_return_boundaries': []}

[RETURN BOUNDARY RECONCILIATION]
{'kind': 'pal_compute_return_boundary_reconciliation_v23b',
 'version': 'v23b_abi_thunk_compatibility_return_reconciliation',
 'function': 'print_result',
 'entry_block_addr': 1054102,
 'cfg_evidence_available': True,
 'no_return_terminating_blocks': [],
 'no_return_call_op_keys': [],
 'return_boundaries': 1,
 'reachable_return_boundaries': 1,
 'unreachable_return_boundaries': 0,
 'deferred_return_boundaries': 0,
 'reachable_return_widths': [64],
 'width_reconciled': True,
 'synthetic_no_return_continuations_suppressed': 0,
 'rule': 'traverse_CFG_with_no_return_blocks_as_terminal_then_reconcile_reachable_raw_return_transports_only'}

[CALL SITE ABI PLANS]
{'op_key': '1054102:(ram, 0x1015ac, 20, 1):1',
 'target': 'puts',
 'dispatch_class': 'external_via_import_thunk',
 'status': 'ready',
 'argument_count': 1,
 'carrier_allocation_status': 'complete',
 'target_compatibility_status': 'compatible',
 'target_compatible': True,
 'no_return': False,
 'result_width_bits': 32}
{'op_key': '1054102:(ram, 0x1015bb, 25, 3):3',
 'target': 'puts',
 'dispatch_class': 'external_via_import_thunk',
 'status': 'ready',
 'argument_count': 1,
 'carrier_allocation_status': 'complete',
 'target_compatibility_status': 'compatible',
 'target_compatible': True,
 'no_return': False,
 'result_width_bits': 32}
{'op_key': '1054102:(ram, 0x1015ca, 30, 5):5',
 'target': 'puts',
 'dispatch_class': 'external_via_import_thunk',
 'status': 'ready',
 'argument_count': 1,
 'carrier_allocation_status': 'complete',
 'target_compatibility_status': 'compatible',
 'target_compatible': True,
 'no_return': False,
 'result_width_bits': 32}
{'op_key': '1054320:(ram, 0x10167a, 142, 1):1',
 'target': 'puts',
 'dispatch_class': 'external_via_import_thunk',
 'status': 'ready',
 'argument_count': 1,
 'carrier_allocation_status': 'complete',
 'target_compatibility_status': 'compatible',
 'target_compatible': True,
 'no_return': False,
 'result_width_bits': 32}
{'op_key': '1054320:(ram, 0x101697, 157, 7):7',
 'target': 'printf',
 'dispatch_class': 'external_via_import_thunk',
 'status': 'ready',
 'argument_count': 2,
 'carrier_allocation_status': 'complete',
 'target_compatibility_status': 'compatible',
 'target_compatible': True,
 'no_return': False,
 'result_width_bits': 32}
{'op_key': '1054320:(ram, 0x1016a6, 162, 9):9',
 'target': 'puts',
 'dispatch_class': 'external_via_import_thunk',
 'status': 'ready',
 'argument_count': 1,
 'carrier_allocation_status': 'complete',
 'target_compatibility_status': 'compatible',
 'target_compatible': True,
 'no_return': False,
 'result_width_bits': 32}
{'op_key': '1054216:(ram, 0x101612, 91, 1):1',
 'target': 'puts',
 'dispatch_class': 'external_via_import_thunk',
 'status': 'ready',
 'argument_count': 1,
 'carrier_allocation_status': 'complete',
 'target_compatibility_status': 'compatible',
 'target_compatible': True,
 'no_return': False,
 'result_width_bits': 32}
{'op_key': '1054216:(ram, 0x10162f, 106, 7):7',
 'target': 'printf',
 'dispatch_class': 'external_via_import_thunk',
 'status': 'ready',
 'argument_count': 2,
 'carrier_allocation_status': 'complete',
 'target_compatibility_status': 'compatible',
 'target_compatible': True,
 'no_return': False,
 'result_width_bits': 32}
{'op_key': '1054216:(ram, 0x10164c, 121, 13):13',
 'target': 'printf',
 'dispatch_class': 'external_via_import_thunk',
 'status': 'ready',
 'argument_count': 2,
 'carrier_allocation_status': 'complete',
 'target_compatibility_status': 'compatible',
 'target_compatible': True,
 'no_return': False,
 'result_width_bits': 32}
{'op_key': '1054216:(ram, 0x101669, 136, 19):19',
 'target': 'printf',
 'dispatch_class': 'external_via_import_thunk',
 'status': 'ready',
 'argument_count': 2,
 'carrier_allocation_status': 'complete',
 'target_compatibility_status': 'compatible',
 'target_compatible': True,
 'no_return': False,
 'result_width_bits': 32}
{'op_key': '1054170:(ram, 0x1015e4, 52, 1):1',
 'target': 'puts',
 'dispatch_class': 'external_via_import_thunk',
 'status': 'ready',
 'argument_count': 1,
 'carrier_allocation_status': 'complete',
 'target_compatibility_status': 'compatible',
 'target_compatible': True,
 'no_return': False,
 'result_width_bits': 32}
{'op_key': '1054170:(ram, 0x1015f3, 57, 3):3',
 'target': 'puts',
 'dispatch_class': 'external_via_import_thunk',
 'status': 'ready',
 'argument_count': 1,
 'carrier_allocation_status': 'complete',
 'target_compatibility_status': 'compatible',
 'target_compatible': True,
 'no_return': False,
 'result_width_bits': 32}
{'op_key': '1054379:(ram, 0x1016b5, 63, 1):1',
 'target': 'puts',
 'dispatch_class': 'external_via_import_thunk',
 'status': 'ready',
 'argument_count': 1,
 'carrier_allocation_status': 'complete',
 'target_compatibility_status': 'compatible',
 'target_compatible': True,
 'no_return': False,
 'result_width_bits': 32}
===== END PAL COMPUTE ANALYZER =====


=========== SGL EXECUTION TREE ===========

sequence
  block [0x101596]
  if [cond=(v_91 == 0)]
    then
      block [0x1015fd]
      if [cond=(v_187 == 0)]
        then
          sequence
            block [0x101670]
        else
          sequence
            block [0x101608]
    else
      sequence
        block [0x1015da]
  sequence
    block [0x1016ab]

=========== END TREE ===========

[SGL EXEC TREE PERSISTED] path=/home/rem/gh/PAL/pyghidra-PAL/PAL/PAL_logs/f_0000000000101596_print_result.sgl.exec_tree.log mode=append temporary=False delete_on_completion=False

[PHI DROP-INS]
------------------------------------------------------------
------------------------------------------------------------
{'active': True,
 'bound_plans': 37,
 'control_contracts_forwarded': 5,
 'input_op_contracts': 50,
 'input_plans': 37,
 'kind': 'phi_compute_consumer_inventory_v21',
 'outputless_contracts_forwarded': 13,
 'phi_merge_contracts': 0,
 'phi_transition_contracts': 0,
 'preserved_compute_boundaries': 24,
 'preserved_deferred_contracts': 6,
 'preserved_outputless_boundaries': 13,
 'preserved_outputless_deferred_contracts': 13,
 'preserved_outputless_helpers': 0,
 'preserved_runtime_helpers': 18,
 'rule': 'preserve_PALCompute_authority_remap_execution_destination_only',
 'state_alias_bindings': 0,
 'transition_owners': {},
 'version': 'v21_compute_contract_consumers',
 'warnings': 0}
[]
          OK -> functions.f_0000000000101596_print_result
[20/30] decompile Global::lander_exit_code @ 0x1016bd

===== CFG DEBUG =====

[EDGES]
0x1016bd -> 0x1016d7  true raw=true role=raw_true_explicit_target pol=target inv=False edge=cfg-edge-v1:0x1016bd->0x1016d7 direct_join=False
0x1016bd -> 0x1016d0  false raw=false role=raw_false_fallthrough pol=target inv=True edge=cfg-edge-v1:0x1016bd->0x1016d0 direct_join=False
0x1016d0 -> 0x1016ee  uncond raw=uncond role=uncond pol=unknown inv=None edge=cfg-edge-v1:0x1016d0->0x1016ee direct_join=False
0x1016d7 -> 0x1016e9  true raw=true role=raw_true_explicit_target pol=target inv=False edge=cfg-edge-v1:0x1016d7->0x1016e9 direct_join=False
0x1016d7 -> 0x1016e2  false raw=false role=raw_false_fallthrough pol=target inv=True edge=cfg-edge-v1:0x1016d7->0x1016e2 direct_join=False
0x1016e2 -> 0x1016ee  uncond raw=uncond role=uncond pol=unknown inv=None edge=cfg-edge-v1:0x1016e2->0x1016ee direct_join=False
0x1016e9 -> 0x1016ee  uncond raw=uncond role=uncond pol=unknown inv=None edge=cfg-edge-v1:0x1016e9->0x1016ee direct_join=False

[BRANCH RESOLUTION EVENTS]
{'kind': 'binary_branch_truth_bound_by_evidence_class_v21d', 'src': 1054397, 'first_dst': 1054423, 'second_dst': 1054416, 'hf_target': 1054423, 'hf_normalized_target': 1054423, 'direct_dst': 1054423, 'first_invert': False, 'second_invert': True, 'condition_truth_authority': 'raw_jcc_hf_relation_direct_flags', 'reason': 'branch_truth_evidence_v21d hf_target=0x1016d7 raw_target=0x1016d7 raw_fallthrough=0x1016d0 legacy_hint=(mnemonic=JZ hf_cond_opcode=INT_EQUAL) class=direct_flags', 'relation_evidence': {'version': 'ordered_relation_algebra_v23e', 'status': 'unresolved', 'mnemonic': 'JZ', 'raw_relation': None, 'raw_domain': None, 'hf_opcode': 'INT_EQUAL', 'hf_relation': None, 'hf_domain': None, 'operand_profile': {'status': 'unresolved', 'reason': 'constant_threshold_requires_exact_value_custody', 'operand_count': 2, 'left_sid': 'v_29', 'right_sid': 'c_0_4', 'left_identity': ('high', 'high_rep:29'), 'right_identity': ('constant', 32, 0), 'left_width_bits': 32, 'right_width_bits': 32, 'left_constant': False, 'right_constant': True}, 'operand_orientation': None, 'relation_to_hf': None, 'invert_for_target': None, 'invert_for_fallthrough': None, 'reason': 'ordered_relation_family_not_applicable', 'legacy_hint_resolved': True, 'selected_as_authority': False}, 'boolean_carrier_evidence': {'status': 'proven_boolean', 'reason': 'comparison_result_is_boolean', 'root_opcode': 'INT_EQUAL', 'contains_multiequal': False, 'depth': 0}}
{'kind': 'binary_branch_truth_bound_by_evidence_class_v21d', 'src': 1054423, 'first_dst': 1054441, 'second_dst': 1054434, 'hf_target': 1054441, 'hf_normalized_target': 1054441, 'direct_dst': 1054441, 'first_invert': False, 'second_invert': True, 'condition_truth_authority': 'raw_jcc_hf_relation_direct_flags', 'reason': 'branch_truth_evidence_v21d hf_target=0x1016e9 raw_target=0x1016e9 raw_fallthrough=0x1016e2 legacy_hint=(mnemonic=JZ hf_cond_opcode=INT_EQUAL) class=direct_flags', 'relation_evidence': {'version': 'ordered_relation_algebra_v23e', 'status': 'unresolved', 'mnemonic': 'JZ', 'raw_relation': None, 'raw_domain': None, 'hf_opcode': 'INT_EQUAL', 'hf_relation': None, 'hf_domain': None, 'operand_profile': {'status': 'unresolved', 'reason': 'constant_threshold_requires_exact_value_custody', 'operand_count': 2, 'left_sid': 'v_93', 'right_sid': 'c_0_4', 'left_identity': ('high', 'high_rep:93'), 'right_identity': ('constant', 32, 0), 'left_width_bits': 32, 'right_width_bits': 32, 'left_constant': False, 'right_constant': True}, 'operand_orientation': None, 'relation_to_hf': None, 'invert_for_target': None, 'invert_for_fallthrough': None, 'reason': 'ordered_relation_family_not_applicable', 'legacy_hint_resolved': True, 'selected_as_authority': False}, 'boolean_carrier_evidence': {'status': 'proven_boolean', 'reason': 'comparison_result_is_boolean', 'root_opcode': 'INT_EQUAL', 'contains_multiequal': False, 'depth': 0}}

[EDGE IDENTITY v23 / BOHDI EMPEROR]
{'kind': 'cfg_edge_identity_inventory_v23', 'version': 'FunctionCFG_v23e_clothed_emperor_cfg_truth', 'id_schema': 'cfg_edge_identity_v1', 'canonical_identity': '(src_addr,dst_addr)', 'edges': 7, 'unique_edge_keys': 7, 'binary_cbranch_edges': 4, 'direct_join_edges': 0, 'direct_join_branch_arm_edges': 0, 'direct_join_loop_exit_edges': 0, 'direct_join_empty_arm_candidates': 0, 'warnings': 0, 'topology_mutations': 0, 'polarity_mutations': 0, 'rule': 'freeze_repaired_CFG_edge_identity_then_mark_exact_binary_CBRANCH_edge_to_IPDOM'}

[IPDOM]
0x1016bd -> ipdom: 0x1016ee
0x1016d0 -> ipdom: 0x1016ee
0x1016d7 -> ipdom: 0x1016ee
0x1016e2 -> ipdom: 0x1016ee
0x1016e9 -> ipdom: 0x1016ee
0x1016ee -> ipdom: None

=====================

===== PAL RESOLVER INDIRECT STORAGE v22c =====

[INVENTORY]
{'active': False,
 'address_tied_families': 0,
 'custody_transitions': 0,
 'effect_owner_groups': 0,
 'escape_barrier_sids': 0,
 'input_contracts': 0,
 'kind': 'resolver_indirect_storage_inventory_v22c',
 'machine_state_families': 0,
 'machine_state_sids': 0,
 'owner_categories': {},
 'parameter_initializers': 0,
 'persistent_families': 0,
 'rule': 'HighVariable_identity_families_plus_address_escape_alias_barrier',
 'runtime_order': 'CFG_governed_not_linearized',
 'storage_families': 0,
 'version': 'v22c_indirect_storage_families',
 'warnings': 0}

[STORAGE FAMILIES]

[PARAMETER INITIALIZERS / STORAGE WRITES]
[]

[WARNINGS]
[]
===== END PAL RESOLVER INDIRECT STORAGE =====

========================================================================
PALRAW AUDIT v0.3 :: raw instruction BLOCK p-code vs HF/PAL CFG
========================================================================

--- 0x10127f ---
Raw block  : 0x10127f -> next 0x1016bd
Instr count: 0
Terminal   : None None
Raw succs  : []
Norm succs : None
HF block   : None
CFG edges  : []
STATUS     : no_hf_block
NOTE       : No PAL/HighFunction block mapped to this address.
Raw instructions:
Terminal raw p-code:
HF/PAL ops :

--- 0x1011b6 ---
Raw block  : 0x1011b6 -> next 0x1016bd
Instr count: 0
Terminal   : None None
Raw succs  : []
Norm succs : None
HF block   : None
CFG edges  : []
STATUS     : no_hf_block
NOTE       : No PAL/HighFunction block mapped to this address.
Raw instructions:
Terminal raw p-code:
HF/PAL ops :

--- 0x101219 ---
Raw block  : 0x101219 -> next 0x1016bd
Instr count: 8
Terminal   : 0x10122d JNZ 0x00101240
Raw succs  : ['0x101240', '0x10122f']
Norm succs : None
HF block   : None
CFG edges  : []
STATUS     : no_hf_block
NOTE       : No PAL/HighFunction block mapped to this address.
Raw instructions:
   0x101219  PUSH RBP
   0x10121a  MOV RBP,RSP
   0x10121d  SUB RSP,0x10
   0x101221  MOV dword ptr [RBP + -0x4],EDI
   0x101224  MOV dword ptr [RBP + -0x8],ESI
   0x101227  MOV EAX,dword ptr [RBP + -0x4]
   0x10122a  CMP EAX,dword ptr [RBP + -0x8]
   0x10122d  JNZ 0x00101240
Terminal raw p-code:
    (unique, 0x24f00, 1) BOOL_NEGATE (register, 0x206, 1)
     ---  CBRANCH (ram, 0x101240, 8) , (unique, 0x24f00, 1)
HF/PAL ops :

--- 0x10120f ---
Raw block  : 0x10120f -> next 0x1016bd
Instr count: 0
Terminal   : None None
Raw succs  : []
Norm succs : None
HF block   : None
CFG edges  : []
STATUS     : no_hf_block
NOTE       : No PAL/HighFunction block mapped to this address.
Raw instructions:
Terminal raw p-code:
HF/PAL ops :

--- 0x101221 ---
Raw block  : 0x101221 -> next 0x1016bd
Instr count: 5
Terminal   : 0x10122d JNZ 0x00101240
Raw succs  : ['0x101240', '0x10122f']
Norm succs : None
HF block   : None
CFG edges  : []
STATUS     : no_hf_block
NOTE       : No PAL/HighFunction block mapped to this address.
Raw instructions:
   0x101221  MOV dword ptr [RBP + -0x4],EDI
   0x101224  MOV dword ptr [RBP + -0x8],ESI
   0x101227  MOV EAX,dword ptr [RBP + -0x4]
   0x10122a  CMP EAX,dword ptr [RBP + -0x8]
   0x10122d  JNZ 0x00101240
Terminal raw p-code:
    (unique, 0x24f00, 1) BOOL_NEGATE (register, 0x206, 1)
     ---  CBRANCH (ram, 0x101240, 8) , (unique, 0x24f00, 1)
HF/PAL ops :

--- 0x101284 ---
Raw block  : 0x101284 -> next 0x1016bd
Instr count: 27
Terminal   : 0x1012f4 JMP 0x00101309
Raw succs  : ['0x101309']
Norm succs : None
HF block   : None
CFG edges  : []
STATUS     : no_hf_block
NOTE       : No PAL/HighFunction block mapped to this address.
Raw instructions:
   0x101284  MOV RDI,RAX
   0x101287  CALL 0x00101030
   0x10128c  LEA RAX,[0x1020b0]
   0x101293  MOV RDI,RAX
   0x101296  CALL 0x00101030
   0x10129b  LEA RAX,[0x102048]
   0x1012a2  MOV RDI,RAX
   0x1012a5  CALL 0x00101030
   0x1012aa  MOV RAX,qword ptr [RBP + -0x18]
   0x1012ae  MOV ESI,dword ptr [RAX + 0x8]
   0x1012b1  MOV RAX,qword ptr [RBP + -0x18]
   0x1012b5  MOV ECX,dword ptr [RAX + 0x4]
   0x1012b8  MOV RAX,qword ptr [RBP + -0x18]
   0x1012bc  MOV EDX,dword ptr [RAX]
   0x1012be  MOV RAX,qword ptr [RBP + -0x18]
   0x1012c2  MOV EAX,dword ptr [RAX + 0xc]
   0x1012c5  MOV R8D,ESI
   0x1012c8  MOV ESI,EAX
   0x1012ca  LEA RAX,[0x1020e0]
   0x1012d1  MOV RDI,RAX
   0x1012d4  MOV EAX,0x0
   0x1012d9  CALL 0x00101040
   0x1012de  LEA RAX,[0x102118]
   0x1012e5  MOV RDI,RAX
   0x1012e8  CALL 0x00101030
   0x1012ed  MOV dword ptr [RBP + -0x4],0x0
   0x1012f4  JMP 0x00101309
Terminal raw p-code:
     ---  BRANCH (ram, 0x101309, 8)
HF/PAL ops :

--- 0x10127f ---
Raw block  : 0x10127f -> next 0x1016bd
Instr count: 0
Terminal   : None None
Raw succs  : []
Norm succs : None
HF block   : None
CFG edges  : []
STATUS     : no_hf_block
NOTE       : No PAL/HighFunction block mapped to this address.
Raw instructions:
Terminal raw p-code:
HF/PAL ops :

========================================================================

===== PAL COMPUTE ANALYZER =====
{'kind': 'pal_compute_inventory_v22',
 'version': 'v23b_abi_thunk_compatibility_return_reconciliation',
 'runtime_representation': 'raw_unsigned_bitvector_at_ssa_boundaries',
 'operations': 12,
 'output_plans': 12,
 'control_contracts': 5,
 'c_compute_filtered': 9,
 'use_site_overrides': 0,
 'return_observation_view_mismatches': 0,
 'storage_custody_related_ops': 0,
 'indirect_custody_contracts': 0,
 'indirect_custody_resolved': 0,
 'indirect_custody_deferred': 0,
 'indirect_effect_owner_compute_ops': 0,
 'storage_family_bindings': 0,
 'function_entry_abi_plan': True,
 'call_site_abi_plans': 0,
 'internal_call_plan_failures': 0,
 'unsupported_implicit_inputs': 0,
 'abi_runtime_helper_assignments': 0,
 'no_return_calls': 0,
 'reachable_return_boundaries': 1,
 'unreachable_return_boundaries': 0,
 'synthetic_no_return_continuations_suppressed': 0,
 'statuses': {'helper_required': 4, 'metadata_only': 6, 'deferred_memory': 2},
 'categories': {'integer_arithmetic': 2,
                'conversion': 2,
                'memory': 2,
                'comparison': 2,
                'transport': 3,
                'phi_merge': 1},
 'helpers': {'c_add': 2, 'c_load': 2, 'c_eq': 2},
 'opcodes': {'INT_ADD': 2,
             'CAST': 2,
             'LOAD': 2,
             'INT_EQUAL': 2,
             'COPY': 3,
             'MULTIEQUAL': 1},
 'warnings': 0}

[WARNINGS]
[]

[METADATA-ONLY COMPUTE BOUNDARIES]
0x1016bd CAST ['v_229'] -> v_26 classification=same_width_explicit_recast
0x1016d7 CAST ['v_230'] -> v_90 classification=same_width_explicit_recast
0x1016ee MULTIEQUAL ['v_62', 'v_126', 'v_129'] -> v_183 classification=None

[HELPER-REQUIRED CONTRACTS]
0x1016bd INT_ADD v_229 helper=c_add widths=[64, 64]->64 overrides=0
0x1016bd INT_EQUAL v_46 helper=c_eq widths=[32, 32]->8 overrides=0
0x1016d7 INT_ADD v_230 helper=c_add widths=[64, 64]->64 overrides=0
0x1016d7 INT_EQUAL v_110 helper=c_eq widths=[32, 32]->8 overrides=0

[INDIRECT STORAGE-CUSTODY CONTRACTS]

[INDIRECT CUSTODY INVENTORY]
{'kind': 'pal_compute_indirect_custody_inventory_v22d',
 'version': 'v23b_abi_thunk_compatibility_return_reconciliation',
 'resolver_transitions': 0,
 'compute_indirect_contracts': 0,
 'resolved_custody': 0,
 'deferred_custody': 0,
 'effect_owner_compute_bindings': 0,
 'effect_owner_compute_ops': 0,
 'owner_categories': {},
 'storage_families': 0,
 'storage_sid_bindings': 0,
 'address_escape_barrier_sids': 0,
 'parameter_storage_initializers': 0,
 'runtime_helpers': 0,
 'warnings': 0,
 'rule': 'INDIRECT_is_metadata_only_owner_bound_storage_transition'}

[ABI-D ENTRY/CALL PLAN INVENTORY]
{'kind': 'pal_compute_abi_plan_inventory_v23',
 'version': 'v23b_abi_thunk_compatibility_return_reconciliation',
 'function': 'lander_exit_code',
 'entry_plan_present': True,
 'entry_plan_status': 'ready',
 'fixed_arguments': 1,
 'implicit_inputs': 0,
 'implicit_inputs_unsupported': 0,
 'call_compute_contracts': 0,
 'call_site_plans': 0,
 'call_sites_without_plan': 0,
 'call_statuses': {},
 'dispatch_classes': {},
 'internal_calls': 0,
 'internal_calls_with_target_compatible_plan': 0,
 'internal_calls_without_target_compatible_plan': 0,
 'internal_calls_with_deferred_target_compatibility': 0,
 'internal_calls_with_incompatible_target': 0,
 'internal_calls_without_transport_plan': 0,
 'external_calls': 0,
 'thunk_calls': 0,
 'external_via_thunk_calls': 0,
 'thunk_endpoint_deferred_calls': 0,
 'thunk_calls_misclassified_internal': 0,
 'target_compatibility_overclaims': 0,
 'no_return_calls': 0,
 'result_carrier_contracts': 0,
 'abi_runtime_helper_assignments': 0,
 'warnings': 0,
 'acceptance_gates': {'every_emitted_function_has_entry_plan': True,
                      'every_call_has_call_site_plan': True,
                      'every_internal_call_has_target_compatible_plan': True,
                      'every_internal_call_has_carrier_transport_plan': True,
                      'no_resolved_thunk_misclassified_internal': True,
                      'no_target_compatibility_overclaim': True,
                      'no_implicit_input_is_unsupported': True,
                      'no_runtime_helper_assigned_by_ABI_guesswork': True},
 'return_boundary_reconciliation': {'kind': 'pal_compute_return_boundary_reconciliation_v23b',
                                    'version': 'v23b_abi_thunk_compatibility_return_reconciliation',
                                    'function': 'lander_exit_code',
                                    'entry_block_addr': 1054397,
                                    'cfg_evidence_available': True,
                                    'no_return_terminating_blocks': [],
                                    'no_return_call_op_keys': [],
                                    'return_boundaries': 1,
                                    'reachable_return_boundaries': 1,
                                    'unreachable_return_boundaries': 0,
                                    'deferred_return_boundaries': 0,
                                    'reachable_return_widths': [64],
                                    'width_reconciled': True,
                                    'synthetic_no_return_continuations_suppressed': 0,
                                    'rule': 'traverse_CFG_with_no_return_blocks_as_terminal_then_reconcile_reachable_raw_return_transports_only'},
 'rule': 'ABI_A_B_C_authority_only_thunk_endpoint_and_compatibility_tri_state_no_downstream_argument_reinference'}

[FUNCTION ENTRY ABI PLAN]
{'plan_id': 'function_entry:1054397',
 'status': 'ready',
 'callable_signature_status': 'legacy_non_variadic_fallback',
 'fixed_argument_count': 1,
 'implicit_input_count': 0,
 'variadic_register_save_area': {'required': False,
                                 'status': 'not_required',
                                 'slots': [{'sid': 'v_209',
                                            'bank': 'gp',
                                            'index': 0,
                                            'register': 'RDI',
                                            'width_bits': 64,
                                            'canonical_alias': 'param_0',
                                            'owner_namespace': 'logical_parameter',
                                            'owner_role': 'callable_parameter_carrier',
                                            'materialization': 'capture_entry_register_bits',
                                            'source': 'abi_context.registers',
                                            'runtime_helper': None,
                                            'authority': 'PALSymbolResolver_ABI_C_physical_carrier_binding'}],
                                 'gp_slots': [{'sid': 'v_209',
                                               'bank': 'gp',
                                               'index': 0,
                                               'register': 'RDI',
                                               'width_bits': 64,
                                               'canonical_alias': 'param_0',
                                               'owner_namespace': 'logical_parameter',
                                               'owner_role': 'callable_parameter_carrier',
                                               'materialization': 'capture_entry_register_bits',
                                               'source': 'abi_context.registers',
                                               'runtime_helper': None,
                                               'authority': 'PALSymbolResolver_ABI_C_physical_carrier_binding'}],
                                 'sse_slots': [],
                                 'fixed_variadic_partition_status': 'deferred_to_entry_protocol_analysis',
                                 'source': 'abi_context.registers',
                                 'authority': 'ABI_C_carriers_plus_variadic_contract'},
 'overflow_argument_area': {'required': False,
                            'status': 'not_required',
                            'source': 'abi_context.overflow_argument_area',
                            'observed_stack_carriers': [],
                            'materialization': 'consume_preclassified_overflow_slots',
                            'offset_inference_allowed': False,
                            'authority': 'ABI_C_stack_carriers_or_variadic_protocol'},
 'variadic_al': {'required': False,
                 'status': 'not_required',
                 'source': 'abi_context.variadic_xmm_count',
                 'inputs': [],
                 'default_allowed': False,
                 'authority': 'ABI_C_variadic_xmm_count_contract'},
 'frame_base': {'required': False,
                'status': 'not_observed',
                'source': 'abi_context.frame_base',
                'inputs': [],
                'derive_from_parameter_names': False,
                'authority': 'ABI_C_frame_state_custody'},
 'tls_base': {'required': False,
              'status': 'not_observed',
              'source': 'abi_context.tls_base',
              'inputs': [],
              'derive_from_expression_names': False,
              'authority': 'ABI_C_tls_state_custody'},
 'return_contract': {'kind': 'pal_compute_return_carrier_contract_abi_d',
                     'version': 'v23b_abi_thunk_compatibility_return_reconciliation',
                     'status': 'return_width_proven_carrier_deferred',
                     'no_return': False,
                     'output_sid': None,
                     'output_width_bits': None,
                     'declared_width_bits': None,
                     'effective_result_width_bits': 64,
                     'declared_return': {'name': 'undefined',
                                         'display_name': 'undefined',
                                         'class_name': 'DefaultDataType',
                                         'length_bytes': 1,
                                         'width_bits': 8,
                                         'signed': None,
                                         'kind_hint': None},
                     'return_storage': {'repr': '<UNASSIGNED>',
                                        'size_bytes': 0,
                                        'flags': {'register': False,
                                                  'stack': False,
                                                  'memory': False,
                                                  'unassigned': True,
                                                  'void': False,
                                                  'auto': False},
                                        'pieces': [],
                                        'storage_keys': []},
                     'carrier_pieces': [],
                     'normalization': {'mode': 'mask_to_output_width',
                                       'width_bits': 64,
                                       'mask': 18446744073709551615},
                     'runtime_helper': None,
                     'runtime_helper_authority': 'no_ABI_runtime_helper_assigned',
                     'authority': 'reachable_raw_return_transport',
                     'reported_declared_width_bits': 8,
                     'declared_width_authoritative': False,
                     'declared_return_evidence_status': 'non_authoritative_default_or_unresolved_prototype',
                     'transport_width_bits': 64,
                     'logical_result_width_bits': 64,
                     'reachable_return_widths': [64],
                     'reachable_return_boundary_count': 1,
                     'unreachable_return_boundary_count': 0,
                     'deferred_return_boundary_count': 0},
 'reachable_return_boundaries': [{'block_addr': 1054446,
                                  'return_value_sid': 'v_183',
                                  'return_value_width_bits': 64,
                                  'return_transport_width_bits': 64,
                                  'return_logical_width_bits': 64,
                                  'return_declared_view': None,
                                  'return_boundary_authority': 'raw_return_register_transport',
                                  'return_reachability': 'reachable',
                                  'reachable_return': True,
                                  'execution_suppressed': False,
                                  'emission_policy': 'emit_reachable_return_boundary',
                                  'cut_by_no_return_blocks': [],
                                  'cut_by_no_return_call_op_keys': []}],
 'unreachable_return_boundaries': []}

[RETURN BOUNDARY RECONCILIATION]
{'kind': 'pal_compute_return_boundary_reconciliation_v23b',
 'version': 'v23b_abi_thunk_compatibility_return_reconciliation',
 'function': 'lander_exit_code',
 'entry_block_addr': 1054397,
 'cfg_evidence_available': True,
 'no_return_terminating_blocks': [],
 'no_return_call_op_keys': [],
 'return_boundaries': 1,
 'reachable_return_boundaries': 1,
 'unreachable_return_boundaries': 0,
 'deferred_return_boundaries': 0,
 'reachable_return_widths': [64],
 'width_reconciled': True,
 'synthetic_no_return_continuations_suppressed': 0,
 'rule': 'traverse_CFG_with_no_return_blocks_as_terminal_then_reconcile_reachable_raw_return_transports_only'}

[CALL SITE ABI PLANS]
===== END PAL COMPUTE ANALYZER =====


=========== SGL EXECUTION TREE ===========

sequence
  block [0x1016bd]
  if [cond=(v_29 == 0)]
    then
      block [0x1016d7]
      if [cond=(v_93 == 0)]
        then
          sequence
            block [0x1016e9]
        else
          sequence
            block [0x1016e2]
    else
      sequence
        block [0x1016d0]
  sequence
    block [0x1016ee]

=========== END TREE ===========

[SGL EXEC TREE PERSISTED] path=/home/rem/gh/PAL/pyghidra-PAL/PAL/PAL_logs/f_00000000001016bd_lander_exit_code.sgl.exec_tree.log mode=append temporary=False delete_on_completion=False

[PHI DROP-INS]
------------------------------------------------------------
pred=0x1016d0 -> join=0x1016ee :: v_183 = v_62
pred=0x1016e2 -> join=0x1016ee :: v_183 = v_126
pred=0x1016e9 -> join=0x1016ee :: v_183 = v_129
------------------------------------------------------------
{'active': True,
 'bound_plans': 12,
 'control_contracts_forwarded': 5,
 'input_op_contracts': 12,
 'input_plans': 12,
 'kind': 'phi_compute_consumer_inventory_v21',
 'outputless_contracts_forwarded': 0,
 'phi_merge_contracts': 1,
 'phi_transition_contracts': 3,
 'preserved_compute_boundaries': 9,
 'preserved_deferred_contracts': 2,
 'preserved_outputless_boundaries': 0,
 'preserved_outputless_deferred_contracts': 0,
 'preserved_outputless_helpers': 0,
 'preserved_runtime_helpers': 6,
 'rule': 'preserve_PALCompute_authority_remap_execution_destination_only',
 'state_alias_bindings': 0,
 'transition_owners': {'predecessor_phi_dropin': 3},
 'version': 'v21_compute_contract_consumers',
 'warnings': 0}
[]
          OK -> functions.f_00000000001016bd_lander_exit_code
[21/30] decompile Global::main @ 0x1016f0

===== CFG DEBUG =====

[EDGES]
0x1016f0 -> 0x101764  uncond raw=uncond role=uncond pol=unknown inv=None edge=cfg-edge-v1:0x1016f0->0x101764 direct_join=False
0x10171b -> 0x101745  true raw=true role=raw_true_explicit_target pol=fallthrough inv=True edge=cfg-edge-v1:0x10171b->0x101745 direct_join=False
0x10171b -> 0x10173c  false raw=false role=raw_false_fallthrough pol=fallthrough inv=False edge=cfg-edge-v1:0x10171b->0x10173c direct_join=False
0x10173c -> 0x10176a  uncond raw=uncond role=uncond pol=unknown inv=None edge=cfg-edge-v1:0x10173c->0x10176a direct_join=False
0x101745 -> 0x10174d  true raw=true role=raw_true_explicit_target pol=target inv=False edge=cfg-edge-v1:0x101745->0x10174d direct_join=False
0x101745 -> 0x101764  backedge raw=false role=latch_to_header pol=target inv=True edge=cfg-edge-v1:0x101745->0x101764 direct_join=True
0x10174d -> 0x101764  backedge raw=uncond role=latch_to_header pol=unknown inv=None edge=cfg-edge-v1:0x10174d->0x101764 direct_join=False
0x101764 -> 0x10171b  true raw=true role=raw_true_explicit_target pol=fallthrough inv=True edge=cfg-edge-v1:0x101764->0x10171b direct_join=False
0x101764 -> 0x10176a  false raw=false role=raw_false_fallthrough pol=fallthrough inv=False edge=cfg-edge-v1:0x101764->0x10176a direct_join=True

[BRANCH RESOLUTION EVENTS]
{'kind': 'binary_branch_truth_bound_by_evidence_class_v21d', 'src': 1054564, 'first_dst': 1054491, 'second_dst': 1054570, 'hf_target': 1054491, 'hf_normalized_target': 1054491, 'direct_dst': 1054570, 'first_invert': True, 'second_invert': False, 'condition_truth_authority': 'raw_jcc_hf_relation_direct_flags', 'reason': 'branch_truth_evidence_v21d hf_target=0x10171b raw_target=0x10171b raw_fallthrough=0x10176a legacy_hint=(mnemonic=JNZ hf_cond_opcode=INT_EQUAL) class=direct_flags', 'relation_evidence': {'version': 'ordered_relation_algebra_v23e', 'status': 'unresolved', 'mnemonic': 'JNZ', 'raw_relation': None, 'raw_domain': None, 'hf_opcode': 'INT_EQUAL', 'hf_relation': None, 'hf_domain': None, 'operand_profile': {'status': 'unresolved', 'reason': 'constant_threshold_requires_exact_value_custody', 'operand_count': 2, 'left_sid': 'v_1090', 'right_sid': 'c_0_4', 'left_identity': ('high', 'high_rep:909'), 'right_identity': ('constant', 32, 0), 'left_width_bits': 32, 'right_width_bits': 32, 'left_constant': False, 'right_constant': True}, 'operand_orientation': None, 'relation_to_hf': None, 'invert_for_target': None, 'invert_for_fallthrough': None, 'reason': 'ordered_relation_family_not_applicable', 'legacy_hint_resolved': True, 'selected_as_authority': False}, 'boolean_carrier_evidence': {'status': 'proven_boolean', 'reason': 'comparison_result_is_boolean', 'root_opcode': 'INT_EQUAL', 'contains_multiequal': False, 'depth': 0}}
{'kind': 'binary_branch_truth_bound_by_evidence_class_v21d', 'src': 1054491, 'first_dst': 1054533, 'second_dst': 1054524, 'hf_target': 1054533, 'hf_normalized_target': 1054533, 'direct_dst': 1054524, 'first_invert': True, 'second_invert': False, 'condition_truth_authority': 'raw_jcc_hf_relation_direct_flags', 'reason': 'branch_truth_evidence_v21d hf_target=0x101745 raw_target=0x101745 raw_fallthrough=0x10173c legacy_hint=(mnemonic=JNZ hf_cond_opcode=INT_EQUAL) class=direct_flags', 'relation_evidence': {'version': 'ordered_relation_algebra_v23e', 'status': 'unresolved', 'mnemonic': 'JNZ', 'raw_relation': None, 'raw_domain': None, 'hf_opcode': 'INT_EQUAL', 'hf_relation': None, 'hf_domain': None, 'operand_profile': {'status': 'unresolved', 'reason': 'constant_threshold_requires_exact_value_custody', 'operand_count': 2, 'left_sid': 'v_836', 'right_sid': 'c_0_4', 'left_identity': ('high', 'high_rep:910'), 'right_identity': ('constant', 32, 0), 'left_width_bits': 32, 'right_width_bits': 32, 'left_constant': False, 'right_constant': True}, 'operand_orientation': None, 'relation_to_hf': None, 'invert_for_target': None, 'invert_for_fallthrough': None, 'reason': 'ordered_relation_family_not_applicable', 'legacy_hint_resolved': True, 'selected_as_authority': False}, 'boolean_carrier_evidence': {'status': 'proven_boolean', 'reason': 'comparison_result_is_boolean', 'root_opcode': 'INT_EQUAL', 'contains_multiequal': False, 'depth': 0}}
{'kind': 'binary_branch_truth_bound_by_evidence_class_v21d', 'src': 1054533, 'first_dst': 1054541, 'second_dst': 1054564, 'hf_target': 1054541, 'hf_normalized_target': 1054541, 'direct_dst': 1054541, 'first_invert': False, 'second_invert': True, 'condition_truth_authority': 'raw_jcc_hf_relation_direct_flags', 'reason': 'branch_truth_evidence_v21d hf_target=0x10174d raw_target=0x10174d raw_fallthrough=0x101764 legacy_hint=(mnemonic=JNS hf_cond_opcode=INT_SLESS hf_sign_shape=nonnegative) class=direct_flags', 'relation_evidence': {'version': 'ordered_relation_algebra_v23e', 'status': 'unresolved', 'mnemonic': 'JNS', 'raw_relation': None, 'raw_domain': None, 'hf_opcode': 'INT_SLESS', 'hf_relation': 'LT', 'hf_domain': 'signed', 'operand_profile': {'status': 'unresolved', 'reason': 'constant_threshold_requires_exact_value_custody', 'operand_count': 2, 'left_sid': 'c_4294967295_4', 'right_sid': 'v_836', 'left_identity': ('constant', 32, 4294967295), 'right_identity': ('high', 'high_rep:910'), 'left_width_bits': 32, 'right_width_bits': 32, 'left_constant': True, 'right_constant': False}, 'operand_orientation': None, 'relation_to_hf': None, 'invert_for_target': None, 'invert_for_fallthrough': None, 'reason': 'ordered_relation_family_not_applicable', 'legacy_hint_resolved': True, 'selected_as_authority': False}, 'boolean_carrier_evidence': {'status': 'proven_boolean', 'reason': 'comparison_result_is_boolean', 'root_opcode': 'INT_SLESS', 'contains_multiequal': False, 'depth': 0}}

[EDGE IDENTITY v23 / BOHDI EMPEROR]
{'kind': 'cfg_edge_identity_inventory_v23', 'version': 'FunctionCFG_v23e_clothed_emperor_cfg_truth', 'id_schema': 'cfg_edge_identity_v1', 'canonical_identity': '(src_addr,dst_addr)', 'edges': 9, 'unique_edge_keys': 9, 'binary_cbranch_edges': 6, 'direct_join_edges': 2, 'direct_join_branch_arm_edges': 1, 'direct_join_loop_exit_edges': 1, 'direct_join_empty_arm_candidates': 1, 'warnings': 0, 'topology_mutations': 0, 'polarity_mutations': 0, 'rule': 'freeze_repaired_CFG_edge_identity_then_mark_exact_binary_CBRANCH_edge_to_IPDOM'}
{'edge_id': [1054533, 1054564], 'edge_key': 'cfg-edge-v1:0x101745->0x101764', 'branch_owner_addr': 1054533, 'join_addr': 1054564, 'branch_role': 'false', 'authority': 'FunctionCFG_repaired_topology_plus_IPDOM_v23'}
{'edge_id': [1054564, 1054570], 'edge_key': 'cfg-edge-v1:0x101764->0x10176a', 'branch_owner_addr': 1054564, 'join_addr': 1054570, 'branch_role': 'false', 'authority': 'FunctionCFG_repaired_topology_plus_IPDOM_v23'}

[IPDOM]
0x1016f0 -> ipdom: 0x101764
0x10171b -> ipdom: 0x10176a
0x10173c -> ipdom: 0x10176a
0x101745 -> ipdom: 0x101764
0x10174d -> ipdom: 0x101764
0x101764 -> ipdom: 0x10176a
0x10176a -> ipdom: None

[BACKEDGES]
0x101745 -> 0x101764
0x10174d -> 0x101764

=====================

===== PAL RESOLVER INDIRECT STORAGE v22c =====

[INVENTORY]
{'active': True,
 'address_tied_families': 5,
 'custody_transitions': 25,
 'effect_owner_groups': 6,
 'escape_barrier_sids': 37,
 'input_contracts': 25,
 'kind': 'resolver_indirect_storage_inventory_v22c',
 'machine_state_families': 0,
 'machine_state_sids': 0,
 'owner_categories': {'call_boundary': 25},
 'parameter_initializers': 0,
 'persistent_families': 0,
 'rule': 'HighVariable_identity_families_plus_address_escape_alias_barrier',
 'runtime_order': 'CFG_governed_not_linearized',
 'storage_families': 5,
 'version': 'v22c_indirect_storage_families',
 'warnings': 0}

[STORAGE FAMILIES]
{'address_tied': True,
 'classification': 'address_tied_c_storage',
 'entry_sids': ['v_1129', 'v_1003'],
 'family_id': 'storage_family:high_rep:1129',
 'high_identity_key': 'high_rep:1129',
 'high_name': 'local_28',
 'member_sids': ['v_1129', 'v_981', 'v_1003', 'v_985', 'v_989', 'v_993'],
 'parameter_initializers': 0,
 'persistent': False,
 'transitions': 4}
{'address_tied': True,
 'classification': 'address_tied_c_storage',
 'entry_sids': ['v_1130', 'v_1034', 'v_1038'],
 'family_id': 'storage_family:high_rep:1130',
 'high_identity_key': 'high_rep:1130',
 'high_name': 'local_20',
 'member_sids': ['v_1130',
                 'v_1012',
                 'v_1034',
                 'v_1016',
                 'v_1020',
                 'v_1038',
                 'v_1028',
                 'v_1032',
                 'v_1024'],
 'parameter_initializers': 0,
 'persistent': False,
 'transitions': 6}
{'address_tied': True,
 'classification': 'address_tied_c_storage',
 'entry_sids': ['v_972', 'v_976'],
 'family_id': 'storage_family:high_rep:908',
 'high_identity_key': 'high_rep:908',
 'high_name': 'local_3c',
 'member_sids': ['v_972', 'v_958', 'v_961', 'v_976', 'v_967', 'v_970', 'v_964'],
 'parameter_initializers': 0,
 'persistent': False,
 'transitions': 5}
{'address_tied': True,
 'classification': 'address_tied_c_storage',
 'entry_sids': ['v_1090', 'v_1094'],
 'family_id': 'storage_family:high_rep:909',
 'high_identity_key': 'high_rep:909',
 'high_name': 'local_c',
 'member_sids': ['v_1090',
                 'v_1076',
                 'v_1079',
                 'v_1094',
                 'v_1085',
                 'v_1088',
                 'v_1082'],
 'parameter_initializers': 0,
 'persistent': False,
 'transitions': 5}
{'address_tied': True,
 'classification': 'address_tied_c_storage',
 'entry_sids': ['v_1065', 'v_1069', 'v_836'],
 'family_id': 'storage_family:high_rep:910',
 'high_identity_key': 'high_rep:910',
 'high_name': 'local_10',
 'member_sids': ['v_1065',
                 'v_1047',
                 'v_1051',
                 'v_1069',
                 'v_1059',
                 'v_1063',
                 'v_836',
                 'v_1055'],
 'parameter_initializers': 0,
 'persistent': False,
 'transitions': 5}

[PARAMETER INITIALIZERS / STORAGE WRITES]
[]

[WARNINGS]
[]
===== END PAL RESOLVER INDIRECT STORAGE =====

========================================================================
PALRAW AUDIT v0.3 :: raw instruction BLOCK p-code vs HF/PAL CFG
========================================================================

--- 0x10127f ---
Raw block  : 0x10127f -> next 0x1016f0
Instr count: 0
Terminal   : None None
Raw succs  : []
Norm succs : None
HF block   : None
CFG edges  : []
STATUS     : no_hf_block
NOTE       : No PAL/HighFunction block mapped to this address.
Raw instructions:
Terminal raw p-code:
HF/PAL ops :

--- 0x1011b6 ---
Raw block  : 0x1011b6 -> next 0x1016f0
Instr count: 0
Terminal   : None None
Raw succs  : []
Norm succs : None
HF block   : None
CFG edges  : []
STATUS     : no_hf_block
NOTE       : No PAL/HighFunction block mapped to this address.
Raw instructions:
Terminal raw p-code:
HF/PAL ops :

--- 0x101219 ---
Raw block  : 0x101219 -> next 0x1016f0
Instr count: 8
Terminal   : 0x10122d JNZ 0x00101240
Raw succs  : ['0x101240', '0x10122f']
Norm succs : None
HF block   : None
CFG edges  : []
STATUS     : no_hf_block
NOTE       : No PAL/HighFunction block mapped to this address.
Raw instructions:
   0x101219  PUSH RBP
   0x10121a  MOV RBP,RSP
   0x10121d  SUB RSP,0x10
   0x101221  MOV dword ptr [RBP + -0x4],EDI
   0x101224  MOV dword ptr [RBP + -0x8],ESI
   0x101227  MOV EAX,dword ptr [RBP + -0x4]
   0x10122a  CMP EAX,dword ptr [RBP + -0x8]
   0x10122d  JNZ 0x00101240
Terminal raw p-code:
    (unique, 0x24f00, 1) BOOL_NEGATE (register, 0x206, 1)
     ---  CBRANCH (ram, 0x101240, 8) , (unique, 0x24f00, 1)
HF/PAL ops :

--- 0x10120f ---
Raw block  : 0x10120f -> next 0x1016f0
Instr count: 0
Terminal   : None None
Raw succs  : []
Norm succs : None
HF block   : None
CFG edges  : []
STATUS     : no_hf_block
NOTE       : No PAL/HighFunction block mapped to this address.
Raw instructions:
Terminal raw p-code:
HF/PAL ops :

--- 0x101221 ---
Raw block  : 0x101221 -> next 0x1016f0
Instr count: 5
Terminal   : 0x10122d JNZ 0x00101240
Raw succs  : ['0x101240', '0x10122f']
Norm succs : None
HF block   : None
CFG edges  : []
STATUS     : no_hf_block
NOTE       : No PAL/HighFunction block mapped to this address.
Raw instructions:
   0x101221  MOV dword ptr [RBP + -0x4],EDI
   0x101224  MOV dword ptr [RBP + -0x8],ESI
   0x101227  MOV EAX,dword ptr [RBP + -0x4]
   0x10122a  CMP EAX,dword ptr [RBP + -0x8]
   0x10122d  JNZ 0x00101240
Terminal raw p-code:
    (unique, 0x24f00, 1) BOOL_NEGATE (register, 0x206, 1)
     ---  CBRANCH (ram, 0x101240, 8) , (unique, 0x24f00, 1)
HF/PAL ops :

--- 0x101284 ---
Raw block  : 0x101284 -> next 0x1016f0
Instr count: 27
Terminal   : 0x1012f4 JMP 0x00101309
Raw succs  : ['0x101309']
Norm succs : None
HF block   : None
CFG edges  : []
STATUS     : no_hf_block
NOTE       : No PAL/HighFunction block mapped to this address.
Raw instructions:
   0x101284  MOV RDI,RAX
   0x101287  CALL 0x00101030
   0x10128c  LEA RAX,[0x1020b0]
   0x101293  MOV RDI,RAX
   0x101296  CALL 0x00101030
   0x10129b  LEA RAX,[0x102048]
   0x1012a2  MOV RDI,RAX
   0x1012a5  CALL 0x00101030
   0x1012aa  MOV RAX,qword ptr [RBP + -0x18]
   0x1012ae  MOV ESI,dword ptr [RAX + 0x8]
   0x1012b1  MOV RAX,qword ptr [RBP + -0x18]
   0x1012b5  MOV ECX,dword ptr [RAX + 0x4]
   0x1012b8  MOV RAX,qword ptr [RBP + -0x18]
   0x1012bc  MOV EDX,dword ptr [RAX]
   0x1012be  MOV RAX,qword ptr [RBP + -0x18]
   0x1012c2  MOV EAX,dword ptr [RAX + 0xc]
   0x1012c5  MOV R8D,ESI
   0x1012c8  MOV ESI,EAX
   0x1012ca  LEA RAX,[0x1020e0]
   0x1012d1  MOV RDI,RAX
   0x1012d4  MOV EAX,0x0
   0x1012d9  CALL 0x00101040
   0x1012de  LEA RAX,[0x102118]
   0x1012e5  MOV RDI,RAX
   0x1012e8  CALL 0x00101030
   0x1012ed  MOV dword ptr [RBP + -0x4],0x0
   0x1012f4  JMP 0x00101309
Terminal raw p-code:
     ---  BRANCH (ram, 0x101309, 8)
HF/PAL ops :

--- 0x10127f ---
Raw block  : 0x10127f -> next 0x1016f0
Instr count: 0
Terminal   : None None
Raw succs  : []
Norm succs : None
HF block   : None
CFG edges  : []
STATUS     : no_hf_block
NOTE       : No PAL/HighFunction block mapped to this address.
Raw instructions:
Terminal raw p-code:
HF/PAL ops :

========================================================================

===== PAL COMPUTE ANALYZER =====
{'kind': 'pal_compute_inventory_v22',
 'version': 'v23b_abi_thunk_compatibility_return_reconciliation',
 'runtime_representation': 'raw_unsigned_bitvector_at_ssa_boundaries',
 'operations': 54,
 'output_plans': 49,
 'control_contracts': 6,
 'c_compute_filtered': 53,
 'use_site_overrides': 0,
 'return_observation_view_mismatches': 0,
 'storage_custody_related_ops': 44,
 'indirect_custody_contracts': 25,
 'indirect_custody_resolved': 25,
 'indirect_custody_deferred': 0,
 'indirect_effect_owner_compute_ops': 6,
 'storage_family_bindings': 37,
 'function_entry_abi_plan': True,
 'call_site_abi_plans': 6,
 'internal_call_plan_failures': 6,
 'unsupported_implicit_inputs': 0,
 'abi_runtime_helper_assignments': 0,
 'no_return_calls': 0,
 'reachable_return_boundaries': 1,
 'unreachable_return_boundaries': 0,
 'synthetic_no_return_continuations_suppressed': 0,
 'statuses': {'deferred_memory': 6,
              'metadata_only': 39,
              'deferred_external': 6,
              'helper_required': 3},
 'categories': {'pointer_arithmetic': 6,
                'storage_custody': 25,
                'call_boundary': 6,
                'transport': 5,
                'phi_merge': 9,
                'comparison': 3},
 'helpers': {'c_ptrsub': 6, 'c_eq': 2, 'c_slt': 1},
 'opcodes': {'PTRSUB': 6,
             'INDIRECT': 25,
             'CALL': 6,
             'COPY': 5,
             'MULTIEQUAL': 9,
             'INT_EQUAL': 2,
             'INT_SLESS': 1},
 'warnings': 0}

[WARNINGS]
[]

[METADATA-ONLY COMPUTE BOUNDARIES]
0x1016f0 INDIRECT ['v_1129', 'c_18_4'] -> v_981 classification=None
0x1016f0 INDIRECT ['v_1130', 'c_18_4'] -> v_1012 classification=None
0x1016f0 COPY ['c_0_4'] -> v_908 classification=same_width_copy_recast
0x1016f0 COPY ['c_1_4'] -> v_909 classification=same_width_copy_recast
0x1016f0 COPY ['c_1_4'] -> v_910 classification=same_width_copy_recast
0x101764 MULTIEQUAL ['v_909', 'v_923', 'v_1079'] -> v_1090 classification=None
0x101764 MULTIEQUAL ['v_910', 'v_1055', 'v_836'] -> v_1065 classification=None
0x101764 MULTIEQUAL ['v_1012', 'v_1024', 'v_1020'] -> v_1034 classification=None
0x101764 MULTIEQUAL ['v_981', 'v_993', 'v_989'] -> v_1003 classification=None
0x101764 MULTIEQUAL ['v_908', 'v_964', 'v_961'] -> v_972 classification=None
0x10171b INDIRECT ['v_972', 'c_66_4'] -> v_958 classification=None
0x10171b INDIRECT ['v_1003', 'c_66_4'] -> v_985 classification=None
0x10171b INDIRECT ['v_1034', 'c_66_4'] -> v_1016 classification=None
0x10171b INDIRECT ['v_1065', 'c_66_4'] -> v_1047 classification=None
0x10171b INDIRECT ['v_1090', 'c_66_4'] -> v_1076 classification=None
0x10171b INDIRECT ['v_958', 'c_72_4'] -> v_961 classification=None
0x10171b INDIRECT ['v_985', 'c_72_4'] -> v_989 classification=None
0x10171b INDIRECT ['v_1016', 'c_72_4'] -> v_1020 classification=None
0x10171b INDIRECT ['v_1047', 'c_72_4'] -> v_1051 classification=None
0x10171b INDIRECT ['v_1076', 'c_72_4'] -> v_1079 classification=None
0x10176a MULTIEQUAL ['v_1090', 'v_1079'] -> v_1094 classification=None
0x10176a MULTIEQUAL ['v_1065', 'v_836'] -> v_1069 classification=None
0x10176a MULTIEQUAL ['v_1034', 'v_917'] -> v_1038 classification=None
0x10176a MULTIEQUAL ['v_972', 'v_961'] -> v_976 classification=None
0x10176a INDIRECT ['v_976', 'c_48_4'] -> v_967 classification=None
0x10176a INDIRECT ['v_1038', 'c_48_4'] -> v_1028 classification=None
0x10176a INDIRECT ['v_1069', 'c_48_4'] -> v_1059 classification=None
0x10176a INDIRECT ['v_1094', 'c_48_4'] -> v_1085 classification=None
0x10176a INDIRECT ['v_967', 'c_54_4'] -> v_970 classification=None
0x10176a INDIRECT ['v_1028', 'c_54_4'] -> v_1032 classification=None
0x10176a INDIRECT ['v_1059', 'c_54_4'] -> v_1063 classification=None
0x10176a INDIRECT ['v_1085', 'c_54_4'] -> v_1088 classification=None
0x10174d INDIRECT ['v_961', 'c_120_4'] -> v_964 classification=None
0x10174d INDIRECT ['v_989', 'c_120_4'] -> v_993 classification=None
0x10174d INDIRECT ['v_1020', 'c_120_4'] -> v_1024 classification=None
0x10174d INDIRECT ['v_836', 'c_120_4'] -> v_1055 classification=None
0x10174d INDIRECT ['v_1079', 'c_120_4'] -> v_1082 classification=None
0x10174d COPY ['v_993'] -> v_923 classification=bit_preserving_copy

[HELPER-REQUIRED CONTRACTS]
0x101764 INT_EQUAL v_96 helper=c_eq widths=[32, 32]->8 overrides=0
0x10171b INT_EQUAL v_217 helper=c_eq widths=[32, 32]->8 overrides=0
0x101745 INT_SLESS v_261 helper=c_slt widths=[32, 32]->8 overrides=0

[INDIRECT STORAGE-CUSTODY CONTRACTS]
0x1016f0 v_1129 -> v_981 family=storage_family:high_rep:1129 owner=CALL/0x12 owner_compute=1054448:(ram, 0x1016ff, 18, 3):3 status=metadata_only
0x1016f0 v_1130 -> v_1012 family=storage_family:high_rep:1130 owner=CALL/0x12 owner_compute=1054448:(ram, 0x1016ff, 18, 3):3 status=metadata_only
0x10171b v_972 -> v_958 family=storage_family:high_rep:908 owner=CALL/0x42 owner_compute=1054491:(ram, 0x101722, 66, 6):6 status=metadata_only
0x10171b v_1003 -> v_985 family=storage_family:high_rep:1129 owner=CALL/0x42 owner_compute=1054491:(ram, 0x101722, 66, 6):6 status=metadata_only
0x10171b v_1034 -> v_1016 family=storage_family:high_rep:1130 owner=CALL/0x42 owner_compute=1054491:(ram, 0x101722, 66, 6):6 status=metadata_only
0x10171b v_1065 -> v_1047 family=storage_family:high_rep:910 owner=CALL/0x42 owner_compute=1054491:(ram, 0x101722, 66, 6):6 status=metadata_only
0x10171b v_1090 -> v_1076 family=storage_family:high_rep:909 owner=CALL/0x42 owner_compute=1054491:(ram, 0x101722, 66, 6):6 status=metadata_only
0x10171b v_958 -> v_961 family=storage_family:high_rep:908 owner=CALL/0x48 owner_compute=1054491:(ram, 0x10172e, 72, 13):13 status=metadata_only
0x10171b v_985 -> v_989 family=storage_family:high_rep:1129 owner=CALL/0x48 owner_compute=1054491:(ram, 0x10172e, 72, 13):13 status=metadata_only
0x10171b v_1016 -> v_1020 family=storage_family:high_rep:1130 owner=CALL/0x48 owner_compute=1054491:(ram, 0x10172e, 72, 13):13 status=metadata_only
0x10171b v_1047 -> v_1051 family=storage_family:high_rep:910 owner=CALL/0x48 owner_compute=1054491:(ram, 0x10172e, 72, 13):13 status=metadata_only
0x10171b v_1076 -> v_1079 family=storage_family:high_rep:909 owner=CALL/0x48 owner_compute=1054491:(ram, 0x10172e, 72, 13):13 status=metadata_only
0x10176a v_976 -> v_967 family=storage_family:high_rep:908 owner=CALL/0x30 owner_compute=1054570:(ram, 0x101771, 48, 9):9 status=metadata_only
0x10176a v_1038 -> v_1028 family=storage_family:high_rep:1130 owner=CALL/0x30 owner_compute=1054570:(ram, 0x101771, 48, 9):9 status=metadata_only
0x10176a v_1069 -> v_1059 family=storage_family:high_rep:910 owner=CALL/0x30 owner_compute=1054570:(ram, 0x101771, 48, 9):9 status=metadata_only
0x10176a v_1094 -> v_1085 family=storage_family:high_rep:909 owner=CALL/0x30 owner_compute=1054570:(ram, 0x101771, 48, 9):9 status=metadata_only
0x10176a v_967 -> v_970 family=storage_family:high_rep:908 owner=CALL/0x36 owner_compute=1054570:(ram, 0x10177d, 54, 15):15 status=metadata_only
0x10176a v_1028 -> v_1032 family=storage_family:high_rep:1130 owner=CALL/0x36 owner_compute=1054570:(ram, 0x10177d, 54, 15):15 status=metadata_only
0x10176a v_1059 -> v_1063 family=storage_family:high_rep:910 owner=CALL/0x36 owner_compute=1054570:(ram, 0x10177d, 54, 15):15 status=metadata_only
0x10176a v_1085 -> v_1088 family=storage_family:high_rep:909 owner=CALL/0x36 owner_compute=1054570:(ram, 0x10177d, 54, 15):15 status=metadata_only
0x10174d v_961 -> v_964 family=storage_family:high_rep:908 owner=CALL/0x78 owner_compute=1054541:(ram, 0x101759, 120, 6):6 status=metadata_only
0x10174d v_989 -> v_993 family=storage_family:high_rep:1129 owner=CALL/0x78 owner_compute=1054541:(ram, 0x101759, 120, 6):6 status=metadata_only
0x10174d v_1020 -> v_1024 family=storage_family:high_rep:1130 owner=CALL/0x78 owner_compute=1054541:(ram, 0x101759, 120, 6):6 status=metadata_only
0x10174d v_836 -> v_1055 family=storage_family:high_rep:910 owner=CALL/0x78 owner_compute=1054541:(ram, 0x101759, 120, 6):6 status=metadata_only
0x10174d v_1079 -> v_1082 family=storage_family:high_rep:909 owner=CALL/0x78 owner_compute=1054541:(ram, 0x101759, 120, 6):6 status=metadata_only

[INDIRECT CUSTODY INVENTORY]
{'kind': 'pal_compute_indirect_custody_inventory_v22d',
 'version': 'v23b_abi_thunk_compatibility_return_reconciliation',
 'resolver_transitions': 25,
 'compute_indirect_contracts': 25,
 'resolved_custody': 25,
 'deferred_custody': 0,
 'effect_owner_compute_bindings': 25,
 'effect_owner_compute_ops': 6,
 'owner_categories': {'call_boundary': 25},
 'storage_families': 5,
 'storage_sid_bindings': 37,
 'address_escape_barrier_sids': 37,
 'parameter_storage_initializers': 0,
 'runtime_helpers': 0,
 'warnings': 0,
 'rule': 'INDIRECT_is_metadata_only_owner_bound_storage_transition'}

[ABI-D ENTRY/CALL PLAN INVENTORY]
{'kind': 'pal_compute_abi_plan_inventory_v23',
 'version': 'v23b_abi_thunk_compatibility_return_reconciliation',
 'function': 'main',
 'entry_plan_present': True,
 'entry_plan_status': 'ready',
 'fixed_arguments': 0,
 'implicit_inputs': 1,
 'implicit_inputs_unsupported': 0,
 'call_compute_contracts': 6,
 'call_site_plans': 6,
 'call_sites_without_plan': 0,
 'call_statuses': {'ready': 6},
 'dispatch_classes': {'internal_resolved': 6},
 'internal_calls': 6,
 'internal_calls_with_target_compatible_plan': 0,
 'internal_calls_without_target_compatible_plan': 6,
 'internal_calls_with_deferred_target_compatibility': 6,
 'internal_calls_with_incompatible_target': 0,
 'internal_calls_without_transport_plan': 0,
 'external_calls': 0,
 'thunk_calls': 0,
 'external_via_thunk_calls': 0,
 'thunk_endpoint_deferred_calls': 0,
 'thunk_calls_misclassified_internal': 0,
 'target_compatibility_overclaims': 0,
 'no_return_calls': 0,
 'result_carrier_contracts': 6,
 'abi_runtime_helper_assignments': 0,
 'warnings': 0,
 'acceptance_gates': {'every_emitted_function_has_entry_plan': True,
                      'every_call_has_call_site_plan': True,
                      'every_internal_call_has_target_compatible_plan': False,
                      'every_internal_call_has_carrier_transport_plan': True,
                      'no_resolved_thunk_misclassified_internal': True,
                      'no_target_compatibility_overclaim': True,
                      'no_implicit_input_is_unsupported': True,
                      'no_runtime_helper_assigned_by_ABI_guesswork': True},
 'return_boundary_reconciliation': {'kind': 'pal_compute_return_boundary_reconciliation_v23b',
                                    'version': 'v23b_abi_thunk_compatibility_return_reconciliation',
                                    'function': 'main',
                                    'entry_block_addr': 1054448,
                                    'cfg_evidence_available': True,
                                    'no_return_terminating_blocks': [],
                                    'no_return_call_op_keys': [],
                                    'return_boundaries': 1,
                                    'reachable_return_boundaries': 1,
                                    'unreachable_return_boundaries': 0,
                                    'deferred_return_boundaries': 0,
                                    'reachable_return_widths': [64],
                                    'width_reconciled': True,
                                    'synthetic_no_return_continuations_suppressed': 0,
                                    'rule': 'traverse_CFG_with_no_return_blocks_as_terminal_then_reconcile_reachable_raw_return_transports_only'},
 'rule': 'ABI_A_B_C_authority_only_thunk_endpoint_and_compatibility_tri_state_no_downstream_argument_reinference'}

[FUNCTION ENTRY ABI PLAN]
{'plan_id': 'function_entry:1054448',
 'status': 'ready',
 'callable_signature_status': 'legacy_non_variadic_fallback',
 'fixed_argument_count': 0,
 'implicit_input_count': 1,
 'variadic_register_save_area': {'required': False,
                                 'status': 'not_required',
                                 'slots': [],
                                 'gp_slots': [],
                                 'sse_slots': [],
                                 'fixed_variadic_partition_status': 'deferred_to_entry_protocol_analysis',
                                 'source': 'abi_context.registers',
                                 'authority': 'ABI_C_carriers_plus_variadic_contract'},
 'overflow_argument_area': {'required': False,
                            'status': 'not_required',
                            'source': 'abi_context.overflow_argument_area',
                            'observed_stack_carriers': [],
                            'materialization': 'consume_preclassified_overflow_slots',
                            'offset_inference_allowed': False,
                            'authority': 'ABI_C_stack_carriers_or_variadic_protocol'},
 'variadic_al': {'required': False,
                 'status': 'not_required',
                 'source': 'abi_context.variadic_xmm_count',
                 'inputs': [],
                 'default_allowed': False,
                 'authority': 'ABI_C_variadic_xmm_count_contract'},
 'frame_base': {'required': True,
                'status': 'runtime_abi_context_required',
                'source': 'abi_context.frame_base',
                'inputs': [{'kind': 'pal_compute_implicit_input_materialization_abi_d',
                            'version': 'v23b_abi_thunk_compatibility_return_reconciliation',
                            'sid': 'v_793',
                            'canonical_alias': 'abi_stack_pointer',
                            'role': 'stack_pointer',
                            'custody_class': 'frame_state',
                            'width_bits': 64,
                            'register': {'name': 'RSP',
                                         'base_name': 'RSP',
                                         'size_bytes': 8,
                                         'repr': 'RSP'},
                            'destination': 'abi_context.stack_pointer',
                            'materialization': 'read_from_runtime_abi_context',
                            'status': 'runtime_context_required',
                            'unsupported': False,
                            'runtime_helper': None,
                            'authority': 'PALSymbolResolver_ABI_C_implicit_input_contract'}],
                'derive_from_parameter_names': False,
                'authority': 'ABI_C_frame_state_custody'},
 'tls_base': {'required': False,
              'status': 'not_observed',
              'source': 'abi_context.tls_base',
              'inputs': [],
              'derive_from_expression_names': False,
              'authority': 'ABI_C_tls_state_custody'},
 'return_contract': {'kind': 'pal_compute_return_carrier_contract_abi_d',
                     'version': 'v23b_abi_thunk_compatibility_return_reconciliation',
                     'status': 'return_width_proven_carrier_deferred',
                     'no_return': False,
                     'output_sid': None,
                     'output_width_bits': None,
                     'declared_width_bits': None,
                     'effective_result_width_bits': 64,
                     'declared_return': {'name': 'undefined',
                                         'display_name': 'undefined',
                                         'class_name': 'DefaultDataType',
                                         'length_bytes': 1,
                                         'width_bits': 8,
                                         'signed': None,
                                         'kind_hint': None},
                     'return_storage': {'repr': '<UNASSIGNED>',
                                        'size_bytes': 0,
                                        'flags': {'register': False,
                                                  'stack': False,
                                                  'memory': False,
                                                  'unassigned': True,
                                                  'void': False,
                                                  'auto': False},
                                        'pieces': [],
                                        'storage_keys': []},
                     'carrier_pieces': [],
                     'normalization': {'mode': 'mask_to_output_width',
                                       'width_bits': 64,
                                       'mask': 18446744073709551615},
                     'runtime_helper': None,
                     'runtime_helper_authority': 'no_ABI_runtime_helper_assigned',
                     'authority': 'reachable_raw_return_transport',
                     'reported_declared_width_bits': 8,
                     'declared_width_authoritative': False,
                     'declared_return_evidence_status': 'non_authoritative_default_or_unresolved_prototype',
                     'transport_width_bits': 64,
                     'logical_result_width_bits': 64,
                     'reachable_return_widths': [64],
                     'reachable_return_boundary_count': 1,
                     'unreachable_return_boundary_count': 0,
                     'deferred_return_boundary_count': 0},
 'reachable_return_boundaries': [{'block_addr': 1054570,
                                  'return_value_sid': 'c_0_8',
                                  'return_value_width_bits': 64,
                                  'return_transport_width_bits': 64,
                                  'return_logical_width_bits': 64,
                                  'return_declared_view': None,
                                  'return_boundary_authority': 'raw_return_register_transport',
                                  'return_reachability': 'reachable',
                                  'reachable_return': True,
                                  'execution_suppressed': False,
                                  'emission_policy': 'emit_reachable_return_boundary',
                                  'cut_by_no_return_blocks': [],
                                  'cut_by_no_return_call_op_keys': []}],
 'unreachable_return_boundaries': []}

[RETURN BOUNDARY RECONCILIATION]
{'kind': 'pal_compute_return_boundary_reconciliation_v23b',
 'version': 'v23b_abi_thunk_compatibility_return_reconciliation',
 'function': 'main',
 'entry_block_addr': 1054448,
 'cfg_evidence_available': True,
 'no_return_terminating_blocks': [],
 'no_return_call_op_keys': [],
 'return_boundaries': 1,
 'reachable_return_boundaries': 1,
 'unreachable_return_boundaries': 0,
 'deferred_return_boundaries': 0,
 'reachable_return_widths': [64],
 'width_reconciled': True,
 'synthetic_no_return_continuations_suppressed': 0,
 'rule': 'traverse_CFG_with_no_return_blocks_as_terminal_then_reconcile_reachable_raw_return_transports_only'}

[CALL SITE ABI PLANS]
{'op_key': '1054448:(ram, 0x1016ff, 18, 3):3',
 'target': 'initialize_lander',
 'dispatch_class': 'internal_resolved',
 'status': 'ready',
 'argument_count': 1,
 'carrier_allocation_status': 'complete',
 'target_compatibility_status': 'deferred',
 'target_compatible': None,
 'no_return': False,
 'result_width_bits': 8}
{'op_key': '1054491:(ram, 0x101722, 66, 6):6',
 'target': 'draw_lander',
 'dispatch_class': 'internal_resolved',
 'status': 'ready',
 'argument_count': 1,
 'carrier_allocation_status': 'complete',
 'target_compatibility_status': 'deferred',
 'target_compatible': None,
 'no_return': False,
 'result_width_bits': 8}
{'op_key': '1054491:(ram, 0x10172e, 72, 13):13',
 'target': 'read_burn',
 'dispatch_class': 'internal_resolved',
 'status': 'ready',
 'argument_count': 1,
 'carrier_allocation_status': 'complete',
 'target_compatibility_status': 'deferred',
 'target_compatible': None,
 'no_return': False,
 'result_width_bits': 32}
{'op_key': '1054570:(ram, 0x101771, 48, 9):9',
 'target': 'print_result',
 'dispatch_class': 'internal_resolved',
 'status': 'ready',
 'argument_count': 1,
 'carrier_allocation_status': 'complete',
 'target_compatibility_status': 'deferred',
 'target_compatible': None,
 'no_return': False,
 'result_width_bits': 8}
{'op_key': '1054570:(ram, 0x10177d, 54, 15):15',
 'target': 'lander_exit_code',
 'dispatch_class': 'internal_resolved',
 'status': 'ready',
 'argument_count': 1,
 'carrier_allocation_status': 'complete',
 'target_compatibility_status': 'deferred',
 'target_compatible': None,
 'no_return': False,
 'result_width_bits': 8}
{'op_key': '1054541:(ram, 0x101759, 120, 6):6',
 'target': 'apply_burn',
 'dispatch_class': 'internal_resolved',
 'status': 'ready',
 'argument_count': 2,
 'carrier_allocation_status': 'complete',
 'target_compatibility_status': 'deferred',
 'target_compatible': None,
 'no_return': False,
 'result_width_bits': 8}
===== END PAL COMPUTE ANALYZER =====


=========== SGL EXECUTION TREE ===========

sequence
  sequence
    block [0x1016f0]
  loop [header=0x101764 role=body semantics=continue_when_true cond=not ((local_c == 0)) order=predicate_only continue_edge=[1054564, 1054491] exit_edge=[1054564, 1054570] selected_invert=True]
    loop_body
      block [0x10171b]
      if [cond=(v_836 == 0)]
        then
          sequence
            block [0x10173c]
            break
        else
      block [0x101745]
      if [cond=(0xffffffff < v_836)]
        then
        else
          continue
      block [0x10174d]
  sequence
    block [0x10176a]

=========== END TREE ===========

[SGL EXEC TREE PERSISTED] path=/home/rem/gh/PAL/pyghidra-PAL/PAL/PAL_logs/f_00000000001016f0_main.sgl.exec_tree.log mode=append temporary=False delete_on_completion=False

[PHI DROP-INS]
------------------------------------------------------------
pred=0x101745 -> join=0x101764 :: local_10 = v_836
pred=0x10173c -> join=0x10176a :: local_10 = v_836
------------------------------------------------------------
{'active': True,
 'bound_plans': 49,
 'control_contracts_forwarded': 6,
 'input_op_contracts': 54,
 'input_plans': 49,
 'kind': 'phi_compute_consumer_inventory_v21',
 'outputless_contracts_forwarded': 5,
 'phi_merge_contracts': 9,
 'phi_transition_contracts': 2,
 'preserved_compute_boundaries': 48,
 'preserved_deferred_contracts': 7,
 'preserved_outputless_boundaries': 5,
 'preserved_outputless_deferred_contracts': 5,
 'preserved_outputless_helpers': 0,
 'preserved_runtime_helpers': 9,
 'rule': 'preserve_PALCompute_authority_remap_execution_destination_only',
 'state_alias_bindings': 0,
 'transition_owners': {'predecessor_phi_dropin': 2},
 'version': 'v21_compute_contract_consumers',
 'warnings': 0}
[]
          OK -> functions.f_00000000001016f0_main
[22/30] decompile Global::_fini @ 0x101784

===== CFG DEBUG =====

[EDGES]

[IPDOM]
0x101784 -> ipdom: None

=====================

===== PAL RESOLVER INDIRECT STORAGE v22c =====

[INVENTORY]
{'active': False,
 'address_tied_families': 0,
 'custody_transitions': 0,
 'effect_owner_groups': 0,
 'escape_barrier_sids': 0,
 'input_contracts': 0,
 'kind': 'resolver_indirect_storage_inventory_v22c',
 'machine_state_families': 0,
 'machine_state_sids': 0,
 'owner_categories': {},
 'parameter_initializers': 0,
 'persistent_families': 0,
 'rule': 'HighVariable_identity_families_plus_address_escape_alias_barrier',
 'runtime_order': 'CFG_governed_not_linearized',
 'storage_families': 0,
 'version': 'v22c_indirect_storage_families',
 'warnings': 0}

[STORAGE FAMILIES]

[PARAMETER INITIALIZERS / STORAGE WRITES]
[]

[WARNINGS]
[]
===== END PAL RESOLVER INDIRECT STORAGE =====

========================================================================
PALRAW AUDIT v0.3 :: raw instruction BLOCK p-code vs HF/PAL CFG
========================================================================

--- 0x10127f ---
Raw block  : 0x10127f -> next 0x101784
Instr count: 0
Terminal   : None None
Raw succs  : []
Norm succs : None
HF block   : None
CFG edges  : []
STATUS     : no_hf_block
NOTE       : No PAL/HighFunction block mapped to this address.
Raw instructions:
Terminal raw p-code:
HF/PAL ops :

--- 0x1011b6 ---
Raw block  : 0x1011b6 -> next 0x101784
Instr count: 0
Terminal   : None None
Raw succs  : []
Norm succs : None
HF block   : None
CFG edges  : []
STATUS     : no_hf_block
NOTE       : No PAL/HighFunction block mapped to this address.
Raw instructions:
Terminal raw p-code:
HF/PAL ops :

--- 0x101219 ---
Raw block  : 0x101219 -> next 0x101784
Instr count: 8
Terminal   : 0x10122d JNZ 0x00101240
Raw succs  : ['0x101240', '0x10122f']
Norm succs : None
HF block   : None
CFG edges  : []
STATUS     : no_hf_block
NOTE       : No PAL/HighFunction block mapped to this address.
Raw instructions:
   0x101219  PUSH RBP
   0x10121a  MOV RBP,RSP
   0x10121d  SUB RSP,0x10
   0x101221  MOV dword ptr [RBP + -0x4],EDI
   0x101224  MOV dword ptr [RBP + -0x8],ESI
   0x101227  MOV EAX,dword ptr [RBP + -0x4]
   0x10122a  CMP EAX,dword ptr [RBP + -0x8]
   0x10122d  JNZ 0x00101240
Terminal raw p-code:
    (unique, 0x24f00, 1) BOOL_NEGATE (register, 0x206, 1)
     ---  CBRANCH (ram, 0x101240, 8) , (unique, 0x24f00, 1)
HF/PAL ops :

--- 0x10120f ---
Raw block  : 0x10120f -> next 0x101784
Instr count: 0
Terminal   : None None
Raw succs  : []
Norm succs : None
HF block   : None
CFG edges  : []
STATUS     : no_hf_block
NOTE       : No PAL/HighFunction block mapped to this address.
Raw instructions:
Terminal raw p-code:
HF/PAL ops :

--- 0x101221 ---
Raw block  : 0x101221 -> next 0x101784
Instr count: 5
Terminal   : 0x10122d JNZ 0x00101240
Raw succs  : ['0x101240', '0x10122f']
Norm succs : None
HF block   : None
CFG edges  : []
STATUS     : no_hf_block
NOTE       : No PAL/HighFunction block mapped to this address.
Raw instructions:
   0x101221  MOV dword ptr [RBP + -0x4],EDI
   0x101224  MOV dword ptr [RBP + -0x8],ESI
   0x101227  MOV EAX,dword ptr [RBP + -0x4]
   0x10122a  CMP EAX,dword ptr [RBP + -0x8]
   0x10122d  JNZ 0x00101240
Terminal raw p-code:
    (unique, 0x24f00, 1) BOOL_NEGATE (register, 0x206, 1)
     ---  CBRANCH (ram, 0x101240, 8) , (unique, 0x24f00, 1)
HF/PAL ops :

--- 0x101284 ---
Raw block  : 0x101284 -> next 0x101784
Instr count: 27
Terminal   : 0x1012f4 JMP 0x00101309
Raw succs  : ['0x101309']
Norm succs : None
HF block   : None
CFG edges  : []
STATUS     : no_hf_block
NOTE       : No PAL/HighFunction block mapped to this address.
Raw instructions:
   0x101284  MOV RDI,RAX
   0x101287  CALL 0x00101030
   0x10128c  LEA RAX,[0x1020b0]
   0x101293  MOV RDI,RAX
   0x101296  CALL 0x00101030
   0x10129b  LEA RAX,[0x102048]
   0x1012a2  MOV RDI,RAX
   0x1012a5  CALL 0x00101030
   0x1012aa  MOV RAX,qword ptr [RBP + -0x18]
   0x1012ae  MOV ESI,dword ptr [RAX + 0x8]
   0x1012b1  MOV RAX,qword ptr [RBP + -0x18]
   0x1012b5  MOV ECX,dword ptr [RAX + 0x4]
   0x1012b8  MOV RAX,qword ptr [RBP + -0x18]
   0x1012bc  MOV EDX,dword ptr [RAX]
   0x1012be  MOV RAX,qword ptr [RBP + -0x18]
   0x1012c2  MOV EAX,dword ptr [RAX + 0xc]
   0x1012c5  MOV R8D,ESI
   0x1012c8  MOV ESI,EAX
   0x1012ca  LEA RAX,[0x1020e0]
   0x1012d1  MOV RDI,RAX
   0x1012d4  MOV EAX,0x0
   0x1012d9  CALL 0x00101040
   0x1012de  LEA RAX,[0x102118]
   0x1012e5  MOV RDI,RAX
   0x1012e8  CALL 0x00101030
   0x1012ed  MOV dword ptr [RBP + -0x4],0x0
   0x1012f4  JMP 0x00101309
Terminal raw p-code:
     ---  BRANCH (ram, 0x101309, 8)
HF/PAL ops :

--- 0x10127f ---
Raw block  : 0x10127f -> next 0x101784
Instr count: 0
Terminal   : None None
Raw succs  : []
Norm succs : None
HF block   : None
CFG edges  : []
STATUS     : no_hf_block
NOTE       : No PAL/HighFunction block mapped to this address.
Raw instructions:
Terminal raw p-code:
HF/PAL ops :

========================================================================

===== PAL COMPUTE ANALYZER =====
{'kind': 'pal_compute_inventory_v22',
 'version': 'v23b_abi_thunk_compatibility_return_reconciliation',
 'runtime_representation': 'raw_unsigned_bitvector_at_ssa_boundaries',
 'operations': 0,
 'output_plans': 0,
 'control_contracts': 1,
 'c_compute_filtered': 0,
 'use_site_overrides': 0,
 'return_observation_view_mismatches': 0,
 'storage_custody_related_ops': 0,
 'indirect_custody_contracts': 0,
 'indirect_custody_resolved': 0,
 'indirect_custody_deferred': 0,
 'indirect_effect_owner_compute_ops': 0,
 'storage_family_bindings': 0,
 'function_entry_abi_plan': True,
 'call_site_abi_plans': 0,
 'internal_call_plan_failures': 0,
 'unsupported_implicit_inputs': 0,
 'abi_runtime_helper_assignments': 0,
 'no_return_calls': 0,
 'reachable_return_boundaries': 1,
 'unreachable_return_boundaries': 0,
 'synthetic_no_return_continuations_suppressed': 0,
 'statuses': {},
 'categories': {},
 'helpers': {},
 'opcodes': {},
 'warnings': 0}

[WARNINGS]
[]

[METADATA-ONLY COMPUTE BOUNDARIES]

[HELPER-REQUIRED CONTRACTS]

[INDIRECT STORAGE-CUSTODY CONTRACTS]

[INDIRECT CUSTODY INVENTORY]
{'kind': 'pal_compute_indirect_custody_inventory_v22d',
 'version': 'v23b_abi_thunk_compatibility_return_reconciliation',
 'resolver_transitions': 0,
 'compute_indirect_contracts': 0,
 'resolved_custody': 0,
 'deferred_custody': 0,
 'effect_owner_compute_bindings': 0,
 'effect_owner_compute_ops': 0,
 'owner_categories': {},
 'storage_families': 0,
 'storage_sid_bindings': 0,
 'address_escape_barrier_sids': 0,
 'parameter_storage_initializers': 0,
 'runtime_helpers': 0,
 'warnings': 0,
 'rule': 'INDIRECT_is_metadata_only_owner_bound_storage_transition'}

[ABI-D ENTRY/CALL PLAN INVENTORY]
{'kind': 'pal_compute_abi_plan_inventory_v23',
 'version': 'v23b_abi_thunk_compatibility_return_reconciliation',
 'function': '_fini',
 'entry_plan_present': True,
 'entry_plan_status': 'ready',
 'fixed_arguments': 0,
 'implicit_inputs': 0,
 'implicit_inputs_unsupported': 0,
 'call_compute_contracts': 0,
 'call_site_plans': 0,
 'call_sites_without_plan': 0,
 'call_statuses': {},
 'dispatch_classes': {},
 'internal_calls': 0,
 'internal_calls_with_target_compatible_plan': 0,
 'internal_calls_without_target_compatible_plan': 0,
 'internal_calls_with_deferred_target_compatibility': 0,
 'internal_calls_with_incompatible_target': 0,
 'internal_calls_without_transport_plan': 0,
 'external_calls': 0,
 'thunk_calls': 0,
 'external_via_thunk_calls': 0,
 'thunk_endpoint_deferred_calls': 0,
 'thunk_calls_misclassified_internal': 0,
 'target_compatibility_overclaims': 0,
 'no_return_calls': 0,
 'result_carrier_contracts': 0,
 'abi_runtime_helper_assignments': 0,
 'warnings': 0,
 'acceptance_gates': {'every_emitted_function_has_entry_plan': True,
                      'every_call_has_call_site_plan': True,
                      'every_internal_call_has_target_compatible_plan': True,
                      'every_internal_call_has_carrier_transport_plan': True,
                      'no_resolved_thunk_misclassified_internal': True,
                      'no_target_compatibility_overclaim': True,
                      'no_implicit_input_is_unsupported': True,
                      'no_runtime_helper_assigned_by_ABI_guesswork': True},
 'return_boundary_reconciliation': {'kind': 'pal_compute_return_boundary_reconciliation_v23b',
                                    'version': 'v23b_abi_thunk_compatibility_return_reconciliation',
                                    'function': '_fini',
                                    'entry_block_addr': 1054596,
                                    'cfg_evidence_available': True,
                                    'no_return_terminating_blocks': [],
                                    'no_return_call_op_keys': [],
                                    'return_boundaries': 1,
                                    'reachable_return_boundaries': 1,
                                    'unreachable_return_boundaries': 0,
                                    'deferred_return_boundaries': 0,
                                    'reachable_return_widths': [64],
                                    'width_reconciled': True,
                                    'synthetic_no_return_continuations_suppressed': 0,
                                    'rule': 'traverse_CFG_with_no_return_blocks_as_terminal_then_reconcile_reachable_raw_return_transports_only'},
 'rule': 'ABI_A_B_C_authority_only_thunk_endpoint_and_compatibility_tri_state_no_downstream_argument_reinference'}

[FUNCTION ENTRY ABI PLAN]
{'plan_id': 'function_entry:1054596',
 'status': 'ready',
 'callable_signature_status': 'legacy_non_variadic_fallback',
 'fixed_argument_count': 0,
 'implicit_input_count': 0,
 'variadic_register_save_area': {'required': False,
                                 'status': 'not_required',
                                 'slots': [],
                                 'gp_slots': [],
                                 'sse_slots': [],
                                 'fixed_variadic_partition_status': 'deferred_to_entry_protocol_analysis',
                                 'source': 'abi_context.registers',
                                 'authority': 'ABI_C_carriers_plus_variadic_contract'},
 'overflow_argument_area': {'required': False,
                            'status': 'not_required',
                            'source': 'abi_context.overflow_argument_area',
                            'observed_stack_carriers': [],
                            'materialization': 'consume_preclassified_overflow_slots',
                            'offset_inference_allowed': False,
                            'authority': 'ABI_C_stack_carriers_or_variadic_protocol'},
 'variadic_al': {'required': False,
                 'status': 'not_required',
                 'source': 'abi_context.variadic_xmm_count',
                 'inputs': [],
                 'default_allowed': False,
                 'authority': 'ABI_C_variadic_xmm_count_contract'},
 'frame_base': {'required': False,
                'status': 'not_observed',
                'source': 'abi_context.frame_base',
                'inputs': [],
                'derive_from_parameter_names': False,
                'authority': 'ABI_C_frame_state_custody'},
 'tls_base': {'required': False,
              'status': 'not_observed',
              'source': 'abi_context.tls_base',
              'inputs': [],
              'derive_from_expression_names': False,
              'authority': 'ABI_C_tls_state_custody'},
 'return_contract': {'kind': 'pal_compute_return_carrier_contract_abi_d',
                     'version': 'v23b_abi_thunk_compatibility_return_reconciliation',
                     'status': 'return_width_proven_carrier_deferred',
                     'no_return': False,
                     'output_sid': None,
                     'output_width_bits': None,
                     'declared_width_bits': None,
                     'effective_result_width_bits': 64,
                     'declared_return': {'name': 'undefined',
                                         'display_name': 'undefined',
                                         'class_name': 'DefaultDataType',
                                         'length_bytes': 1,
                                         'width_bits': 8,
                                         'signed': None,
                                         'kind_hint': None},
                     'return_storage': {'repr': '<UNASSIGNED>',
                                        'size_bytes': 0,
                                        'flags': {'register': False,
                                                  'stack': False,
                                                  'memory': False,
                                                  'unassigned': True,
                                                  'void': False,
                                                  'auto': False},
                                        'pieces': [],
                                        'storage_keys': []},
                     'carrier_pieces': [],
                     'normalization': {'mode': 'mask_to_output_width',
                                       'width_bits': 64,
                                       'mask': 18446744073709551615},
                     'runtime_helper': None,
                     'runtime_helper_authority': 'no_ABI_runtime_helper_assigned',
                     'authority': 'reachable_raw_return_transport',
                     'reported_declared_width_bits': 8,
                     'declared_width_authoritative': False,
                     'declared_return_evidence_status': 'non_authoritative_default_or_unresolved_prototype',
                     'transport_width_bits': 64,
                     'logical_result_width_bits': 64,
                     'reachable_return_widths': [64],
                     'reachable_return_boundary_count': 1,
                     'unreachable_return_boundary_count': 0,
                     'deferred_return_boundary_count': 0},
 'reachable_return_boundaries': [{'block_addr': 1054596,
                                  'return_value_sid': 'c_0_8',
                                  'return_value_width_bits': 64,
                                  'return_transport_width_bits': 64,
                                  'return_logical_width_bits': 64,
                                  'return_declared_view': None,
                                  'return_boundary_authority': 'raw_return_register_transport',
                                  'return_reachability': 'reachable',
                                  'reachable_return': True,
                                  'execution_suppressed': False,
                                  'emission_policy': 'emit_reachable_return_boundary',
                                  'cut_by_no_return_blocks': [],
                                  'cut_by_no_return_call_op_keys': []}],
 'unreachable_return_boundaries': []}

[RETURN BOUNDARY RECONCILIATION]
{'kind': 'pal_compute_return_boundary_reconciliation_v23b',
 'version': 'v23b_abi_thunk_compatibility_return_reconciliation',
 'function': '_fini',
 'entry_block_addr': 1054596,
 'cfg_evidence_available': True,
 'no_return_terminating_blocks': [],
 'no_return_call_op_keys': [],
 'return_boundaries': 1,
 'reachable_return_boundaries': 1,
 'unreachable_return_boundaries': 0,
 'deferred_return_boundaries': 0,
 'reachable_return_widths': [64],
 'width_reconciled': True,
 'synthetic_no_return_continuations_suppressed': 0,
 'rule': 'traverse_CFG_with_no_return_blocks_as_terminal_then_reconcile_reachable_raw_return_transports_only'}

[CALL SITE ABI PLANS]
===== END PAL COMPUTE ANALYZER =====


=========== SGL EXECUTION TREE ===========

sequence
  sequence
    block [0x101784]

=========== END TREE ===========

[SGL EXEC TREE PERSISTED] path=/home/rem/gh/PAL/pyghidra-PAL/PAL/PAL_logs/f_0000000000101784_fini.sgl.exec_tree.log mode=append temporary=False delete_on_completion=False

[PHI DROP-INS]
------------------------------------------------------------
------------------------------------------------------------
{'kind': 'phi_compute_consumer_inactive_v21',
 'reason': 'PALCompute_metadata_not_present',
 'version': 'v21_compute_contract_consumers'}
[]
          OK -> functions.f_0000000000101784_fini
[23/30] decompile <EXTERNAL>::__libc_start_main @ 0x105000

===== CFG DEBUG =====

[EDGES]

[IPDOM]
0x105000 -> ipdom: None

=====================

===== PAL RESOLVER INDIRECT STORAGE v22c =====

[INVENTORY]
{'active': False,
 'address_tied_families': 0,
 'custody_transitions': 0,
 'effect_owner_groups': 0,
 'escape_barrier_sids': 0,
 'input_contracts': 0,
 'kind': 'resolver_indirect_storage_inventory_v22c',
 'machine_state_families': 0,
 'machine_state_sids': 0,
 'owner_categories': {},
 'parameter_initializers': 0,
 'persistent_families': 0,
 'rule': 'HighVariable_identity_families_plus_address_escape_alias_barrier',
 'runtime_order': 'CFG_governed_not_linearized',
 'storage_families': 0,
 'version': 'v22c_indirect_storage_families',
 'warnings': 0}

[STORAGE FAMILIES]

[PARAMETER INITIALIZERS / STORAGE WRITES]
[]

[WARNINGS]
[]
===== END PAL RESOLVER INDIRECT STORAGE =====

========================================================================
PALRAW AUDIT v0.3 :: raw instruction BLOCK p-code vs HF/PAL CFG
========================================================================

--- 0x10127f ---
Raw block  : 0x10127f -> next 0x105000
Instr count: 0
Terminal   : None None
Raw succs  : []
Norm succs : None
HF block   : None
CFG edges  : []
STATUS     : no_hf_block
NOTE       : No PAL/HighFunction block mapped to this address.
Raw instructions:
Terminal raw p-code:
HF/PAL ops :

--- 0x1011b6 ---
Raw block  : 0x1011b6 -> next 0x105000
Instr count: 0
Terminal   : None None
Raw succs  : []
Norm succs : None
HF block   : None
CFG edges  : []
STATUS     : no_hf_block
NOTE       : No PAL/HighFunction block mapped to this address.
Raw instructions:
Terminal raw p-code:
HF/PAL ops :

--- 0x101219 ---
Raw block  : 0x101219 -> next 0x105000
Instr count: 8
Terminal   : 0x10122d JNZ 0x00101240
Raw succs  : ['0x101240', '0x10122f']
Norm succs : None
HF block   : None
CFG edges  : []
STATUS     : no_hf_block
NOTE       : No PAL/HighFunction block mapped to this address.
Raw instructions:
   0x101219  PUSH RBP
   0x10121a  MOV RBP,RSP
   0x10121d  SUB RSP,0x10
   0x101221  MOV dword ptr [RBP + -0x4],EDI
   0x101224  MOV dword ptr [RBP + -0x8],ESI
   0x101227  MOV EAX,dword ptr [RBP + -0x4]
   0x10122a  CMP EAX,dword ptr [RBP + -0x8]
   0x10122d  JNZ 0x00101240
Terminal raw p-code:
    (unique, 0x24f00, 1) BOOL_NEGATE (register, 0x206, 1)
     ---  CBRANCH (ram, 0x101240, 8) , (unique, 0x24f00, 1)
HF/PAL ops :

--- 0x10120f ---
Raw block  : 0x10120f -> next 0x105000
Instr count: 0
Terminal   : None None
Raw succs  : []
Norm succs : None
HF block   : None
CFG edges  : []
STATUS     : no_hf_block
NOTE       : No PAL/HighFunction block mapped to this address.
Raw instructions:
Terminal raw p-code:
HF/PAL ops :

--- 0x101221 ---
Raw block  : 0x101221 -> next 0x105000
Instr count: 5
Terminal   : 0x10122d JNZ 0x00101240
Raw succs  : ['0x101240', '0x10122f']
Norm succs : None
HF block   : None
CFG edges  : []
STATUS     : no_hf_block
NOTE       : No PAL/HighFunction block mapped to this address.
Raw instructions:
   0x101221  MOV dword ptr [RBP + -0x4],EDI
   0x101224  MOV dword ptr [RBP + -0x8],ESI
   0x101227  MOV EAX,dword ptr [RBP + -0x4]
   0x10122a  CMP EAX,dword ptr [RBP + -0x8]
   0x10122d  JNZ 0x00101240
Terminal raw p-code:
    (unique, 0x24f00, 1) BOOL_NEGATE (register, 0x206, 1)
     ---  CBRANCH (ram, 0x101240, 8) , (unique, 0x24f00, 1)
HF/PAL ops :

--- 0x101284 ---
Raw block  : 0x101284 -> next 0x105000
Instr count: 27
Terminal   : 0x1012f4 JMP 0x00101309
Raw succs  : ['0x101309']
Norm succs : None
HF block   : None
CFG edges  : []
STATUS     : no_hf_block
NOTE       : No PAL/HighFunction block mapped to this address.
Raw instructions:
   0x101284  MOV RDI,RAX
   0x101287  CALL 0x00101030
   0x10128c  LEA RAX,[0x1020b0]
   0x101293  MOV RDI,RAX
   0x101296  CALL 0x00101030
   0x10129b  LEA RAX,[0x102048]
   0x1012a2  MOV RDI,RAX
   0x1012a5  CALL 0x00101030
   0x1012aa  MOV RAX,qword ptr [RBP + -0x18]
   0x1012ae  MOV ESI,dword ptr [RAX + 0x8]
   0x1012b1  MOV RAX,qword ptr [RBP + -0x18]
   0x1012b5  MOV ECX,dword ptr [RAX + 0x4]
   0x1012b8  MOV RAX,qword ptr [RBP + -0x18]
   0x1012bc  MOV EDX,dword ptr [RAX]
   0x1012be  MOV RAX,qword ptr [RBP + -0x18]
   0x1012c2  MOV EAX,dword ptr [RAX + 0xc]
   0x1012c5  MOV R8D,ESI
   0x1012c8  MOV ESI,EAX
   0x1012ca  LEA RAX,[0x1020e0]
   0x1012d1  MOV RDI,RAX
   0x1012d4  MOV EAX,0x0
   0x1012d9  CALL 0x00101040
   0x1012de  LEA RAX,[0x102118]
   0x1012e5  MOV RDI,RAX
   0x1012e8  CALL 0x00101030
   0x1012ed  MOV dword ptr [RBP + -0x4],0x0
   0x1012f4  JMP 0x00101309
Terminal raw p-code:
     ---  BRANCH (ram, 0x101309, 8)
HF/PAL ops :

--- 0x10127f ---
Raw block  : 0x10127f -> next 0x105000
Instr count: 0
Terminal   : None None
Raw succs  : []
Norm succs : None
HF block   : None
CFG edges  : []
STATUS     : no_hf_block
NOTE       : No PAL/HighFunction block mapped to this address.
Raw instructions:
Terminal raw p-code:
HF/PAL ops :

========================================================================

===== PAL COMPUTE ANALYZER =====
{'kind': 'pal_compute_inventory_v22',
 'version': 'v23b_abi_thunk_compatibility_return_reconciliation',
 'runtime_representation': 'raw_unsigned_bitvector_at_ssa_boundaries',
 'operations': 0,
 'output_plans': 0,
 'control_contracts': 1,
 'c_compute_filtered': 0,
 'use_site_overrides': 0,
 'return_observation_view_mismatches': 0,
 'storage_custody_related_ops': 0,
 'indirect_custody_contracts': 0,
 'indirect_custody_resolved': 0,
 'indirect_custody_deferred': 0,
 'indirect_effect_owner_compute_ops': 0,
 'storage_family_bindings': 0,
 'function_entry_abi_plan': True,
 'call_site_abi_plans': 0,
 'internal_call_plan_failures': 0,
 'unsupported_implicit_inputs': 0,
 'abi_runtime_helper_assignments': 0,
 'no_return_calls': 0,
 'reachable_return_boundaries': 1,
 'unreachable_return_boundaries': 0,
 'synthetic_no_return_continuations_suppressed': 0,
 'statuses': {},
 'categories': {},
 'helpers': {},
 'opcodes': {},
 'warnings': 0}

[WARNINGS]
[]

[METADATA-ONLY COMPUTE BOUNDARIES]

[HELPER-REQUIRED CONTRACTS]

[INDIRECT STORAGE-CUSTODY CONTRACTS]

[INDIRECT CUSTODY INVENTORY]
{'kind': 'pal_compute_indirect_custody_inventory_v22d',
 'version': 'v23b_abi_thunk_compatibility_return_reconciliation',
 'resolver_transitions': 0,
 'compute_indirect_contracts': 0,
 'resolved_custody': 0,
 'deferred_custody': 0,
 'effect_owner_compute_bindings': 0,
 'effect_owner_compute_ops': 0,
 'owner_categories': {},
 'storage_families': 0,
 'storage_sid_bindings': 0,
 'address_escape_barrier_sids': 0,
 'parameter_storage_initializers': 0,
 'runtime_helpers': 0,
 'warnings': 0,
 'rule': 'INDIRECT_is_metadata_only_owner_bound_storage_transition'}

[ABI-D ENTRY/CALL PLAN INVENTORY]
{'kind': 'pal_compute_abi_plan_inventory_v23',
 'version': 'v23b_abi_thunk_compatibility_return_reconciliation',
 'function': '__libc_start_main',
 'entry_plan_present': True,
 'entry_plan_status': 'ready',
 'fixed_arguments': 0,
 'implicit_inputs': 0,
 'implicit_inputs_unsupported': 0,
 'call_compute_contracts': 0,
 'call_site_plans': 0,
 'call_sites_without_plan': 0,
 'call_statuses': {},
 'dispatch_classes': {},
 'internal_calls': 0,
 'internal_calls_with_target_compatible_plan': 0,
 'internal_calls_without_target_compatible_plan': 0,
 'internal_calls_with_deferred_target_compatibility': 0,
 'internal_calls_with_incompatible_target': 0,
 'internal_calls_without_transport_plan': 0,
 'external_calls': 0,
 'thunk_calls': 0,
 'external_via_thunk_calls': 0,
 'thunk_endpoint_deferred_calls': 0,
 'thunk_calls_misclassified_internal': 0,
 'target_compatibility_overclaims': 0,
 'no_return_calls': 0,
 'result_carrier_contracts': 0,
 'abi_runtime_helper_assignments': 0,
 'warnings': 0,
 'acceptance_gates': {'every_emitted_function_has_entry_plan': True,
                      'every_call_has_call_site_plan': True,
                      'every_internal_call_has_target_compatible_plan': True,
                      'every_internal_call_has_carrier_transport_plan': True,
                      'no_resolved_thunk_misclassified_internal': True,
                      'no_target_compatibility_overclaim': True,
                      'no_implicit_input_is_unsupported': True,
                      'no_runtime_helper_assigned_by_ABI_guesswork': True},
 'return_boundary_reconciliation': {'kind': 'pal_compute_return_boundary_reconciliation_v23b',
                                    'version': 'v23b_abi_thunk_compatibility_return_reconciliation',
                                    'function': '__libc_start_main',
                                    'entry_block_addr': 1069056,
                                    'cfg_evidence_available': True,
                                    'no_return_terminating_blocks': [],
                                    'no_return_call_op_keys': [],
                                    'return_boundaries': 1,
                                    'reachable_return_boundaries': 1,
                                    'unreachable_return_boundaries': 0,
                                    'deferred_return_boundaries': 0,
                                    'reachable_return_widths': [32],
                                    'width_reconciled': True,
                                    'synthetic_no_return_continuations_suppressed': 0,
                                    'rule': 'traverse_CFG_with_no_return_blocks_as_terminal_then_reconcile_reachable_raw_return_transports_only'},
 'rule': 'ABI_A_B_C_authority_only_thunk_endpoint_and_compatibility_tri_state_no_downstream_argument_reinference'}

[FUNCTION ENTRY ABI PLAN]
{'plan_id': 'function_entry:1069056',
 'status': 'ready',
 'callable_signature_status': 'legacy_non_variadic_fallback',
 'fixed_argument_count': 0,
 'implicit_input_count': 0,
 'variadic_register_save_area': {'required': False,
                                 'status': 'not_required',
                                 'slots': [],
                                 'gp_slots': [],
                                 'sse_slots': [],
                                 'fixed_variadic_partition_status': 'deferred_to_entry_protocol_analysis',
                                 'source': 'abi_context.registers',
                                 'authority': 'ABI_C_carriers_plus_variadic_contract'},
 'overflow_argument_area': {'required': False,
                            'status': 'not_required',
                            'source': 'abi_context.overflow_argument_area',
                            'observed_stack_carriers': [],
                            'materialization': 'consume_preclassified_overflow_slots',
                            'offset_inference_allowed': False,
                            'authority': 'ABI_C_stack_carriers_or_variadic_protocol'},
 'variadic_al': {'required': False,
                 'status': 'not_required',
                 'source': 'abi_context.variadic_xmm_count',
                 'inputs': [],
                 'default_allowed': False,
                 'authority': 'ABI_C_variadic_xmm_count_contract'},
 'frame_base': {'required': False,
                'status': 'not_observed',
                'source': 'abi_context.frame_base',
                'inputs': [],
                'derive_from_parameter_names': False,
                'authority': 'ABI_C_frame_state_custody'},
 'tls_base': {'required': False,
              'status': 'not_observed',
              'source': 'abi_context.tls_base',
              'inputs': [],
              'derive_from_expression_names': False,
              'authority': 'ABI_C_tls_state_custody'},
 'return_contract': {'kind': 'pal_compute_return_carrier_contract_abi_d',
                     'version': 'v23b_abi_thunk_compatibility_return_reconciliation',
                     'status': 'return_width_proven_carrier_deferred',
                     'no_return': False,
                     'output_sid': None,
                     'output_width_bits': None,
                     'declared_width_bits': None,
                     'effective_result_width_bits': 32,
                     'declared_return': {'name': 'undefined',
                                         'display_name': 'undefined',
                                         'class_name': 'DefaultDataType',
                                         'length_bytes': 1,
                                         'width_bits': 8,
                                         'signed': None,
                                         'kind_hint': None},
                     'return_storage': {'repr': '<UNASSIGNED>',
                                        'size_bytes': 0,
                                        'flags': {'register': False,
                                                  'stack': False,
                                                  'memory': False,
                                                  'unassigned': True,
                                                  'void': False,
                                                  'auto': False},
                                        'pieces': [],
                                        'storage_keys': []},
                     'carrier_pieces': [],
                     'normalization': {'mode': 'mask_to_output_width',
                                       'width_bits': 32,
                                       'mask': 4294967295},
                     'runtime_helper': None,
                     'runtime_helper_authority': 'no_ABI_runtime_helper_assigned',
                     'authority': 'reachable_raw_return_transport',
                     'reported_declared_width_bits': 8,
                     'declared_width_authoritative': False,
                     'declared_return_evidence_status': 'non_authoritative_default_or_unresolved_prototype',
                     'transport_width_bits': 32,
                     'logical_result_width_bits': 32,
                     'reachable_return_widths': [32],
                     'reachable_return_boundary_count': 1,
                     'unreachable_return_boundary_count': 0,
                     'deferred_return_boundary_count': 0},
 'reachable_return_boundaries': [{'block_addr': 1069056,
                                  'return_value_sid': 'c_1_4',
                                  'return_value_width_bits': 32,
                                  'return_transport_width_bits': 32,
                                  'return_logical_width_bits': 32,
                                  'return_declared_view': None,
                                  'return_boundary_authority': 'raw_return_register_transport',
                                  'return_reachability': 'reachable',
                                  'reachable_return': True,
                                  'execution_suppressed': False,
                                  'emission_policy': 'emit_reachable_return_boundary',
                                  'cut_by_no_return_blocks': [],
                                  'cut_by_no_return_call_op_keys': []}],
 'unreachable_return_boundaries': []}

[RETURN BOUNDARY RECONCILIATION]
{'kind': 'pal_compute_return_boundary_reconciliation_v23b',
 'version': 'v23b_abi_thunk_compatibility_return_reconciliation',
 'function': '__libc_start_main',
 'entry_block_addr': 1069056,
 'cfg_evidence_available': True,
 'no_return_terminating_blocks': [],
 'no_return_call_op_keys': [],
 'return_boundaries': 1,
 'reachable_return_boundaries': 1,
 'unreachable_return_boundaries': 0,
 'deferred_return_boundaries': 0,
 'reachable_return_widths': [32],
 'width_reconciled': True,
 'synthetic_no_return_continuations_suppressed': 0,
 'rule': 'traverse_CFG_with_no_return_blocks_as_terminal_then_reconcile_reachable_raw_return_transports_only'}

[CALL SITE ABI PLANS]
===== END PAL COMPUTE ANALYZER =====


=========== SGL EXECUTION TREE ===========

sequence
  sequence
    block [0x105000]

=========== END TREE ===========

[SGL EXEC TREE PERSISTED] path=/home/rem/gh/PAL/pyghidra-PAL/PAL/PAL_logs/f_0000000000105000_libc_start_main.sgl.exec_tree.log mode=append temporary=False delete_on_completion=False

[PHI DROP-INS]
------------------------------------------------------------
------------------------------------------------------------
{'kind': 'phi_compute_consumer_inactive_v21',
 'reason': 'PALCompute_metadata_not_present',
 'version': 'v21_compute_contract_consumers'}
[]
          OK -> functions.f_0000000000105000_libc_start_main
[24/30] decompile <EXTERNAL>::_ITM_deregisterTMCloneTable @ 0x105008

===== CFG DEBUG =====

[EDGES]

[IPDOM]
0x105008 -> ipdom: None

=====================

===== PAL RESOLVER INDIRECT STORAGE v22c =====

[INVENTORY]
{'active': False,
 'address_tied_families': 0,
 'custody_transitions': 0,
 'effect_owner_groups': 0,
 'escape_barrier_sids': 0,
 'input_contracts': 0,
 'kind': 'resolver_indirect_storage_inventory_v22c',
 'machine_state_families': 0,
 'machine_state_sids': 0,
 'owner_categories': {},
 'parameter_initializers': 0,
 'persistent_families': 0,
 'rule': 'HighVariable_identity_families_plus_address_escape_alias_barrier',
 'runtime_order': 'CFG_governed_not_linearized',
 'storage_families': 0,
 'version': 'v22c_indirect_storage_families',
 'warnings': 0}

[STORAGE FAMILIES]

[PARAMETER INITIALIZERS / STORAGE WRITES]
[]

[WARNINGS]
[]
===== END PAL RESOLVER INDIRECT STORAGE =====

========================================================================
PALRAW AUDIT v0.3 :: raw instruction BLOCK p-code vs HF/PAL CFG
========================================================================

--- 0x10127f ---
Raw block  : 0x10127f -> next 0x105008
Instr count: 0
Terminal   : None None
Raw succs  : []
Norm succs : None
HF block   : None
CFG edges  : []
STATUS     : no_hf_block
NOTE       : No PAL/HighFunction block mapped to this address.
Raw instructions:
Terminal raw p-code:
HF/PAL ops :

--- 0x1011b6 ---
Raw block  : 0x1011b6 -> next 0x105008
Instr count: 0
Terminal   : None None
Raw succs  : []
Norm succs : None
HF block   : None
CFG edges  : []
STATUS     : no_hf_block
NOTE       : No PAL/HighFunction block mapped to this address.
Raw instructions:
Terminal raw p-code:
HF/PAL ops :

--- 0x101219 ---
Raw block  : 0x101219 -> next 0x105008
Instr count: 8
Terminal   : 0x10122d JNZ 0x00101240
Raw succs  : ['0x101240', '0x10122f']
Norm succs : None
HF block   : None
CFG edges  : []
STATUS     : no_hf_block
NOTE       : No PAL/HighFunction block mapped to this address.
Raw instructions:
   0x101219  PUSH RBP
   0x10121a  MOV RBP,RSP
   0x10121d  SUB RSP,0x10
   0x101221  MOV dword ptr [RBP + -0x4],EDI
   0x101224  MOV dword ptr [RBP + -0x8],ESI
   0x101227  MOV EAX,dword ptr [RBP + -0x4]
   0x10122a  CMP EAX,dword ptr [RBP + -0x8]
   0x10122d  JNZ 0x00101240
Terminal raw p-code:
    (unique, 0x24f00, 1) BOOL_NEGATE (register, 0x206, 1)
     ---  CBRANCH (ram, 0x101240, 8) , (unique, 0x24f00, 1)
HF/PAL ops :

--- 0x10120f ---
Raw block  : 0x10120f -> next 0x105008
Instr count: 0
Terminal   : None None
Raw succs  : []
Norm succs : None
HF block   : None
CFG edges  : []
STATUS     : no_hf_block
NOTE       : No PAL/HighFunction block mapped to this address.
Raw instructions:
Terminal raw p-code:
HF/PAL ops :

--- 0x101221 ---
Raw block  : 0x101221 -> next 0x105008
Instr count: 5
Terminal   : 0x10122d JNZ 0x00101240
Raw succs  : ['0x101240', '0x10122f']
Norm succs : None
HF block   : None
CFG edges  : []
STATUS     : no_hf_block
NOTE       : No PAL/HighFunction block mapped to this address.
Raw instructions:
   0x101221  MOV dword ptr [RBP + -0x4],EDI
   0x101224  MOV dword ptr [RBP + -0x8],ESI
   0x101227  MOV EAX,dword ptr [RBP + -0x4]
   0x10122a  CMP EAX,dword ptr [RBP + -0x8]
   0x10122d  JNZ 0x00101240
Terminal raw p-code:
    (unique, 0x24f00, 1) BOOL_NEGATE (register, 0x206, 1)
     ---  CBRANCH (ram, 0x101240, 8) , (unique, 0x24f00, 1)
HF/PAL ops :

--- 0x101284 ---
Raw block  : 0x101284 -> next 0x105008
Instr count: 27
Terminal   : 0x1012f4 JMP 0x00101309
Raw succs  : ['0x101309']
Norm succs : None
HF block   : None
CFG edges  : []
STATUS     : no_hf_block
NOTE       : No PAL/HighFunction block mapped to this address.
Raw instructions:
   0x101284  MOV RDI,RAX
   0x101287  CALL 0x00101030
   0x10128c  LEA RAX,[0x1020b0]
   0x101293  MOV RDI,RAX
   0x101296  CALL 0x00101030
   0x10129b  LEA RAX,[0x102048]
   0x1012a2  MOV RDI,RAX
   0x1012a5  CALL 0x00101030
   0x1012aa  MOV RAX,qword ptr [RBP + -0x18]
   0x1012ae  MOV ESI,dword ptr [RAX + 0x8]
   0x1012b1  MOV RAX,qword ptr [RBP + -0x18]
   0x1012b5  MOV ECX,dword ptr [RAX + 0x4]
   0x1012b8  MOV RAX,qword ptr [RBP + -0x18]
   0x1012bc  MOV EDX,dword ptr [RAX]
   0x1012be  MOV RAX,qword ptr [RBP + -0x18]
   0x1012c2  MOV EAX,dword ptr [RAX + 0xc]
   0x1012c5  MOV R8D,ESI
   0x1012c8  MOV ESI,EAX
   0x1012ca  LEA RAX,[0x1020e0]
   0x1012d1  MOV RDI,RAX
   0x1012d4  MOV EAX,0x0
   0x1012d9  CALL 0x00101040
   0x1012de  LEA RAX,[0x102118]
   0x1012e5  MOV RDI,RAX
   0x1012e8  CALL 0x00101030
   0x1012ed  MOV dword ptr [RBP + -0x4],0x0
   0x1012f4  JMP 0x00101309
Terminal raw p-code:
     ---  BRANCH (ram, 0x101309, 8)
HF/PAL ops :

--- 0x10127f ---
Raw block  : 0x10127f -> next 0x105008
Instr count: 0
Terminal   : None None
Raw succs  : []
Norm succs : None
HF block   : None
CFG edges  : []
STATUS     : no_hf_block
NOTE       : No PAL/HighFunction block mapped to this address.
Raw instructions:
Terminal raw p-code:
HF/PAL ops :

========================================================================

===== PAL COMPUTE ANALYZER =====
{'kind': 'pal_compute_inventory_v22',
 'version': 'v23b_abi_thunk_compatibility_return_reconciliation',
 'runtime_representation': 'raw_unsigned_bitvector_at_ssa_boundaries',
 'operations': 0,
 'output_plans': 0,
 'control_contracts': 1,
 'c_compute_filtered': 0,
 'use_site_overrides': 0,
 'return_observation_view_mismatches': 0,
 'storage_custody_related_ops': 0,
 'indirect_custody_contracts': 0,
 'indirect_custody_resolved': 0,
 'indirect_custody_deferred': 0,
 'indirect_effect_owner_compute_ops': 0,
 'storage_family_bindings': 0,
 'function_entry_abi_plan': True,
 'call_site_abi_plans': 0,
 'internal_call_plan_failures': 0,
 'unsupported_implicit_inputs': 0,
 'abi_runtime_helper_assignments': 0,
 'no_return_calls': 0,
 'reachable_return_boundaries': 1,
 'unreachable_return_boundaries': 0,
 'synthetic_no_return_continuations_suppressed': 0,
 'statuses': {},
 'categories': {},
 'helpers': {},
 'opcodes': {},
 'warnings': 0}

[WARNINGS]
[]

[METADATA-ONLY COMPUTE BOUNDARIES]

[HELPER-REQUIRED CONTRACTS]

[INDIRECT STORAGE-CUSTODY CONTRACTS]

[INDIRECT CUSTODY INVENTORY]
{'kind': 'pal_compute_indirect_custody_inventory_v22d',
 'version': 'v23b_abi_thunk_compatibility_return_reconciliation',
 'resolver_transitions': 0,
 'compute_indirect_contracts': 0,
 'resolved_custody': 0,
 'deferred_custody': 0,
 'effect_owner_compute_bindings': 0,
 'effect_owner_compute_ops': 0,
 'owner_categories': {},
 'storage_families': 0,
 'storage_sid_bindings': 0,
 'address_escape_barrier_sids': 0,
 'parameter_storage_initializers': 0,
 'runtime_helpers': 0,
 'warnings': 0,
 'rule': 'INDIRECT_is_metadata_only_owner_bound_storage_transition'}

[ABI-D ENTRY/CALL PLAN INVENTORY]
{'kind': 'pal_compute_abi_plan_inventory_v23',
 'version': 'v23b_abi_thunk_compatibility_return_reconciliation',
 'function': '_ITM_deregisterTMCloneTable',
 'entry_plan_present': True,
 'entry_plan_status': 'ready',
 'fixed_arguments': 0,
 'implicit_inputs': 0,
 'implicit_inputs_unsupported': 0,
 'call_compute_contracts': 0,
 'call_site_plans': 0,
 'call_sites_without_plan': 0,
 'call_statuses': {},
 'dispatch_classes': {},
 'internal_calls': 0,
 'internal_calls_with_target_compatible_plan': 0,
 'internal_calls_without_target_compatible_plan': 0,
 'internal_calls_with_deferred_target_compatibility': 0,
 'internal_calls_with_incompatible_target': 0,
 'internal_calls_without_transport_plan': 0,
 'external_calls': 0,
 'thunk_calls': 0,
 'external_via_thunk_calls': 0,
 'thunk_endpoint_deferred_calls': 0,
 'thunk_calls_misclassified_internal': 0,
 'target_compatibility_overclaims': 0,
 'no_return_calls': 0,
 'result_carrier_contracts': 0,
 'abi_runtime_helper_assignments': 0,
 'warnings': 0,
 'acceptance_gates': {'every_emitted_function_has_entry_plan': True,
                      'every_call_has_call_site_plan': True,
                      'every_internal_call_has_target_compatible_plan': True,
                      'every_internal_call_has_carrier_transport_plan': True,
                      'no_resolved_thunk_misclassified_internal': True,
                      'no_target_compatibility_overclaim': True,
                      'no_implicit_input_is_unsupported': True,
                      'no_runtime_helper_assigned_by_ABI_guesswork': True},
 'return_boundary_reconciliation': {'kind': 'pal_compute_return_boundary_reconciliation_v23b',
                                    'version': 'v23b_abi_thunk_compatibility_return_reconciliation',
                                    'function': '_ITM_deregisterTMCloneTable',
                                    'entry_block_addr': 1069064,
                                    'cfg_evidence_available': True,
                                    'no_return_terminating_blocks': [],
                                    'no_return_call_op_keys': [],
                                    'return_boundaries': 1,
                                    'reachable_return_boundaries': 1,
                                    'unreachable_return_boundaries': 0,
                                    'deferred_return_boundaries': 0,
                                    'reachable_return_widths': [32],
                                    'width_reconciled': True,
                                    'synthetic_no_return_continuations_suppressed': 0,
                                    'rule': 'traverse_CFG_with_no_return_blocks_as_terminal_then_reconcile_reachable_raw_return_transports_only'},
 'rule': 'ABI_A_B_C_authority_only_thunk_endpoint_and_compatibility_tri_state_no_downstream_argument_reinference'}

[FUNCTION ENTRY ABI PLAN]
{'plan_id': 'function_entry:1069064',
 'status': 'ready',
 'callable_signature_status': 'legacy_non_variadic_fallback',
 'fixed_argument_count': 0,
 'implicit_input_count': 0,
 'variadic_register_save_area': {'required': False,
                                 'status': 'not_required',
                                 'slots': [],
                                 'gp_slots': [],
                                 'sse_slots': [],
                                 'fixed_variadic_partition_status': 'deferred_to_entry_protocol_analysis',
                                 'source': 'abi_context.registers',
                                 'authority': 'ABI_C_carriers_plus_variadic_contract'},
 'overflow_argument_area': {'required': False,
                            'status': 'not_required',
                            'source': 'abi_context.overflow_argument_area',
                            'observed_stack_carriers': [],
                            'materialization': 'consume_preclassified_overflow_slots',
                            'offset_inference_allowed': False,
                            'authority': 'ABI_C_stack_carriers_or_variadic_protocol'},
 'variadic_al': {'required': False,
                 'status': 'not_required',
                 'source': 'abi_context.variadic_xmm_count',
                 'inputs': [],
                 'default_allowed': False,
                 'authority': 'ABI_C_variadic_xmm_count_contract'},
 'frame_base': {'required': False,
                'status': 'not_observed',
                'source': 'abi_context.frame_base',
                'inputs': [],
                'derive_from_parameter_names': False,
                'authority': 'ABI_C_frame_state_custody'},
 'tls_base': {'required': False,
              'status': 'not_observed',
              'source': 'abi_context.tls_base',
              'inputs': [],
              'derive_from_expression_names': False,
              'authority': 'ABI_C_tls_state_custody'},
 'return_contract': {'kind': 'pal_compute_return_carrier_contract_abi_d',
                     'version': 'v23b_abi_thunk_compatibility_return_reconciliation',
                     'status': 'return_width_proven_carrier_deferred',
                     'no_return': False,
                     'output_sid': None,
                     'output_width_bits': None,
                     'declared_width_bits': None,
                     'effective_result_width_bits': 32,
                     'declared_return': {'name': 'undefined',
                                         'display_name': 'undefined',
                                         'class_name': 'DefaultDataType',
                                         'length_bytes': 1,
                                         'width_bits': 8,
                                         'signed': None,
                                         'kind_hint': None},
                     'return_storage': {'repr': '<UNASSIGNED>',
                                        'size_bytes': 0,
                                        'flags': {'register': False,
                                                  'stack': False,
                                                  'memory': False,
                                                  'unassigned': True,
                                                  'void': False,
                                                  'auto': False},
                                        'pieces': [],
                                        'storage_keys': []},
                     'carrier_pieces': [],
                     'normalization': {'mode': 'mask_to_output_width',
                                       'width_bits': 32,
                                       'mask': 4294967295},
                     'runtime_helper': None,
                     'runtime_helper_authority': 'no_ABI_runtime_helper_assigned',
                     'authority': 'reachable_raw_return_transport',
                     'reported_declared_width_bits': 8,
                     'declared_width_authoritative': False,
                     'declared_return_evidence_status': 'non_authoritative_default_or_unresolved_prototype',
                     'transport_width_bits': 32,
                     'logical_result_width_bits': 32,
                     'reachable_return_widths': [32],
                     'reachable_return_boundary_count': 1,
                     'unreachable_return_boundary_count': 0,
                     'deferred_return_boundary_count': 0},
 'reachable_return_boundaries': [{'block_addr': 1069064,
                                  'return_value_sid': 'c_1_4',
                                  'return_value_width_bits': 32,
                                  'return_transport_width_bits': 32,
                                  'return_logical_width_bits': 32,
                                  'return_declared_view': None,
                                  'return_boundary_authority': 'raw_return_register_transport',
                                  'return_reachability': 'reachable',
                                  'reachable_return': True,
                                  'execution_suppressed': False,
                                  'emission_policy': 'emit_reachable_return_boundary',
                                  'cut_by_no_return_blocks': [],
                                  'cut_by_no_return_call_op_keys': []}],
 'unreachable_return_boundaries': []}

[RETURN BOUNDARY RECONCILIATION]
{'kind': 'pal_compute_return_boundary_reconciliation_v23b',
 'version': 'v23b_abi_thunk_compatibility_return_reconciliation',
 'function': '_ITM_deregisterTMCloneTable',
 'entry_block_addr': 1069064,
 'cfg_evidence_available': True,
 'no_return_terminating_blocks': [],
 'no_return_call_op_keys': [],
 'return_boundaries': 1,
 'reachable_return_boundaries': 1,
 'unreachable_return_boundaries': 0,
 'deferred_return_boundaries': 0,
 'reachable_return_widths': [32],
 'width_reconciled': True,
 'synthetic_no_return_continuations_suppressed': 0,
 'rule': 'traverse_CFG_with_no_return_blocks_as_terminal_then_reconcile_reachable_raw_return_transports_only'}

[CALL SITE ABI PLANS]
===== END PAL COMPUTE ANALYZER =====


=========== SGL EXECUTION TREE ===========

sequence
  sequence
    block [0x105008]

=========== END TREE ===========

[SGL EXEC TREE PERSISTED] path=/home/rem/gh/PAL/pyghidra-PAL/PAL/PAL_logs/f_0000000000105008_ITM_deregisterTMCloneTable.sgl.exec_tree.log mode=append temporary=False delete_on_completion=False

[PHI DROP-INS]
------------------------------------------------------------
------------------------------------------------------------
{'kind': 'phi_compute_consumer_inactive_v21',
 'reason': 'PALCompute_metadata_not_present',
 'version': 'v21_compute_contract_consumers'}
[]
          OK -> functions.f_0000000000105008_ITM_deregisterTMCloneTable
[25/30] decompile <EXTERNAL>::puts @ 0x105010

===== CFG DEBUG =====

[EDGES]

[IPDOM]
0x105010 -> ipdom: None

=====================

===== PAL RESOLVER INDIRECT STORAGE v22c =====

[INVENTORY]
{'active': False,
 'address_tied_families': 0,
 'custody_transitions': 0,
 'effect_owner_groups': 0,
 'escape_barrier_sids': 0,
 'input_contracts': 0,
 'kind': 'resolver_indirect_storage_inventory_v22c',
 'machine_state_families': 0,
 'machine_state_sids': 0,
 'owner_categories': {},
 'parameter_initializers': 0,
 'persistent_families': 0,
 'rule': 'HighVariable_identity_families_plus_address_escape_alias_barrier',
 'runtime_order': 'CFG_governed_not_linearized',
 'storage_families': 0,
 'version': 'v22c_indirect_storage_families',
 'warnings': 0}

[STORAGE FAMILIES]

[PARAMETER INITIALIZERS / STORAGE WRITES]
[]

[WARNINGS]
[]
===== END PAL RESOLVER INDIRECT STORAGE =====

========================================================================
PALRAW AUDIT v0.3 :: raw instruction BLOCK p-code vs HF/PAL CFG
========================================================================

--- 0x10127f ---
Raw block  : 0x10127f -> next 0x105010
Instr count: 0
Terminal   : None None
Raw succs  : []
Norm succs : None
HF block   : None
CFG edges  : []
STATUS     : no_hf_block
NOTE       : No PAL/HighFunction block mapped to this address.
Raw instructions:
Terminal raw p-code:
HF/PAL ops :

--- 0x1011b6 ---
Raw block  : 0x1011b6 -> next 0x105010
Instr count: 0
Terminal   : None None
Raw succs  : []
Norm succs : None
HF block   : None
CFG edges  : []
STATUS     : no_hf_block
NOTE       : No PAL/HighFunction block mapped to this address.
Raw instructions:
Terminal raw p-code:
HF/PAL ops :

--- 0x101219 ---
Raw block  : 0x101219 -> next 0x105010
Instr count: 8
Terminal   : 0x10122d JNZ 0x00101240
Raw succs  : ['0x101240', '0x10122f']
Norm succs : None
HF block   : None
CFG edges  : []
STATUS     : no_hf_block
NOTE       : No PAL/HighFunction block mapped to this address.
Raw instructions:
   0x101219  PUSH RBP
   0x10121a  MOV RBP,RSP
   0x10121d  SUB RSP,0x10
   0x101221  MOV dword ptr [RBP + -0x4],EDI
   0x101224  MOV dword ptr [RBP + -0x8],ESI
   0x101227  MOV EAX,dword ptr [RBP + -0x4]
   0x10122a  CMP EAX,dword ptr [RBP + -0x8]
   0x10122d  JNZ 0x00101240
Terminal raw p-code:
    (unique, 0x24f00, 1) BOOL_NEGATE (register, 0x206, 1)
     ---  CBRANCH (ram, 0x101240, 8) , (unique, 0x24f00, 1)
HF/PAL ops :

--- 0x10120f ---
Raw block  : 0x10120f -> next 0x105010
Instr count: 0
Terminal   : None None
Raw succs  : []
Norm succs : None
HF block   : None
CFG edges  : []
STATUS     : no_hf_block
NOTE       : No PAL/HighFunction block mapped to this address.
Raw instructions:
Terminal raw p-code:
HF/PAL ops :

--- 0x101221 ---
Raw block  : 0x101221 -> next 0x105010
Instr count: 5
Terminal   : 0x10122d JNZ 0x00101240
Raw succs  : ['0x101240', '0x10122f']
Norm succs : None
HF block   : None
CFG edges  : []
STATUS     : no_hf_block
NOTE       : No PAL/HighFunction block mapped to this address.
Raw instructions:
   0x101221  MOV dword ptr [RBP + -0x4],EDI
   0x101224  MOV dword ptr [RBP + -0x8],ESI
   0x101227  MOV EAX,dword ptr [RBP + -0x4]
   0x10122a  CMP EAX,dword ptr [RBP + -0x8]
   0x10122d  JNZ 0x00101240
Terminal raw p-code:
    (unique, 0x24f00, 1) BOOL_NEGATE (register, 0x206, 1)
     ---  CBRANCH (ram, 0x101240, 8) , (unique, 0x24f00, 1)
HF/PAL ops :

--- 0x101284 ---
Raw block  : 0x101284 -> next 0x105010
Instr count: 27
Terminal   : 0x1012f4 JMP 0x00101309
Raw succs  : ['0x101309']
Norm succs : None
HF block   : None
CFG edges  : []
STATUS     : no_hf_block
NOTE       : No PAL/HighFunction block mapped to this address.
Raw instructions:
   0x101284  MOV RDI,RAX
   0x101287  CALL 0x00101030
   0x10128c  LEA RAX,[0x1020b0]
   0x101293  MOV RDI,RAX
   0x101296  CALL 0x00101030
   0x10129b  LEA RAX,[0x102048]
   0x1012a2  MOV RDI,RAX
   0x1012a5  CALL 0x00101030
   0x1012aa  MOV RAX,qword ptr [RBP + -0x18]
   0x1012ae  MOV ESI,dword ptr [RAX + 0x8]
   0x1012b1  MOV RAX,qword ptr [RBP + -0x18]
   0x1012b5  MOV ECX,dword ptr [RAX + 0x4]
   0x1012b8  MOV RAX,qword ptr [RBP + -0x18]
   0x1012bc  MOV EDX,dword ptr [RAX]
   0x1012be  MOV RAX,qword ptr [RBP + -0x18]
   0x1012c2  MOV EAX,dword ptr [RAX + 0xc]
   0x1012c5  MOV R8D,ESI
   0x1012c8  MOV ESI,EAX
   0x1012ca  LEA RAX,[0x1020e0]
   0x1012d1  MOV RDI,RAX
   0x1012d4  MOV EAX,0x0
   0x1012d9  CALL 0x00101040
   0x1012de  LEA RAX,[0x102118]
   0x1012e5  MOV RDI,RAX
   0x1012e8  CALL 0x00101030
   0x1012ed  MOV dword ptr [RBP + -0x4],0x0
   0x1012f4  JMP 0x00101309
Terminal raw p-code:
     ---  BRANCH (ram, 0x101309, 8)
HF/PAL ops :

--- 0x10127f ---
Raw block  : 0x10127f -> next 0x105010
Instr count: 0
Terminal   : None None
Raw succs  : []
Norm succs : None
HF block   : None
CFG edges  : []
STATUS     : no_hf_block
NOTE       : No PAL/HighFunction block mapped to this address.
Raw instructions:
Terminal raw p-code:
HF/PAL ops :

========================================================================

===== PAL COMPUTE ANALYZER =====
{'kind': 'pal_compute_inventory_v22',
 'version': 'v23b_abi_thunk_compatibility_return_reconciliation',
 'runtime_representation': 'raw_unsigned_bitvector_at_ssa_boundaries',
 'operations': 0,
 'output_plans': 0,
 'control_contracts': 1,
 'c_compute_filtered': 0,
 'use_site_overrides': 0,
 'return_observation_view_mismatches': 1,
 'storage_custody_related_ops': 0,
 'indirect_custody_contracts': 0,
 'indirect_custody_resolved': 0,
 'indirect_custody_deferred': 0,
 'indirect_effect_owner_compute_ops': 0,
 'storage_family_bindings': 0,
 'function_entry_abi_plan': True,
 'call_site_abi_plans': 0,
 'internal_call_plan_failures': 0,
 'unsupported_implicit_inputs': 0,
 'abi_runtime_helper_assignments': 0,
 'no_return_calls': 0,
 'reachable_return_boundaries': 1,
 'unreachable_return_boundaries': 0,
 'synthetic_no_return_continuations_suppressed': 0,
 'statuses': {},
 'categories': {},
 'helpers': {},
 'opcodes': {},
 'warnings': 0}

[WARNINGS]
[]

[METADATA-ONLY COMPUTE BOUNDARIES]

[HELPER-REQUIRED CONTRACTS]

[INDIRECT STORAGE-CUSTODY CONTRACTS]

[INDIRECT CUSTODY INVENTORY]
{'kind': 'pal_compute_indirect_custody_inventory_v22d',
 'version': 'v23b_abi_thunk_compatibility_return_reconciliation',
 'resolver_transitions': 0,
 'compute_indirect_contracts': 0,
 'resolved_custody': 0,
 'deferred_custody': 0,
 'effect_owner_compute_bindings': 0,
 'effect_owner_compute_ops': 0,
 'owner_categories': {},
 'storage_families': 0,
 'storage_sid_bindings': 0,
 'address_escape_barrier_sids': 0,
 'parameter_storage_initializers': 0,
 'runtime_helpers': 0,
 'warnings': 0,
 'rule': 'INDIRECT_is_metadata_only_owner_bound_storage_transition'}

[ABI-D ENTRY/CALL PLAN INVENTORY]
{'kind': 'pal_compute_abi_plan_inventory_v23',
 'version': 'v23b_abi_thunk_compatibility_return_reconciliation',
 'function': 'puts',
 'entry_plan_present': True,
 'entry_plan_status': 'ready',
 'fixed_arguments': 1,
 'implicit_inputs': 0,
 'implicit_inputs_unsupported': 0,
 'call_compute_contracts': 0,
 'call_site_plans': 0,
 'call_sites_without_plan': 0,
 'call_statuses': {},
 'dispatch_classes': {},
 'internal_calls': 0,
 'internal_calls_with_target_compatible_plan': 0,
 'internal_calls_without_target_compatible_plan': 0,
 'internal_calls_with_deferred_target_compatibility': 0,
 'internal_calls_with_incompatible_target': 0,
 'internal_calls_without_transport_plan': 0,
 'external_calls': 0,
 'thunk_calls': 0,
 'external_via_thunk_calls': 0,
 'thunk_endpoint_deferred_calls': 0,
 'thunk_calls_misclassified_internal': 0,
 'target_compatibility_overclaims': 0,
 'no_return_calls': 0,
 'result_carrier_contracts': 0,
 'abi_runtime_helper_assignments': 0,
 'warnings': 0,
 'acceptance_gates': {'every_emitted_function_has_entry_plan': True,
                      'every_call_has_call_site_plan': True,
                      'every_internal_call_has_target_compatible_plan': True,
                      'every_internal_call_has_carrier_transport_plan': True,
                      'no_resolved_thunk_misclassified_internal': True,
                      'no_target_compatibility_overclaim': True,
                      'no_implicit_input_is_unsupported': True,
                      'no_runtime_helper_assigned_by_ABI_guesswork': True},
 'return_boundary_reconciliation': {'kind': 'pal_compute_return_boundary_reconciliation_v23b',
                                    'version': 'v23b_abi_thunk_compatibility_return_reconciliation',
                                    'function': 'puts',
                                    'entry_block_addr': 1069072,
                                    'cfg_evidence_available': True,
                                    'no_return_terminating_blocks': [],
                                    'no_return_call_op_keys': [],
                                    'return_boundaries': 1,
                                    'reachable_return_boundaries': 1,
                                    'unreachable_return_boundaries': 0,
                                    'deferred_return_boundaries': 0,
                                    'reachable_return_widths': [32],
                                    'width_reconciled': True,
                                    'synthetic_no_return_continuations_suppressed': 0,
                                    'rule': 'traverse_CFG_with_no_return_blocks_as_terminal_then_reconcile_reachable_raw_return_transports_only'},
 'rule': 'ABI_A_B_C_authority_only_thunk_endpoint_and_compatibility_tri_state_no_downstream_argument_reinference'}

[FUNCTION ENTRY ABI PLAN]
{'plan_id': 'function_entry:1069072',
 'status': 'ready',
 'callable_signature_status': 'authoritative_logical_parameter_order',
 'fixed_argument_count': 1,
 'implicit_input_count': 0,
 'variadic_register_save_area': {'required': False,
                                 'status': 'not_required',
                                 'slots': [{'sid': 'v_3',
                                            'bank': 'gp',
                                            'index': 0,
                                            'register': 'RDI',
                                            'width_bits': 64,
                                            'canonical_alias': 'param_0',
                                            'owner_namespace': 'logical_parameter',
                                            'owner_role': 'callable_parameter_carrier',
                                            'materialization': 'capture_entry_register_bits',
                                            'source': 'abi_context.registers',
                                            'runtime_helper': None,
                                            'authority': 'PALSymbolResolver_ABI_C_physical_carrier_binding'}],
                                 'gp_slots': [{'sid': 'v_3',
                                               'bank': 'gp',
                                               'index': 0,
                                               'register': 'RDI',
                                               'width_bits': 64,
                                               'canonical_alias': 'param_0',
                                               'owner_namespace': 'logical_parameter',
                                               'owner_role': 'callable_parameter_carrier',
                                               'materialization': 'capture_entry_register_bits',
                                               'source': 'abi_context.registers',
                                               'runtime_helper': None,
                                               'authority': 'PALSymbolResolver_ABI_C_physical_carrier_binding'}],
                                 'sse_slots': [],
                                 'fixed_variadic_partition_status': 'deferred_to_entry_protocol_analysis',
                                 'source': 'abi_context.registers',
                                 'authority': 'ABI_C_carriers_plus_variadic_contract'},
 'overflow_argument_area': {'required': False,
                            'status': 'not_required',
                            'source': 'abi_context.overflow_argument_area',
                            'observed_stack_carriers': [],
                            'materialization': 'consume_preclassified_overflow_slots',
                            'offset_inference_allowed': False,
                            'authority': 'ABI_C_stack_carriers_or_variadic_protocol'},
 'variadic_al': {'required': False,
                 'status': 'not_required',
                 'source': 'abi_context.variadic_xmm_count',
                 'inputs': [],
                 'default_allowed': False,
                 'authority': 'ABI_C_variadic_xmm_count_contract'},
 'frame_base': {'required': False,
                'status': 'not_observed',
                'source': 'abi_context.frame_base',
                'inputs': [],
                'derive_from_parameter_names': False,
                'authority': 'ABI_C_frame_state_custody'},
 'tls_base': {'required': False,
              'status': 'not_observed',
              'source': 'abi_context.tls_base',
              'inputs': [],
              'derive_from_expression_names': False,
              'authority': 'ABI_C_tls_state_custody'},
 'return_contract': {'kind': 'pal_compute_return_carrier_contract_abi_d',
                     'version': 'v23b_abi_thunk_compatibility_return_reconciliation',
                     'status': 'physical_return_carrier_proven',
                     'no_return': False,
                     'output_sid': None,
                     'output_width_bits': None,
                     'declared_width_bits': 32,
                     'effective_result_width_bits': 32,
                     'declared_return': {'name': 'int',
                                         'display_name': 'int',
                                         'class_name': 'IntegerDataType',
                                         'length_bytes': 4,
                                         'width_bits': 32,
                                         'signed': True,
                                         'kind_hint': 'integer'},
                     'return_storage': {'repr': 'EAX:4',
                                        'size_bytes': 4,
                                        'flags': {'register': True,
                                                  'stack': False,
                                                  'memory': False,
                                                  'unassigned': False,
                                                  'void': False,
                                                  'auto': False},
                                        'pieces': [{'kind': 'register',
                                                    'space': 'register',
                                                    'offset': 0,
                                                    'size_bytes': 4,
                                                    'width_bits': 32,
                                                    'storage_key': 'register:0:4',
                                                    'register': {'name': 'EAX',
                                                                 'base_name': 'RAX',
                                                                 'size_bytes': 4,
                                                                 'repr': 'EAX'},
                                                    'flags': {'constant': False,
                                                              'register': True,
                                                              'address': False,
                                                              'unique': False,
                                                              'input': False,
                                                              'unaffected': False},
                                                    'repr': '(register, 0x0, '
                                                            '4)'}],
                                        'storage_keys': ['register:0:4']},
                     'carrier_pieces': [{'kind': 'register',
                                         'space': 'register',
                                         'offset': 0,
                                         'size_bytes': 4,
                                         'width_bits': 32,
                                         'storage_key': 'register:0:4',
                                         'register': {'name': 'EAX',
                                                      'base_name': 'RAX',
                                                      'size_bytes': 4,
                                                      'repr': 'EAX'},
                                         'flags': {'constant': False,
                                                   'register': True,
                                                   'address': False,
                                                   'unique': False,
                                                   'input': False,
                                                   'unaffected': False},
                                         'repr': '(register, 0x0, 4)'}],
                     'normalization': {'mode': 'mask_to_output_width',
                                       'width_bits': 32,
                                       'mask': 4294967295},
                     'runtime_helper': None,
                     'runtime_helper_authority': 'no_ABI_runtime_helper_assigned',
                     'authority': 'reachable_raw_return_transport_plus_authoritative_prototype',
                     'reported_declared_width_bits': 32,
                     'declared_width_authoritative': True,
                     'declared_return_evidence_status': 'authoritative_function_prototype',
                     'transport_width_bits': 32,
                     'logical_result_width_bits': 32,
                     'reachable_return_widths': [32],
                     'reachable_return_boundary_count': 1,
                     'unreachable_return_boundary_count': 0,
                     'deferred_return_boundary_count': 0},
 'reachable_return_boundaries': [{'block_addr': 1069072,
                                  'return_value_sid': 'c_1_4',
                                  'return_value_width_bits': 32,
                                  'return_transport_width_bits': 32,
                                  'return_logical_width_bits': 32,
                                  'return_declared_view': {'sid': 'c_1_4',
                                                           'width_bits': 32,
                                                           'domain': 'integer',
                                                           'signedness': 'signed',
                                                           'canonical_type': 's32'},
                                  'return_boundary_authority': 'function_signature_logical_width_plus_raw_transport',
                                  'return_reachability': 'reachable',
                                  'reachable_return': True,
                                  'execution_suppressed': False,
                                  'emission_policy': 'emit_reachable_return_boundary',
                                  'cut_by_no_return_blocks': [],
                                  'cut_by_no_return_call_op_keys': []}],
 'unreachable_return_boundaries': []}

[RETURN BOUNDARY RECONCILIATION]
{'kind': 'pal_compute_return_boundary_reconciliation_v23b',
 'version': 'v23b_abi_thunk_compatibility_return_reconciliation',
 'function': 'puts',
 'entry_block_addr': 1069072,
 'cfg_evidence_available': True,
 'no_return_terminating_blocks': [],
 'no_return_call_op_keys': [],
 'return_boundaries': 1,
 'reachable_return_boundaries': 1,
 'unreachable_return_boundaries': 0,
 'deferred_return_boundaries': 0,
 'reachable_return_widths': [32],
 'width_reconciled': True,
 'synthetic_no_return_continuations_suppressed': 0,
 'rule': 'traverse_CFG_with_no_return_blocks_as_terminal_then_reconcile_reachable_raw_return_transports_only'}

[CALL SITE ABI PLANS]
===== END PAL COMPUTE ANALYZER =====


=========== SGL EXECUTION TREE ===========

sequence
  sequence
    block [0x105010]

=========== END TREE ===========

[SGL EXEC TREE PERSISTED] path=/home/rem/gh/PAL/pyghidra-PAL/PAL/PAL_logs/f_0000000000105010_puts.sgl.exec_tree.log mode=append temporary=False delete_on_completion=False

[PHI DROP-INS]
------------------------------------------------------------
------------------------------------------------------------
{'kind': 'phi_compute_consumer_inactive_v21',
 'reason': 'PALCompute_metadata_not_present',
 'version': 'v21_compute_contract_consumers'}
[]
          OK -> functions.f_0000000000105010_puts
[26/30] decompile <EXTERNAL>::printf @ 0x105018

===== CFG DEBUG =====

[EDGES]

[IPDOM]
0x105018 -> ipdom: None

=====================

===== PAL RESOLVER INDIRECT STORAGE v22c =====

[INVENTORY]
{'active': False,
 'address_tied_families': 0,
 'custody_transitions': 0,
 'effect_owner_groups': 0,
 'escape_barrier_sids': 0,
 'input_contracts': 0,
 'kind': 'resolver_indirect_storage_inventory_v22c',
 'machine_state_families': 0,
 'machine_state_sids': 0,
 'owner_categories': {},
 'parameter_initializers': 0,
 'persistent_families': 0,
 'rule': 'HighVariable_identity_families_plus_address_escape_alias_barrier',
 'runtime_order': 'CFG_governed_not_linearized',
 'storage_families': 0,
 'version': 'v22c_indirect_storage_families',
 'warnings': 0}

[STORAGE FAMILIES]

[PARAMETER INITIALIZERS / STORAGE WRITES]
[]

[WARNINGS]
[]
===== END PAL RESOLVER INDIRECT STORAGE =====

========================================================================
PALRAW AUDIT v0.3 :: raw instruction BLOCK p-code vs HF/PAL CFG
========================================================================

--- 0x10127f ---
Raw block  : 0x10127f -> next 0x105018
Instr count: 0
Terminal   : None None
Raw succs  : []
Norm succs : None
HF block   : None
CFG edges  : []
STATUS     : no_hf_block
NOTE       : No PAL/HighFunction block mapped to this address.
Raw instructions:
Terminal raw p-code:
HF/PAL ops :

--- 0x1011b6 ---
Raw block  : 0x1011b6 -> next 0x105018
Instr count: 0
Terminal   : None None
Raw succs  : []
Norm succs : None
HF block   : None
CFG edges  : []
STATUS     : no_hf_block
NOTE       : No PAL/HighFunction block mapped to this address.
Raw instructions:
Terminal raw p-code:
HF/PAL ops :

--- 0x101219 ---
Raw block  : 0x101219 -> next 0x105018
Instr count: 8
Terminal   : 0x10122d JNZ 0x00101240
Raw succs  : ['0x101240', '0x10122f']
Norm succs : None
HF block   : None
CFG edges  : []
STATUS     : no_hf_block
NOTE       : No PAL/HighFunction block mapped to this address.
Raw instructions:
   0x101219  PUSH RBP
   0x10121a  MOV RBP,RSP
   0x10121d  SUB RSP,0x10
   0x101221  MOV dword ptr [RBP + -0x4],EDI
   0x101224  MOV dword ptr [RBP + -0x8],ESI
   0x101227  MOV EAX,dword ptr [RBP + -0x4]
   0x10122a  CMP EAX,dword ptr [RBP + -0x8]
   0x10122d  JNZ 0x00101240
Terminal raw p-code:
    (unique, 0x24f00, 1) BOOL_NEGATE (register, 0x206, 1)
     ---  CBRANCH (ram, 0x101240, 8) , (unique, 0x24f00, 1)
HF/PAL ops :

--- 0x10120f ---
Raw block  : 0x10120f -> next 0x105018
Instr count: 0
Terminal   : None None
Raw succs  : []
Norm succs : None
HF block   : None
CFG edges  : []
STATUS     : no_hf_block
NOTE       : No PAL/HighFunction block mapped to this address.
Raw instructions:
Terminal raw p-code:
HF/PAL ops :

--- 0x101221 ---
Raw block  : 0x101221 -> next 0x105018
Instr count: 5
Terminal   : 0x10122d JNZ 0x00101240
Raw succs  : ['0x101240', '0x10122f']
Norm succs : None
HF block   : None
CFG edges  : []
STATUS     : no_hf_block
NOTE       : No PAL/HighFunction block mapped to this address.
Raw instructions:
   0x101221  MOV dword ptr [RBP + -0x4],EDI
   0x101224  MOV dword ptr [RBP + -0x8],ESI
   0x101227  MOV EAX,dword ptr [RBP + -0x4]
   0x10122a  CMP EAX,dword ptr [RBP + -0x8]
   0x10122d  JNZ 0x00101240
Terminal raw p-code:
    (unique, 0x24f00, 1) BOOL_NEGATE (register, 0x206, 1)
     ---  CBRANCH (ram, 0x101240, 8) , (unique, 0x24f00, 1)
HF/PAL ops :

--- 0x101284 ---
Raw block  : 0x101284 -> next 0x105018
Instr count: 27
Terminal   : 0x1012f4 JMP 0x00101309
Raw succs  : ['0x101309']
Norm succs : None
HF block   : None
CFG edges  : []
STATUS     : no_hf_block
NOTE       : No PAL/HighFunction block mapped to this address.
Raw instructions:
   0x101284  MOV RDI,RAX
   0x101287  CALL 0x00101030
   0x10128c  LEA RAX,[0x1020b0]
   0x101293  MOV RDI,RAX
   0x101296  CALL 0x00101030
   0x10129b  LEA RAX,[0x102048]
   0x1012a2  MOV RDI,RAX
   0x1012a5  CALL 0x00101030
   0x1012aa  MOV RAX,qword ptr [RBP + -0x18]
   0x1012ae  MOV ESI,dword ptr [RAX + 0x8]
   0x1012b1  MOV RAX,qword ptr [RBP + -0x18]
   0x1012b5  MOV ECX,dword ptr [RAX + 0x4]
   0x1012b8  MOV RAX,qword ptr [RBP + -0x18]
   0x1012bc  MOV EDX,dword ptr [RAX]
   0x1012be  MOV RAX,qword ptr [RBP + -0x18]
   0x1012c2  MOV EAX,dword ptr [RAX + 0xc]
   0x1012c5  MOV R8D,ESI
   0x1012c8  MOV ESI,EAX
   0x1012ca  LEA RAX,[0x1020e0]
   0x1012d1  MOV RDI,RAX
   0x1012d4  MOV EAX,0x0
   0x1012d9  CALL 0x00101040
   0x1012de  LEA RAX,[0x102118]
   0x1012e5  MOV RDI,RAX
   0x1012e8  CALL 0x00101030
   0x1012ed  MOV dword ptr [RBP + -0x4],0x0
   0x1012f4  JMP 0x00101309
Terminal raw p-code:
     ---  BRANCH (ram, 0x101309, 8)
HF/PAL ops :

--- 0x10127f ---
Raw block  : 0x10127f -> next 0x105018
Instr count: 0
Terminal   : None None
Raw succs  : []
Norm succs : None
HF block   : None
CFG edges  : []
STATUS     : no_hf_block
NOTE       : No PAL/HighFunction block mapped to this address.
Raw instructions:
Terminal raw p-code:
HF/PAL ops :

========================================================================

===== PAL COMPUTE ANALYZER =====
{'kind': 'pal_compute_inventory_v22',
 'version': 'v23b_abi_thunk_compatibility_return_reconciliation',
 'runtime_representation': 'raw_unsigned_bitvector_at_ssa_boundaries',
 'operations': 0,
 'output_plans': 0,
 'control_contracts': 1,
 'c_compute_filtered': 0,
 'use_site_overrides': 0,
 'return_observation_view_mismatches': 1,
 'storage_custody_related_ops': 0,
 'indirect_custody_contracts': 0,
 'indirect_custody_resolved': 0,
 'indirect_custody_deferred': 0,
 'indirect_effect_owner_compute_ops': 0,
 'storage_family_bindings': 0,
 'function_entry_abi_plan': True,
 'call_site_abi_plans': 0,
 'internal_call_plan_failures': 0,
 'unsupported_implicit_inputs': 0,
 'abi_runtime_helper_assignments': 0,
 'no_return_calls': 0,
 'reachable_return_boundaries': 1,
 'unreachable_return_boundaries': 0,
 'synthetic_no_return_continuations_suppressed': 0,
 'statuses': {},
 'categories': {},
 'helpers': {},
 'opcodes': {},
 'warnings': 0}

[WARNINGS]
[]

[METADATA-ONLY COMPUTE BOUNDARIES]

[HELPER-REQUIRED CONTRACTS]

[INDIRECT STORAGE-CUSTODY CONTRACTS]

[INDIRECT CUSTODY INVENTORY]
{'kind': 'pal_compute_indirect_custody_inventory_v22d',
 'version': 'v23b_abi_thunk_compatibility_return_reconciliation',
 'resolver_transitions': 0,
 'compute_indirect_contracts': 0,
 'resolved_custody': 0,
 'deferred_custody': 0,
 'effect_owner_compute_bindings': 0,
 'effect_owner_compute_ops': 0,
 'owner_categories': {},
 'storage_families': 0,
 'storage_sid_bindings': 0,
 'address_escape_barrier_sids': 0,
 'parameter_storage_initializers': 0,
 'runtime_helpers': 0,
 'warnings': 0,
 'rule': 'INDIRECT_is_metadata_only_owner_bound_storage_transition'}

[ABI-D ENTRY/CALL PLAN INVENTORY]
{'kind': 'pal_compute_abi_plan_inventory_v23',
 'version': 'v23b_abi_thunk_compatibility_return_reconciliation',
 'function': 'printf',
 'entry_plan_present': True,
 'entry_plan_status': 'ready',
 'fixed_arguments': 1,
 'implicit_inputs': 0,
 'implicit_inputs_unsupported': 0,
 'call_compute_contracts': 0,
 'call_site_plans': 0,
 'call_sites_without_plan': 0,
 'call_statuses': {},
 'dispatch_classes': {},
 'internal_calls': 0,
 'internal_calls_with_target_compatible_plan': 0,
 'internal_calls_without_target_compatible_plan': 0,
 'internal_calls_with_deferred_target_compatibility': 0,
 'internal_calls_with_incompatible_target': 0,
 'internal_calls_without_transport_plan': 0,
 'external_calls': 0,
 'thunk_calls': 0,
 'external_via_thunk_calls': 0,
 'thunk_endpoint_deferred_calls': 0,
 'thunk_calls_misclassified_internal': 0,
 'target_compatibility_overclaims': 0,
 'no_return_calls': 0,
 'result_carrier_contracts': 0,
 'abi_runtime_helper_assignments': 0,
 'warnings': 0,
 'acceptance_gates': {'every_emitted_function_has_entry_plan': True,
                      'every_call_has_call_site_plan': True,
                      'every_internal_call_has_target_compatible_plan': True,
                      'every_internal_call_has_carrier_transport_plan': True,
                      'no_resolved_thunk_misclassified_internal': True,
                      'no_target_compatibility_overclaim': True,
                      'no_implicit_input_is_unsupported': True,
                      'no_runtime_helper_assigned_by_ABI_guesswork': True},
 'return_boundary_reconciliation': {'kind': 'pal_compute_return_boundary_reconciliation_v23b',
                                    'version': 'v23b_abi_thunk_compatibility_return_reconciliation',
                                    'function': 'printf',
                                    'entry_block_addr': 1069080,
                                    'cfg_evidence_available': True,
                                    'no_return_terminating_blocks': [],
                                    'no_return_call_op_keys': [],
                                    'return_boundaries': 1,
                                    'reachable_return_boundaries': 1,
                                    'unreachable_return_boundaries': 0,
                                    'deferred_return_boundaries': 0,
                                    'reachable_return_widths': [32],
                                    'width_reconciled': True,
                                    'synthetic_no_return_continuations_suppressed': 0,
                                    'rule': 'traverse_CFG_with_no_return_blocks_as_terminal_then_reconcile_reachable_raw_return_transports_only'},
 'rule': 'ABI_A_B_C_authority_only_thunk_endpoint_and_compatibility_tri_state_no_downstream_argument_reinference'}

[FUNCTION ENTRY ABI PLAN]
{'plan_id': 'function_entry:1069080',
 'status': 'ready',
 'callable_signature_status': 'authoritative_logical_parameter_order',
 'fixed_argument_count': 1,
 'implicit_input_count': 0,
 'variadic_register_save_area': {'required': True,
                                 'status': 'runtime_abi_context_required',
                                 'slots': [{'sid': 'v_3',
                                            'bank': 'gp',
                                            'index': 0,
                                            'register': 'RDI',
                                            'width_bits': 64,
                                            'canonical_alias': 'param_0',
                                            'owner_namespace': 'logical_parameter',
                                            'owner_role': 'callable_parameter_carrier',
                                            'materialization': 'capture_entry_register_bits',
                                            'source': 'abi_context.registers',
                                            'runtime_helper': None,
                                            'authority': 'PALSymbolResolver_ABI_C_physical_carrier_binding'}],
                                 'gp_slots': [{'sid': 'v_3',
                                               'bank': 'gp',
                                               'index': 0,
                                               'register': 'RDI',
                                               'width_bits': 64,
                                               'canonical_alias': 'param_0',
                                               'owner_namespace': 'logical_parameter',
                                               'owner_role': 'callable_parameter_carrier',
                                               'materialization': 'capture_entry_register_bits',
                                               'source': 'abi_context.registers',
                                               'runtime_helper': None,
                                               'authority': 'PALSymbolResolver_ABI_C_physical_carrier_binding'}],
                                 'sse_slots': [],
                                 'fixed_variadic_partition_status': 'deferred_to_entry_protocol_analysis',
                                 'source': 'abi_context.registers',
                                 'authority': 'ABI_C_carriers_plus_variadic_contract'},
 'overflow_argument_area': {'required': True,
                            'status': 'runtime_abi_context_required',
                            'source': 'abi_context.overflow_argument_area',
                            'observed_stack_carriers': [],
                            'materialization': 'consume_preclassified_overflow_slots',
                            'offset_inference_allowed': False,
                            'authority': 'ABI_C_stack_carriers_or_variadic_protocol'},
 'variadic_al': {'required': True,
                 'status': 'runtime_abi_context_required',
                 'source': 'abi_context.variadic_xmm_count',
                 'inputs': [],
                 'default_allowed': False,
                 'authority': 'ABI_C_variadic_xmm_count_contract'},
 'frame_base': {'required': False,
                'status': 'not_observed',
                'source': 'abi_context.frame_base',
                'inputs': [],
                'derive_from_parameter_names': False,
                'authority': 'ABI_C_frame_state_custody'},
 'tls_base': {'required': False,
              'status': 'not_observed',
              'source': 'abi_context.tls_base',
              'inputs': [],
              'derive_from_expression_names': False,
              'authority': 'ABI_C_tls_state_custody'},
 'return_contract': {'kind': 'pal_compute_return_carrier_contract_abi_d',
                     'version': 'v23b_abi_thunk_compatibility_return_reconciliation',
                     'status': 'physical_return_carrier_proven',
                     'no_return': False,
                     'output_sid': None,
                     'output_width_bits': None,
                     'declared_width_bits': 32,
                     'effective_result_width_bits': 32,
                     'declared_return': {'name': 'int',
                                         'display_name': 'int',
                                         'class_name': 'IntegerDataType',
                                         'length_bytes': 4,
                                         'width_bits': 32,
                                         'signed': True,
                                         'kind_hint': 'integer'},
                     'return_storage': {'repr': 'EAX:4',
                                        'size_bytes': 4,
                                        'flags': {'register': True,
                                                  'stack': False,
                                                  'memory': False,
                                                  'unassigned': False,
                                                  'void': False,
                                                  'auto': False},
                                        'pieces': [{'kind': 'register',
                                                    'space': 'register',
                                                    'offset': 0,
                                                    'size_bytes': 4,
                                                    'width_bits': 32,
                                                    'storage_key': 'register:0:4',
                                                    'register': {'name': 'EAX',
                                                                 'base_name': 'RAX',
                                                                 'size_bytes': 4,
                                                                 'repr': 'EAX'},
                                                    'flags': {'constant': False,
                                                              'register': True,
                                                              'address': False,
                                                              'unique': False,
                                                              'input': False,
                                                              'unaffected': False},
                                                    'repr': '(register, 0x0, '
                                                            '4)'}],
                                        'storage_keys': ['register:0:4']},
                     'carrier_pieces': [{'kind': 'register',
                                         'space': 'register',
                                         'offset': 0,
                                         'size_bytes': 4,
                                         'width_bits': 32,
                                         'storage_key': 'register:0:4',
                                         'register': {'name': 'EAX',
                                                      'base_name': 'RAX',
                                                      'size_bytes': 4,
                                                      'repr': 'EAX'},
                                         'flags': {'constant': False,
                                                   'register': True,
                                                   'address': False,
                                                   'unique': False,
                                                   'input': False,
                                                   'unaffected': False},
                                         'repr': '(register, 0x0, 4)'}],
                     'normalization': {'mode': 'mask_to_output_width',
                                       'width_bits': 32,
                                       'mask': 4294967295},
                     'runtime_helper': None,
                     'runtime_helper_authority': 'no_ABI_runtime_helper_assigned',
                     'authority': 'reachable_raw_return_transport_plus_authoritative_prototype',
                     'reported_declared_width_bits': 32,
                     'declared_width_authoritative': True,
                     'declared_return_evidence_status': 'authoritative_function_prototype',
                     'transport_width_bits': 32,
                     'logical_result_width_bits': 32,
                     'reachable_return_widths': [32],
                     'reachable_return_boundary_count': 1,
                     'unreachable_return_boundary_count': 0,
                     'deferred_return_boundary_count': 0},
 'reachable_return_boundaries': [{'block_addr': 1069080,
                                  'return_value_sid': 'c_1_4',
                                  'return_value_width_bits': 32,
                                  'return_transport_width_bits': 32,
                                  'return_logical_width_bits': 32,
                                  'return_declared_view': {'sid': 'c_1_4',
                                                           'width_bits': 32,
                                                           'domain': 'integer',
                                                           'signedness': 'signed',
                                                           'canonical_type': 's32'},
                                  'return_boundary_authority': 'function_signature_logical_width_plus_raw_transport',
                                  'return_reachability': 'reachable',
                                  'reachable_return': True,
                                  'execution_suppressed': False,
                                  'emission_policy': 'emit_reachable_return_boundary',
                                  'cut_by_no_return_blocks': [],
                                  'cut_by_no_return_call_op_keys': []}],
 'unreachable_return_boundaries': []}

[RETURN BOUNDARY RECONCILIATION]
{'kind': 'pal_compute_return_boundary_reconciliation_v23b',
 'version': 'v23b_abi_thunk_compatibility_return_reconciliation',
 'function': 'printf',
 'entry_block_addr': 1069080,
 'cfg_evidence_available': True,
 'no_return_terminating_blocks': [],
 'no_return_call_op_keys': [],
 'return_boundaries': 1,
 'reachable_return_boundaries': 1,
 'unreachable_return_boundaries': 0,
 'deferred_return_boundaries': 0,
 'reachable_return_widths': [32],
 'width_reconciled': True,
 'synthetic_no_return_continuations_suppressed': 0,
 'rule': 'traverse_CFG_with_no_return_blocks_as_terminal_then_reconcile_reachable_raw_return_transports_only'}

[CALL SITE ABI PLANS]
===== END PAL COMPUTE ANALYZER =====


=========== SGL EXECUTION TREE ===========

sequence
  sequence
    block [0x105018]

=========== END TREE ===========

[SGL EXEC TREE PERSISTED] path=/home/rem/gh/PAL/pyghidra-PAL/PAL/PAL_logs/f_0000000000105018_printf.sgl.exec_tree.log mode=append temporary=False delete_on_completion=False

[PHI DROP-INS]
------------------------------------------------------------
------------------------------------------------------------
{'kind': 'phi_compute_consumer_inactive_v21',
 'reason': 'PALCompute_metadata_not_present',
 'version': 'v21_compute_contract_consumers'}
[]
          OK -> functions.f_0000000000105018_printf
[27/30] decompile <EXTERNAL>::fgets @ 0x105020

===== CFG DEBUG =====

[EDGES]

[IPDOM]
0x105020 -> ipdom: None

=====================

===== PAL RESOLVER INDIRECT STORAGE v22c =====

[INVENTORY]
{'active': False,
 'address_tied_families': 0,
 'custody_transitions': 0,
 'effect_owner_groups': 0,
 'escape_barrier_sids': 0,
 'input_contracts': 0,
 'kind': 'resolver_indirect_storage_inventory_v22c',
 'machine_state_families': 0,
 'machine_state_sids': 0,
 'owner_categories': {},
 'parameter_initializers': 0,
 'persistent_families': 0,
 'rule': 'HighVariable_identity_families_plus_address_escape_alias_barrier',
 'runtime_order': 'CFG_governed_not_linearized',
 'storage_families': 0,
 'version': 'v22c_indirect_storage_families',
 'warnings': 0}

[STORAGE FAMILIES]

[PARAMETER INITIALIZERS / STORAGE WRITES]
[]

[WARNINGS]
[]
===== END PAL RESOLVER INDIRECT STORAGE =====

========================================================================
PALRAW AUDIT v0.3 :: raw instruction BLOCK p-code vs HF/PAL CFG
========================================================================

--- 0x10127f ---
Raw block  : 0x10127f -> next 0x105020
Instr count: 0
Terminal   : None None
Raw succs  : []
Norm succs : None
HF block   : None
CFG edges  : []
STATUS     : no_hf_block
NOTE       : No PAL/HighFunction block mapped to this address.
Raw instructions:
Terminal raw p-code:
HF/PAL ops :

--- 0x1011b6 ---
Raw block  : 0x1011b6 -> next 0x105020
Instr count: 0
Terminal   : None None
Raw succs  : []
Norm succs : None
HF block   : None
CFG edges  : []
STATUS     : no_hf_block
NOTE       : No PAL/HighFunction block mapped to this address.
Raw instructions:
Terminal raw p-code:
HF/PAL ops :

--- 0x101219 ---
Raw block  : 0x101219 -> next 0x105020
Instr count: 8
Terminal   : 0x10122d JNZ 0x00101240
Raw succs  : ['0x101240', '0x10122f']
Norm succs : None
HF block   : None
CFG edges  : []
STATUS     : no_hf_block
NOTE       : No PAL/HighFunction block mapped to this address.
Raw instructions:
   0x101219  PUSH RBP
   0x10121a  MOV RBP,RSP
   0x10121d  SUB RSP,0x10
   0x101221  MOV dword ptr [RBP + -0x4],EDI
   0x101224  MOV dword ptr [RBP + -0x8],ESI
   0x101227  MOV EAX,dword ptr [RBP + -0x4]
   0x10122a  CMP EAX,dword ptr [RBP + -0x8]
   0x10122d  JNZ 0x00101240
Terminal raw p-code:
    (unique, 0x24f00, 1) BOOL_NEGATE (register, 0x206, 1)
     ---  CBRANCH (ram, 0x101240, 8) , (unique, 0x24f00, 1)
HF/PAL ops :

--- 0x10120f ---
Raw block  : 0x10120f -> next 0x105020
Instr count: 0
Terminal   : None None
Raw succs  : []
Norm succs : None
HF block   : None
CFG edges  : []
STATUS     : no_hf_block
NOTE       : No PAL/HighFunction block mapped to this address.
Raw instructions:
Terminal raw p-code:
HF/PAL ops :

--- 0x101221 ---
Raw block  : 0x101221 -> next 0x105020
Instr count: 5
Terminal   : 0x10122d JNZ 0x00101240
Raw succs  : ['0x101240', '0x10122f']
Norm succs : None
HF block   : None
CFG edges  : []
STATUS     : no_hf_block
NOTE       : No PAL/HighFunction block mapped to this address.
Raw instructions:
   0x101221  MOV dword ptr [RBP + -0x4],EDI
   0x101224  MOV dword ptr [RBP + -0x8],ESI
   0x101227  MOV EAX,dword ptr [RBP + -0x4]
   0x10122a  CMP EAX,dword ptr [RBP + -0x8]
   0x10122d  JNZ 0x00101240
Terminal raw p-code:
    (unique, 0x24f00, 1) BOOL_NEGATE (register, 0x206, 1)
     ---  CBRANCH (ram, 0x101240, 8) , (unique, 0x24f00, 1)
HF/PAL ops :

--- 0x101284 ---
Raw block  : 0x101284 -> next 0x105020
Instr count: 27
Terminal   : 0x1012f4 JMP 0x00101309
Raw succs  : ['0x101309']
Norm succs : None
HF block   : None
CFG edges  : []
STATUS     : no_hf_block
NOTE       : No PAL/HighFunction block mapped to this address.
Raw instructions:
   0x101284  MOV RDI,RAX
   0x101287  CALL 0x00101030
   0x10128c  LEA RAX,[0x1020b0]
   0x101293  MOV RDI,RAX
   0x101296  CALL 0x00101030
   0x10129b  LEA RAX,[0x102048]
   0x1012a2  MOV RDI,RAX
   0x1012a5  CALL 0x00101030
   0x1012aa  MOV RAX,qword ptr [RBP + -0x18]
   0x1012ae  MOV ESI,dword ptr [RAX + 0x8]
   0x1012b1  MOV RAX,qword ptr [RBP + -0x18]
   0x1012b5  MOV ECX,dword ptr [RAX + 0x4]
   0x1012b8  MOV RAX,qword ptr [RBP + -0x18]
   0x1012bc  MOV EDX,dword ptr [RAX]
   0x1012be  MOV RAX,qword ptr [RBP + -0x18]
   0x1012c2  MOV EAX,dword ptr [RAX + 0xc]
   0x1012c5  MOV R8D,ESI
   0x1012c8  MOV ESI,EAX
   0x1012ca  LEA RAX,[0x1020e0]
   0x1012d1  MOV RDI,RAX
   0x1012d4  MOV EAX,0x0
   0x1012d9  CALL 0x00101040
   0x1012de  LEA RAX,[0x102118]
   0x1012e5  MOV RDI,RAX
   0x1012e8  CALL 0x00101030
   0x1012ed  MOV dword ptr [RBP + -0x4],0x0
   0x1012f4  JMP 0x00101309
Terminal raw p-code:
     ---  BRANCH (ram, 0x101309, 8)
HF/PAL ops :

--- 0x10127f ---
Raw block  : 0x10127f -> next 0x105020
Instr count: 0
Terminal   : None None
Raw succs  : []
Norm succs : None
HF block   : None
CFG edges  : []
STATUS     : no_hf_block
NOTE       : No PAL/HighFunction block mapped to this address.
Raw instructions:
Terminal raw p-code:
HF/PAL ops :

========================================================================

===== PAL COMPUTE ANALYZER =====
{'kind': 'pal_compute_inventory_v22',
 'version': 'v23b_abi_thunk_compatibility_return_reconciliation',
 'runtime_representation': 'raw_unsigned_bitvector_at_ssa_boundaries',
 'operations': 0,
 'output_plans': 0,
 'control_contracts': 1,
 'c_compute_filtered': 0,
 'use_site_overrides': 0,
 'return_observation_view_mismatches': 1,
 'storage_custody_related_ops': 0,
 'indirect_custody_contracts': 0,
 'indirect_custody_resolved': 0,
 'indirect_custody_deferred': 0,
 'indirect_effect_owner_compute_ops': 0,
 'storage_family_bindings': 0,
 'function_entry_abi_plan': True,
 'call_site_abi_plans': 0,
 'internal_call_plan_failures': 0,
 'unsupported_implicit_inputs': 0,
 'abi_runtime_helper_assignments': 0,
 'no_return_calls': 0,
 'reachable_return_boundaries': 1,
 'unreachable_return_boundaries': 0,
 'synthetic_no_return_continuations_suppressed': 0,
 'statuses': {},
 'categories': {},
 'helpers': {},
 'opcodes': {},
 'warnings': 0}

[WARNINGS]
[]

[METADATA-ONLY COMPUTE BOUNDARIES]

[HELPER-REQUIRED CONTRACTS]

[INDIRECT STORAGE-CUSTODY CONTRACTS]

[INDIRECT CUSTODY INVENTORY]
{'kind': 'pal_compute_indirect_custody_inventory_v22d',
 'version': 'v23b_abi_thunk_compatibility_return_reconciliation',
 'resolver_transitions': 0,
 'compute_indirect_contracts': 0,
 'resolved_custody': 0,
 'deferred_custody': 0,
 'effect_owner_compute_bindings': 0,
 'effect_owner_compute_ops': 0,
 'owner_categories': {},
 'storage_families': 0,
 'storage_sid_bindings': 0,
 'address_escape_barrier_sids': 0,
 'parameter_storage_initializers': 0,
 'runtime_helpers': 0,
 'warnings': 0,
 'rule': 'INDIRECT_is_metadata_only_owner_bound_storage_transition'}

[ABI-D ENTRY/CALL PLAN INVENTORY]
{'kind': 'pal_compute_abi_plan_inventory_v23',
 'version': 'v23b_abi_thunk_compatibility_return_reconciliation',
 'function': 'fgets',
 'entry_plan_present': True,
 'entry_plan_status': 'ready',
 'fixed_arguments': 3,
 'implicit_inputs': 0,
 'implicit_inputs_unsupported': 0,
 'call_compute_contracts': 0,
 'call_site_plans': 0,
 'call_sites_without_plan': 0,
 'call_statuses': {},
 'dispatch_classes': {},
 'internal_calls': 0,
 'internal_calls_with_target_compatible_plan': 0,
 'internal_calls_without_target_compatible_plan': 0,
 'internal_calls_with_deferred_target_compatibility': 0,
 'internal_calls_with_incompatible_target': 0,
 'internal_calls_without_transport_plan': 0,
 'external_calls': 0,
 'thunk_calls': 0,
 'external_via_thunk_calls': 0,
 'thunk_endpoint_deferred_calls': 0,
 'thunk_calls_misclassified_internal': 0,
 'target_compatibility_overclaims': 0,
 'no_return_calls': 0,
 'result_carrier_contracts': 0,
 'abi_runtime_helper_assignments': 0,
 'warnings': 0,
 'acceptance_gates': {'every_emitted_function_has_entry_plan': True,
                      'every_call_has_call_site_plan': True,
                      'every_internal_call_has_target_compatible_plan': True,
                      'every_internal_call_has_carrier_transport_plan': True,
                      'no_resolved_thunk_misclassified_internal': True,
                      'no_target_compatibility_overclaim': True,
                      'no_implicit_input_is_unsupported': True,
                      'no_runtime_helper_assigned_by_ABI_guesswork': True},
 'return_boundary_reconciliation': {'kind': 'pal_compute_return_boundary_reconciliation_v23b',
                                    'version': 'v23b_abi_thunk_compatibility_return_reconciliation',
                                    'function': 'fgets',
                                    'entry_block_addr': 1069088,
                                    'cfg_evidence_available': True,
                                    'no_return_terminating_blocks': [],
                                    'no_return_call_op_keys': [],
                                    'return_boundaries': 1,
                                    'reachable_return_boundaries': 1,
                                    'unreachable_return_boundaries': 0,
                                    'deferred_return_boundaries': 0,
                                    'reachable_return_widths': [32],
                                    'width_reconciled': True,
                                    'synthetic_no_return_continuations_suppressed': 0,
                                    'rule': 'traverse_CFG_with_no_return_blocks_as_terminal_then_reconcile_reachable_raw_return_transports_only'},
 'rule': 'ABI_A_B_C_authority_only_thunk_endpoint_and_compatibility_tri_state_no_downstream_argument_reinference'}

[FUNCTION ENTRY ABI PLAN]
{'plan_id': 'function_entry:1069088',
 'status': 'ready',
 'callable_signature_status': 'authoritative_logical_parameter_order',
 'fixed_argument_count': 3,
 'implicit_input_count': 0,
 'variadic_register_save_area': {'required': False,
                                 'status': 'not_required',
                                 'slots': [{'sid': 'v_3',
                                            'bank': 'gp',
                                            'index': 0,
                                            'register': 'RDI',
                                            'width_bits': 64,
                                            'canonical_alias': 'param_1',
                                            'owner_namespace': 'logical_parameter',
                                            'owner_role': 'callable_parameter_carrier',
                                            'materialization': 'capture_entry_register_bits',
                                            'source': 'abi_context.registers',
                                            'runtime_helper': None,
                                            'authority': 'PALSymbolResolver_ABI_C_physical_carrier_binding'},
                                           {'sid': 'v_4',
                                            'bank': 'gp',
                                            'index': 1,
                                            'register': 'ESI',
                                            'width_bits': 32,
                                            'canonical_alias': 'param_0',
                                            'owner_namespace': 'logical_parameter',
                                            'owner_role': 'callable_parameter_carrier',
                                            'materialization': 'capture_entry_register_bits',
                                            'source': 'abi_context.registers',
                                            'runtime_helper': None,
                                            'authority': 'PALSymbolResolver_ABI_C_physical_carrier_binding'},
                                           {'sid': 'v_5',
                                            'bank': 'gp',
                                            'index': 2,
                                            'register': 'RDX',
                                            'width_bits': 64,
                                            'canonical_alias': 'param_2',
                                            'owner_namespace': 'logical_parameter',
                                            'owner_role': 'callable_parameter_carrier',
                                            'materialization': 'capture_entry_register_bits',
                                            'source': 'abi_context.registers',
                                            'runtime_helper': None,
                                            'authority': 'PALSymbolResolver_ABI_C_physical_carrier_binding'}],
                                 'gp_slots': [{'sid': 'v_3',
                                               'bank': 'gp',
                                               'index': 0,
                                               'register': 'RDI',
                                               'width_bits': 64,
                                               'canonical_alias': 'param_1',
                                               'owner_namespace': 'logical_parameter',
                                               'owner_role': 'callable_parameter_carrier',
                                               'materialization': 'capture_entry_register_bits',
                                               'source': 'abi_context.registers',
                                               'runtime_helper': None,
                                               'authority': 'PALSymbolResolver_ABI_C_physical_carrier_binding'},
                                              {'sid': 'v_4',
                                               'bank': 'gp',
                                               'index': 1,
                                               'register': 'ESI',
                                               'width_bits': 32,
                                               'canonical_alias': 'param_0',
                                               'owner_namespace': 'logical_parameter',
                                               'owner_role': 'callable_parameter_carrier',
                                               'materialization': 'capture_entry_register_bits',
                                               'source': 'abi_context.registers',
                                               'runtime_helper': None,
                                               'authority': 'PALSymbolResolver_ABI_C_physical_carrier_binding'},
                                              {'sid': 'v_5',
                                               'bank': 'gp',
                                               'index': 2,
                                               'register': 'RDX',
                                               'width_bits': 64,
                                               'canonical_alias': 'param_2',
                                               'owner_namespace': 'logical_parameter',
                                               'owner_role': 'callable_parameter_carrier',
                                               'materialization': 'capture_entry_register_bits',
                                               'source': 'abi_context.registers',
                                               'runtime_helper': None,
                                               'authority': 'PALSymbolResolver_ABI_C_physical_carrier_binding'}],
                                 'sse_slots': [],
                                 'fixed_variadic_partition_status': 'deferred_to_entry_protocol_analysis',
                                 'source': 'abi_context.registers',
                                 'authority': 'ABI_C_carriers_plus_variadic_contract'},
 'overflow_argument_area': {'required': False,
                            'status': 'not_required',
                            'source': 'abi_context.overflow_argument_area',
                            'observed_stack_carriers': [],
                            'materialization': 'consume_preclassified_overflow_slots',
                            'offset_inference_allowed': False,
                            'authority': 'ABI_C_stack_carriers_or_variadic_protocol'},
 'variadic_al': {'required': False,
                 'status': 'not_required',
                 'source': 'abi_context.variadic_xmm_count',
                 'inputs': [],
                 'default_allowed': False,
                 'authority': 'ABI_C_variadic_xmm_count_contract'},
 'frame_base': {'required': False,
                'status': 'not_observed',
                'source': 'abi_context.frame_base',
                'inputs': [],
                'derive_from_parameter_names': False,
                'authority': 'ABI_C_frame_state_custody'},
 'tls_base': {'required': False,
              'status': 'not_observed',
              'source': 'abi_context.tls_base',
              'inputs': [],
              'derive_from_expression_names': False,
              'authority': 'ABI_C_tls_state_custody'},
 'return_contract': {'kind': 'pal_compute_return_carrier_contract_abi_d',
                     'version': 'v23b_abi_thunk_compatibility_return_reconciliation',
                     'status': 'physical_return_carrier_proven',
                     'no_return': False,
                     'output_sid': None,
                     'output_width_bits': None,
                     'declared_width_bits': 64,
                     'effective_result_width_bits': 64,
                     'declared_return': {'name': 'char *',
                                         'display_name': 'char *',
                                         'class_name': 'PointerDB',
                                         'length_bytes': 8,
                                         'width_bits': 64,
                                         'signed': None,
                                         'kind_hint': 'pointer',
                                         'element_type': {'name': 'char',
                                                          'display_name': 'char',
                                                          'class_name': 'CharDataType',
                                                          'length_bytes': 1,
                                                          'width_bits': 8,
                                                          'signed': True,
                                                          'kind_hint': 'integer'}},
                     'return_storage': {'repr': 'RAX:8',
                                        'size_bytes': 8,
                                        'flags': {'register': True,
                                                  'stack': False,
                                                  'memory': False,
                                                  'unassigned': False,
                                                  'void': False,
                                                  'auto': False},
                                        'pieces': [{'kind': 'register',
                                                    'space': 'register',
                                                    'offset': 0,
                                                    'size_bytes': 8,
                                                    'width_bits': 64,
                                                    'storage_key': 'register:0:8',
                                                    'register': {'name': 'RAX',
                                                                 'base_name': 'RAX',
                                                                 'size_bytes': 8,
                                                                 'repr': 'RAX'},
                                                    'flags': {'constant': False,
                                                              'register': True,
                                                              'address': False,
                                                              'unique': False,
                                                              'input': False,
                                                              'unaffected': False},
                                                    'repr': '(register, 0x0, '
                                                            '8)'}],
                                        'storage_keys': ['register:0:8']},
                     'carrier_pieces': [{'kind': 'register',
                                         'space': 'register',
                                         'offset': 0,
                                         'size_bytes': 8,
                                         'width_bits': 64,
                                         'storage_key': 'register:0:8',
                                         'register': {'name': 'RAX',
                                                      'base_name': 'RAX',
                                                      'size_bytes': 8,
                                                      'repr': 'RAX'},
                                         'flags': {'constant': False,
                                                   'register': True,
                                                   'address': False,
                                                   'unique': False,
                                                   'input': False,
                                                   'unaffected': False},
                                         'repr': '(register, 0x0, 8)'}],
                     'normalization': {'mode': 'mask_to_output_width',
                                       'width_bits': 64,
                                       'mask': 18446744073709551615},
                     'runtime_helper': None,
                     'runtime_helper_authority': 'no_ABI_runtime_helper_assigned',
                     'authority': 'reachable_raw_return_transport_plus_authoritative_prototype',
                     'reported_declared_width_bits': 64,
                     'declared_width_authoritative': True,
                     'declared_return_evidence_status': 'authoritative_function_prototype',
                     'transport_width_bits': 32,
                     'logical_result_width_bits': 64,
                     'reachable_return_widths': [32],
                     'reachable_return_boundary_count': 1,
                     'unreachable_return_boundary_count': 0,
                     'deferred_return_boundary_count': 0},
 'reachable_return_boundaries': [{'block_addr': 1069088,
                                  'return_value_sid': 'c_1_4',
                                  'return_value_width_bits': 64,
                                  'return_transport_width_bits': 32,
                                  'return_logical_width_bits': 64,
                                  'return_declared_view': {'sid': 'c_1_4',
                                                           'width_bits': 64,
                                                           'domain': 'pointer',
                                                           'signedness': 'unsigned',
                                                           'canonical_type': 'ptr64'},
                                  'return_boundary_authority': 'function_signature_logical_width_plus_raw_transport',
                                  'return_reachability': 'reachable',
                                  'reachable_return': True,
                                  'execution_suppressed': False,
                                  'emission_policy': 'emit_reachable_return_boundary',
                                  'cut_by_no_return_blocks': [],
                                  'cut_by_no_return_call_op_keys': []}],
 'unreachable_return_boundaries': []}

[RETURN BOUNDARY RECONCILIATION]
{'kind': 'pal_compute_return_boundary_reconciliation_v23b',
 'version': 'v23b_abi_thunk_compatibility_return_reconciliation',
 'function': 'fgets',
 'entry_block_addr': 1069088,
 'cfg_evidence_available': True,
 'no_return_terminating_blocks': [],
 'no_return_call_op_keys': [],
 'return_boundaries': 1,
 'reachable_return_boundaries': 1,
 'unreachable_return_boundaries': 0,
 'deferred_return_boundaries': 0,
 'reachable_return_widths': [32],
 'width_reconciled': True,
 'synthetic_no_return_continuations_suppressed': 0,
 'rule': 'traverse_CFG_with_no_return_blocks_as_terminal_then_reconcile_reachable_raw_return_transports_only'}

[CALL SITE ABI PLANS]
===== END PAL COMPUTE ANALYZER =====


=========== SGL EXECUTION TREE ===========

sequence
  sequence
    block [0x105020]

=========== END TREE ===========

[SGL EXEC TREE PERSISTED] path=/home/rem/gh/PAL/pyghidra-PAL/PAL/PAL_logs/f_0000000000105020_fgets.sgl.exec_tree.log mode=append temporary=False delete_on_completion=False

[PHI DROP-INS]
------------------------------------------------------------
------------------------------------------------------------
{'kind': 'phi_compute_consumer_inactive_v21',
 'reason': 'PALCompute_metadata_not_present',
 'version': 'v21_compute_contract_consumers'}
[]
          OK -> functions.f_0000000000105020_fgets
[28/30] decompile <EXTERNAL>::__gmon_start__ @ 0x105028

===== CFG DEBUG =====

[EDGES]

[IPDOM]
0x105028 -> ipdom: None

=====================

===== PAL RESOLVER INDIRECT STORAGE v22c =====

[INVENTORY]
{'active': False,
 'address_tied_families': 0,
 'custody_transitions': 0,
 'effect_owner_groups': 0,
 'escape_barrier_sids': 0,
 'input_contracts': 0,
 'kind': 'resolver_indirect_storage_inventory_v22c',
 'machine_state_families': 0,
 'machine_state_sids': 0,
 'owner_categories': {},
 'parameter_initializers': 0,
 'persistent_families': 0,
 'rule': 'HighVariable_identity_families_plus_address_escape_alias_barrier',
 'runtime_order': 'CFG_governed_not_linearized',
 'storage_families': 0,
 'version': 'v22c_indirect_storage_families',
 'warnings': 0}

[STORAGE FAMILIES]

[PARAMETER INITIALIZERS / STORAGE WRITES]
[]

[WARNINGS]
[]
===== END PAL RESOLVER INDIRECT STORAGE =====

========================================================================
PALRAW AUDIT v0.3 :: raw instruction BLOCK p-code vs HF/PAL CFG
========================================================================

--- 0x10127f ---
Raw block  : 0x10127f -> next 0x105028
Instr count: 0
Terminal   : None None
Raw succs  : []
Norm succs : None
HF block   : None
CFG edges  : []
STATUS     : no_hf_block
NOTE       : No PAL/HighFunction block mapped to this address.
Raw instructions:
Terminal raw p-code:
HF/PAL ops :

--- 0x1011b6 ---
Raw block  : 0x1011b6 -> next 0x105028
Instr count: 0
Terminal   : None None
Raw succs  : []
Norm succs : None
HF block   : None
CFG edges  : []
STATUS     : no_hf_block
NOTE       : No PAL/HighFunction block mapped to this address.
Raw instructions:
Terminal raw p-code:
HF/PAL ops :

--- 0x101219 ---
Raw block  : 0x101219 -> next 0x105028
Instr count: 8
Terminal   : 0x10122d JNZ 0x00101240
Raw succs  : ['0x101240', '0x10122f']
Norm succs : None
HF block   : None
CFG edges  : []
STATUS     : no_hf_block
NOTE       : No PAL/HighFunction block mapped to this address.
Raw instructions:
   0x101219  PUSH RBP
   0x10121a  MOV RBP,RSP
   0x10121d  SUB RSP,0x10
   0x101221  MOV dword ptr [RBP + -0x4],EDI
   0x101224  MOV dword ptr [RBP + -0x8],ESI
   0x101227  MOV EAX,dword ptr [RBP + -0x4]
   0x10122a  CMP EAX,dword ptr [RBP + -0x8]
   0x10122d  JNZ 0x00101240
Terminal raw p-code:
    (unique, 0x24f00, 1) BOOL_NEGATE (register, 0x206, 1)
     ---  CBRANCH (ram, 0x101240, 8) , (unique, 0x24f00, 1)
HF/PAL ops :

--- 0x10120f ---
Raw block  : 0x10120f -> next 0x105028
Instr count: 0
Terminal   : None None
Raw succs  : []
Norm succs : None
HF block   : None
CFG edges  : []
STATUS     : no_hf_block
NOTE       : No PAL/HighFunction block mapped to this address.
Raw instructions:
Terminal raw p-code:
HF/PAL ops :

--- 0x101221 ---
Raw block  : 0x101221 -> next 0x105028
Instr count: 5
Terminal   : 0x10122d JNZ 0x00101240
Raw succs  : ['0x101240', '0x10122f']
Norm succs : None
HF block   : None
CFG edges  : []
STATUS     : no_hf_block
NOTE       : No PAL/HighFunction block mapped to this address.
Raw instructions:
   0x101221  MOV dword ptr [RBP + -0x4],EDI
   0x101224  MOV dword ptr [RBP + -0x8],ESI
   0x101227  MOV EAX,dword ptr [RBP + -0x4]
   0x10122a  CMP EAX,dword ptr [RBP + -0x8]
   0x10122d  JNZ 0x00101240
Terminal raw p-code:
    (unique, 0x24f00, 1) BOOL_NEGATE (register, 0x206, 1)
     ---  CBRANCH (ram, 0x101240, 8) , (unique, 0x24f00, 1)
HF/PAL ops :

--- 0x101284 ---
Raw block  : 0x101284 -> next 0x105028
Instr count: 27
Terminal   : 0x1012f4 JMP 0x00101309
Raw succs  : ['0x101309']
Norm succs : None
HF block   : None
CFG edges  : []
STATUS     : no_hf_block
NOTE       : No PAL/HighFunction block mapped to this address.
Raw instructions:
   0x101284  MOV RDI,RAX
   0x101287  CALL 0x00101030
   0x10128c  LEA RAX,[0x1020b0]
   0x101293  MOV RDI,RAX
   0x101296  CALL 0x00101030
   0x10129b  LEA RAX,[0x102048]
   0x1012a2  MOV RDI,RAX
   0x1012a5  CALL 0x00101030
   0x1012aa  MOV RAX,qword ptr [RBP + -0x18]
   0x1012ae  MOV ESI,dword ptr [RAX + 0x8]
   0x1012b1  MOV RAX,qword ptr [RBP + -0x18]
   0x1012b5  MOV ECX,dword ptr [RAX + 0x4]
   0x1012b8  MOV RAX,qword ptr [RBP + -0x18]
   0x1012bc  MOV EDX,dword ptr [RAX]
   0x1012be  MOV RAX,qword ptr [RBP + -0x18]
   0x1012c2  MOV EAX,dword ptr [RAX + 0xc]
   0x1012c5  MOV R8D,ESI
   0x1012c8  MOV ESI,EAX
   0x1012ca  LEA RAX,[0x1020e0]
   0x1012d1  MOV RDI,RAX
   0x1012d4  MOV EAX,0x0
   0x1012d9  CALL 0x00101040
   0x1012de  LEA RAX,[0x102118]
   0x1012e5  MOV RDI,RAX
   0x1012e8  CALL 0x00101030
   0x1012ed  MOV dword ptr [RBP + -0x4],0x0
   0x1012f4  JMP 0x00101309
Terminal raw p-code:
     ---  BRANCH (ram, 0x101309, 8)
HF/PAL ops :

--- 0x10127f ---
Raw block  : 0x10127f -> next 0x105028
Instr count: 0
Terminal   : None None
Raw succs  : []
Norm succs : None
HF block   : None
CFG edges  : []
STATUS     : no_hf_block
NOTE       : No PAL/HighFunction block mapped to this address.
Raw instructions:
Terminal raw p-code:
HF/PAL ops :

========================================================================

===== PAL COMPUTE ANALYZER =====
{'kind': 'pal_compute_inventory_v22',
 'version': 'v23b_abi_thunk_compatibility_return_reconciliation',
 'runtime_representation': 'raw_unsigned_bitvector_at_ssa_boundaries',
 'operations': 0,
 'output_plans': 0,
 'control_contracts': 1,
 'c_compute_filtered': 0,
 'use_site_overrides': 0,
 'return_observation_view_mismatches': 0,
 'storage_custody_related_ops': 0,
 'indirect_custody_contracts': 0,
 'indirect_custody_resolved': 0,
 'indirect_custody_deferred': 0,
 'indirect_effect_owner_compute_ops': 0,
 'storage_family_bindings': 0,
 'function_entry_abi_plan': True,
 'call_site_abi_plans': 0,
 'internal_call_plan_failures': 0,
 'unsupported_implicit_inputs': 0,
 'abi_runtime_helper_assignments': 0,
 'no_return_calls': 0,
 'reachable_return_boundaries': 1,
 'unreachable_return_boundaries': 0,
 'synthetic_no_return_continuations_suppressed': 0,
 'statuses': {},
 'categories': {},
 'helpers': {},
 'opcodes': {},
 'warnings': 0}

[WARNINGS]
[]

[METADATA-ONLY COMPUTE BOUNDARIES]

[HELPER-REQUIRED CONTRACTS]

[INDIRECT STORAGE-CUSTODY CONTRACTS]

[INDIRECT CUSTODY INVENTORY]
{'kind': 'pal_compute_indirect_custody_inventory_v22d',
 'version': 'v23b_abi_thunk_compatibility_return_reconciliation',
 'resolver_transitions': 0,
 'compute_indirect_contracts': 0,
 'resolved_custody': 0,
 'deferred_custody': 0,
 'effect_owner_compute_bindings': 0,
 'effect_owner_compute_ops': 0,
 'owner_categories': {},
 'storage_families': 0,
 'storage_sid_bindings': 0,
 'address_escape_barrier_sids': 0,
 'parameter_storage_initializers': 0,
 'runtime_helpers': 0,
 'warnings': 0,
 'rule': 'INDIRECT_is_metadata_only_owner_bound_storage_transition'}

[ABI-D ENTRY/CALL PLAN INVENTORY]
{'kind': 'pal_compute_abi_plan_inventory_v23',
 'version': 'v23b_abi_thunk_compatibility_return_reconciliation',
 'function': '__gmon_start__',
 'entry_plan_present': True,
 'entry_plan_status': 'ready',
 'fixed_arguments': 0,
 'implicit_inputs': 0,
 'implicit_inputs_unsupported': 0,
 'call_compute_contracts': 0,
 'call_site_plans': 0,
 'call_sites_without_plan': 0,
 'call_statuses': {},
 'dispatch_classes': {},
 'internal_calls': 0,
 'internal_calls_with_target_compatible_plan': 0,
 'internal_calls_without_target_compatible_plan': 0,
 'internal_calls_with_deferred_target_compatibility': 0,
 'internal_calls_with_incompatible_target': 0,
 'internal_calls_without_transport_plan': 0,
 'external_calls': 0,
 'thunk_calls': 0,
 'external_via_thunk_calls': 0,
 'thunk_endpoint_deferred_calls': 0,
 'thunk_calls_misclassified_internal': 0,
 'target_compatibility_overclaims': 0,
 'no_return_calls': 0,
 'result_carrier_contracts': 0,
 'abi_runtime_helper_assignments': 0,
 'warnings': 0,
 'acceptance_gates': {'every_emitted_function_has_entry_plan': True,
                      'every_call_has_call_site_plan': True,
                      'every_internal_call_has_target_compatible_plan': True,
                      'every_internal_call_has_carrier_transport_plan': True,
                      'no_resolved_thunk_misclassified_internal': True,
                      'no_target_compatibility_overclaim': True,
                      'no_implicit_input_is_unsupported': True,
                      'no_runtime_helper_assigned_by_ABI_guesswork': True},
 'return_boundary_reconciliation': {'kind': 'pal_compute_return_boundary_reconciliation_v23b',
                                    'version': 'v23b_abi_thunk_compatibility_return_reconciliation',
                                    'function': '__gmon_start__',
                                    'entry_block_addr': 1069096,
                                    'cfg_evidence_available': True,
                                    'no_return_terminating_blocks': [],
                                    'no_return_call_op_keys': [],
                                    'return_boundaries': 1,
                                    'reachable_return_boundaries': 1,
                                    'unreachable_return_boundaries': 0,
                                    'deferred_return_boundaries': 0,
                                    'reachable_return_widths': [32],
                                    'width_reconciled': True,
                                    'synthetic_no_return_continuations_suppressed': 0,
                                    'rule': 'traverse_CFG_with_no_return_blocks_as_terminal_then_reconcile_reachable_raw_return_transports_only'},
 'rule': 'ABI_A_B_C_authority_only_thunk_endpoint_and_compatibility_tri_state_no_downstream_argument_reinference'}

[FUNCTION ENTRY ABI PLAN]
{'plan_id': 'function_entry:1069096',
 'status': 'ready',
 'callable_signature_status': 'legacy_non_variadic_fallback',
 'fixed_argument_count': 0,
 'implicit_input_count': 0,
 'variadic_register_save_area': {'required': False,
                                 'status': 'not_required',
                                 'slots': [],
                                 'gp_slots': [],
                                 'sse_slots': [],
                                 'fixed_variadic_partition_status': 'deferred_to_entry_protocol_analysis',
                                 'source': 'abi_context.registers',
                                 'authority': 'ABI_C_carriers_plus_variadic_contract'},
 'overflow_argument_area': {'required': False,
                            'status': 'not_required',
                            'source': 'abi_context.overflow_argument_area',
                            'observed_stack_carriers': [],
                            'materialization': 'consume_preclassified_overflow_slots',
                            'offset_inference_allowed': False,
                            'authority': 'ABI_C_stack_carriers_or_variadic_protocol'},
 'variadic_al': {'required': False,
                 'status': 'not_required',
                 'source': 'abi_context.variadic_xmm_count',
                 'inputs': [],
                 'default_allowed': False,
                 'authority': 'ABI_C_variadic_xmm_count_contract'},
 'frame_base': {'required': False,
                'status': 'not_observed',
                'source': 'abi_context.frame_base',
                'inputs': [],
                'derive_from_parameter_names': False,
                'authority': 'ABI_C_frame_state_custody'},
 'tls_base': {'required': False,
              'status': 'not_observed',
              'source': 'abi_context.tls_base',
              'inputs': [],
              'derive_from_expression_names': False,
              'authority': 'ABI_C_tls_state_custody'},
 'return_contract': {'kind': 'pal_compute_return_carrier_contract_abi_d',
                     'version': 'v23b_abi_thunk_compatibility_return_reconciliation',
                     'status': 'return_width_proven_carrier_deferred',
                     'no_return': False,
                     'output_sid': None,
                     'output_width_bits': None,
                     'declared_width_bits': None,
                     'effective_result_width_bits': 32,
                     'declared_return': {'name': 'undefined',
                                         'display_name': 'undefined',
                                         'class_name': 'DefaultDataType',
                                         'length_bytes': 1,
                                         'width_bits': 8,
                                         'signed': None,
                                         'kind_hint': None},
                     'return_storage': {'repr': '<UNASSIGNED>',
                                        'size_bytes': 0,
                                        'flags': {'register': False,
                                                  'stack': False,
                                                  'memory': False,
                                                  'unassigned': True,
                                                  'void': False,
                                                  'auto': False},
                                        'pieces': [],
                                        'storage_keys': []},
                     'carrier_pieces': [],
                     'normalization': {'mode': 'mask_to_output_width',
                                       'width_bits': 32,
                                       'mask': 4294967295},
                     'runtime_helper': None,
                     'runtime_helper_authority': 'no_ABI_runtime_helper_assigned',
                     'authority': 'reachable_raw_return_transport',
                     'reported_declared_width_bits': 8,
                     'declared_width_authoritative': False,
                     'declared_return_evidence_status': 'non_authoritative_default_or_unresolved_prototype',
                     'transport_width_bits': 32,
                     'logical_result_width_bits': 32,
                     'reachable_return_widths': [32],
                     'reachable_return_boundary_count': 1,
                     'unreachable_return_boundary_count': 0,
                     'deferred_return_boundary_count': 0},
 'reachable_return_boundaries': [{'block_addr': 1069096,
                                  'return_value_sid': 'c_1_4',
                                  'return_value_width_bits': 32,
                                  'return_transport_width_bits': 32,
                                  'return_logical_width_bits': 32,
                                  'return_declared_view': None,
                                  'return_boundary_authority': 'raw_return_register_transport',
                                  'return_reachability': 'reachable',
                                  'reachable_return': True,
                                  'execution_suppressed': False,
                                  'emission_policy': 'emit_reachable_return_boundary',
                                  'cut_by_no_return_blocks': [],
                                  'cut_by_no_return_call_op_keys': []}],
 'unreachable_return_boundaries': []}

[RETURN BOUNDARY RECONCILIATION]
{'kind': 'pal_compute_return_boundary_reconciliation_v23b',
 'version': 'v23b_abi_thunk_compatibility_return_reconciliation',
 'function': '__gmon_start__',
 'entry_block_addr': 1069096,
 'cfg_evidence_available': True,
 'no_return_terminating_blocks': [],
 'no_return_call_op_keys': [],
 'return_boundaries': 1,
 'reachable_return_boundaries': 1,
 'unreachable_return_boundaries': 0,
 'deferred_return_boundaries': 0,
 'reachable_return_widths': [32],
 'width_reconciled': True,
 'synthetic_no_return_continuations_suppressed': 0,
 'rule': 'traverse_CFG_with_no_return_blocks_as_terminal_then_reconcile_reachable_raw_return_transports_only'}

[CALL SITE ABI PLANS]
===== END PAL COMPUTE ANALYZER =====


=========== SGL EXECUTION TREE ===========

sequence
  sequence
    block [0x105028]

=========== END TREE ===========

[SGL EXEC TREE PERSISTED] path=/home/rem/gh/PAL/pyghidra-PAL/PAL/PAL_logs/f_0000000000105028_gmon_start.sgl.exec_tree.log mode=append temporary=False delete_on_completion=False

[PHI DROP-INS]
------------------------------------------------------------
------------------------------------------------------------
{'kind': 'phi_compute_consumer_inactive_v21',
 'reason': 'PALCompute_metadata_not_present',
 'version': 'v21_compute_contract_consumers'}
[]
          OK -> functions.f_0000000000105028_gmon_start
[29/30] decompile <EXTERNAL>::_ITM_registerTMCloneTable @ 0x105030

===== CFG DEBUG =====

[EDGES]

[IPDOM]
0x105030 -> ipdom: None

=====================

===== PAL RESOLVER INDIRECT STORAGE v22c =====

[INVENTORY]
{'active': False,
 'address_tied_families': 0,
 'custody_transitions': 0,
 'effect_owner_groups': 0,
 'escape_barrier_sids': 0,
 'input_contracts': 0,
 'kind': 'resolver_indirect_storage_inventory_v22c',
 'machine_state_families': 0,
 'machine_state_sids': 0,
 'owner_categories': {},
 'parameter_initializers': 0,
 'persistent_families': 0,
 'rule': 'HighVariable_identity_families_plus_address_escape_alias_barrier',
 'runtime_order': 'CFG_governed_not_linearized',
 'storage_families': 0,
 'version': 'v22c_indirect_storage_families',
 'warnings': 0}

[STORAGE FAMILIES]

[PARAMETER INITIALIZERS / STORAGE WRITES]
[]

[WARNINGS]
[]
===== END PAL RESOLVER INDIRECT STORAGE =====

========================================================================
PALRAW AUDIT v0.3 :: raw instruction BLOCK p-code vs HF/PAL CFG
========================================================================

--- 0x10127f ---
Raw block  : 0x10127f -> next 0x105030
Instr count: 0
Terminal   : None None
Raw succs  : []
Norm succs : None
HF block   : None
CFG edges  : []
STATUS     : no_hf_block
NOTE       : No PAL/HighFunction block mapped to this address.
Raw instructions:
Terminal raw p-code:
HF/PAL ops :

--- 0x1011b6 ---
Raw block  : 0x1011b6 -> next 0x105030
Instr count: 0
Terminal   : None None
Raw succs  : []
Norm succs : None
HF block   : None
CFG edges  : []
STATUS     : no_hf_block
NOTE       : No PAL/HighFunction block mapped to this address.
Raw instructions:
Terminal raw p-code:
HF/PAL ops :

--- 0x101219 ---
Raw block  : 0x101219 -> next 0x105030
Instr count: 8
Terminal   : 0x10122d JNZ 0x00101240
Raw succs  : ['0x101240', '0x10122f']
Norm succs : None
HF block   : None
CFG edges  : []
STATUS     : no_hf_block
NOTE       : No PAL/HighFunction block mapped to this address.
Raw instructions:
   0x101219  PUSH RBP
   0x10121a  MOV RBP,RSP
   0x10121d  SUB RSP,0x10
   0x101221  MOV dword ptr [RBP + -0x4],EDI
   0x101224  MOV dword ptr [RBP + -0x8],ESI
   0x101227  MOV EAX,dword ptr [RBP + -0x4]
   0x10122a  CMP EAX,dword ptr [RBP + -0x8]
   0x10122d  JNZ 0x00101240
Terminal raw p-code:
    (unique, 0x24f00, 1) BOOL_NEGATE (register, 0x206, 1)
     ---  CBRANCH (ram, 0x101240, 8) , (unique, 0x24f00, 1)
HF/PAL ops :

--- 0x10120f ---
Raw block  : 0x10120f -> next 0x105030
Instr count: 0
Terminal   : None None
Raw succs  : []
Norm succs : None
HF block   : None
CFG edges  : []
STATUS     : no_hf_block
NOTE       : No PAL/HighFunction block mapped to this address.
Raw instructions:
Terminal raw p-code:
HF/PAL ops :

--- 0x101221 ---
Raw block  : 0x101221 -> next 0x105030
Instr count: 5
Terminal   : 0x10122d JNZ 0x00101240
Raw succs  : ['0x101240', '0x10122f']
Norm succs : None
HF block   : None
CFG edges  : []
STATUS     : no_hf_block
NOTE       : No PAL/HighFunction block mapped to this address.
Raw instructions:
   0x101221  MOV dword ptr [RBP + -0x4],EDI
   0x101224  MOV dword ptr [RBP + -0x8],ESI
   0x101227  MOV EAX,dword ptr [RBP + -0x4]
   0x10122a  CMP EAX,dword ptr [RBP + -0x8]
   0x10122d  JNZ 0x00101240
Terminal raw p-code:
    (unique, 0x24f00, 1) BOOL_NEGATE (register, 0x206, 1)
     ---  CBRANCH (ram, 0x101240, 8) , (unique, 0x24f00, 1)
HF/PAL ops :

--- 0x101284 ---
Raw block  : 0x101284 -> next 0x105030
Instr count: 27
Terminal   : 0x1012f4 JMP 0x00101309
Raw succs  : ['0x101309']
Norm succs : None
HF block   : None
CFG edges  : []
STATUS     : no_hf_block
NOTE       : No PAL/HighFunction block mapped to this address.
Raw instructions:
   0x101284  MOV RDI,RAX
   0x101287  CALL 0x00101030
   0x10128c  LEA RAX,[0x1020b0]
   0x101293  MOV RDI,RAX
   0x101296  CALL 0x00101030
   0x10129b  LEA RAX,[0x102048]
   0x1012a2  MOV RDI,RAX
   0x1012a5  CALL 0x00101030
   0x1012aa  MOV RAX,qword ptr [RBP + -0x18]
   0x1012ae  MOV ESI,dword ptr [RAX + 0x8]
   0x1012b1  MOV RAX,qword ptr [RBP + -0x18]
   0x1012b5  MOV ECX,dword ptr [RAX + 0x4]
   0x1012b8  MOV RAX,qword ptr [RBP + -0x18]
   0x1012bc  MOV EDX,dword ptr [RAX]
   0x1012be  MOV RAX,qword ptr [RBP + -0x18]
   0x1012c2  MOV EAX,dword ptr [RAX + 0xc]
   0x1012c5  MOV R8D,ESI
   0x1012c8  MOV ESI,EAX
   0x1012ca  LEA RAX,[0x1020e0]
   0x1012d1  MOV RDI,RAX
   0x1012d4  MOV EAX,0x0
   0x1012d9  CALL 0x00101040
   0x1012de  LEA RAX,[0x102118]
   0x1012e5  MOV RDI,RAX
   0x1012e8  CALL 0x00101030
   0x1012ed  MOV dword ptr [RBP + -0x4],0x0
   0x1012f4  JMP 0x00101309
Terminal raw p-code:
     ---  BRANCH (ram, 0x101309, 8)
HF/PAL ops :

--- 0x10127f ---
Raw block  : 0x10127f -> next 0x105030
Instr count: 0
Terminal   : None None
Raw succs  : []
Norm succs : None
HF block   : None
CFG edges  : []
STATUS     : no_hf_block
NOTE       : No PAL/HighFunction block mapped to this address.
Raw instructions:
Terminal raw p-code:
HF/PAL ops :

========================================================================

===== PAL COMPUTE ANALYZER =====
{'kind': 'pal_compute_inventory_v22',
 'version': 'v23b_abi_thunk_compatibility_return_reconciliation',
 'runtime_representation': 'raw_unsigned_bitvector_at_ssa_boundaries',
 'operations': 0,
 'output_plans': 0,
 'control_contracts': 1,
 'c_compute_filtered': 0,
 'use_site_overrides': 0,
 'return_observation_view_mismatches': 0,
 'storage_custody_related_ops': 0,
 'indirect_custody_contracts': 0,
 'indirect_custody_resolved': 0,
 'indirect_custody_deferred': 0,
 'indirect_effect_owner_compute_ops': 0,
 'storage_family_bindings': 0,
 'function_entry_abi_plan': True,
 'call_site_abi_plans': 0,
 'internal_call_plan_failures': 0,
 'unsupported_implicit_inputs': 0,
 'abi_runtime_helper_assignments': 0,
 'no_return_calls': 0,
 'reachable_return_boundaries': 1,
 'unreachable_return_boundaries': 0,
 'synthetic_no_return_continuations_suppressed': 0,
 'statuses': {},
 'categories': {},
 'helpers': {},
 'opcodes': {},
 'warnings': 0}

[WARNINGS]
[]

[METADATA-ONLY COMPUTE BOUNDARIES]

[HELPER-REQUIRED CONTRACTS]

[INDIRECT STORAGE-CUSTODY CONTRACTS]

[INDIRECT CUSTODY INVENTORY]
{'kind': 'pal_compute_indirect_custody_inventory_v22d',
 'version': 'v23b_abi_thunk_compatibility_return_reconciliation',
 'resolver_transitions': 0,
 'compute_indirect_contracts': 0,
 'resolved_custody': 0,
 'deferred_custody': 0,
 'effect_owner_compute_bindings': 0,
 'effect_owner_compute_ops': 0,
 'owner_categories': {},
 'storage_families': 0,
 'storage_sid_bindings': 0,
 'address_escape_barrier_sids': 0,
 'parameter_storage_initializers': 0,
 'runtime_helpers': 0,
 'warnings': 0,
 'rule': 'INDIRECT_is_metadata_only_owner_bound_storage_transition'}

[ABI-D ENTRY/CALL PLAN INVENTORY]
{'kind': 'pal_compute_abi_plan_inventory_v23',
 'version': 'v23b_abi_thunk_compatibility_return_reconciliation',
 'function': '_ITM_registerTMCloneTable',
 'entry_plan_present': True,
 'entry_plan_status': 'ready',
 'fixed_arguments': 0,
 'implicit_inputs': 0,
 'implicit_inputs_unsupported': 0,
 'call_compute_contracts': 0,
 'call_site_plans': 0,
 'call_sites_without_plan': 0,
 'call_statuses': {},
 'dispatch_classes': {},
 'internal_calls': 0,
 'internal_calls_with_target_compatible_plan': 0,
 'internal_calls_without_target_compatible_plan': 0,
 'internal_calls_with_deferred_target_compatibility': 0,
 'internal_calls_with_incompatible_target': 0,
 'internal_calls_without_transport_plan': 0,
 'external_calls': 0,
 'thunk_calls': 0,
 'external_via_thunk_calls': 0,
 'thunk_endpoint_deferred_calls': 0,
 'thunk_calls_misclassified_internal': 0,
 'target_compatibility_overclaims': 0,
 'no_return_calls': 0,
 'result_carrier_contracts': 0,
 'abi_runtime_helper_assignments': 0,
 'warnings': 0,
 'acceptance_gates': {'every_emitted_function_has_entry_plan': True,
                      'every_call_has_call_site_plan': True,
                      'every_internal_call_has_target_compatible_plan': True,
                      'every_internal_call_has_carrier_transport_plan': True,
                      'no_resolved_thunk_misclassified_internal': True,
                      'no_target_compatibility_overclaim': True,
                      'no_implicit_input_is_unsupported': True,
                      'no_runtime_helper_assigned_by_ABI_guesswork': True},
 'return_boundary_reconciliation': {'kind': 'pal_compute_return_boundary_reconciliation_v23b',
                                    'version': 'v23b_abi_thunk_compatibility_return_reconciliation',
                                    'function': '_ITM_registerTMCloneTable',
                                    'entry_block_addr': 1069104,
                                    'cfg_evidence_available': True,
                                    'no_return_terminating_blocks': [],
                                    'no_return_call_op_keys': [],
                                    'return_boundaries': 1,
                                    'reachable_return_boundaries': 1,
                                    'unreachable_return_boundaries': 0,
                                    'deferred_return_boundaries': 0,
                                    'reachable_return_widths': [32],
                                    'width_reconciled': True,
                                    'synthetic_no_return_continuations_suppressed': 0,
                                    'rule': 'traverse_CFG_with_no_return_blocks_as_terminal_then_reconcile_reachable_raw_return_transports_only'},
 'rule': 'ABI_A_B_C_authority_only_thunk_endpoint_and_compatibility_tri_state_no_downstream_argument_reinference'}

[FUNCTION ENTRY ABI PLAN]
{'plan_id': 'function_entry:1069104',
 'status': 'ready',
 'callable_signature_status': 'legacy_non_variadic_fallback',
 'fixed_argument_count': 0,
 'implicit_input_count': 0,
 'variadic_register_save_area': {'required': False,
                                 'status': 'not_required',
                                 'slots': [],
                                 'gp_slots': [],
                                 'sse_slots': [],
                                 'fixed_variadic_partition_status': 'deferred_to_entry_protocol_analysis',
                                 'source': 'abi_context.registers',
                                 'authority': 'ABI_C_carriers_plus_variadic_contract'},
 'overflow_argument_area': {'required': False,
                            'status': 'not_required',
                            'source': 'abi_context.overflow_argument_area',
                            'observed_stack_carriers': [],
                            'materialization': 'consume_preclassified_overflow_slots',
                            'offset_inference_allowed': False,
                            'authority': 'ABI_C_stack_carriers_or_variadic_protocol'},
 'variadic_al': {'required': False,
                 'status': 'not_required',
                 'source': 'abi_context.variadic_xmm_count',
                 'inputs': [],
                 'default_allowed': False,
                 'authority': 'ABI_C_variadic_xmm_count_contract'},
 'frame_base': {'required': False,
                'status': 'not_observed',
                'source': 'abi_context.frame_base',
                'inputs': [],
                'derive_from_parameter_names': False,
                'authority': 'ABI_C_frame_state_custody'},
 'tls_base': {'required': False,
              'status': 'not_observed',
              'source': 'abi_context.tls_base',
              'inputs': [],
              'derive_from_expression_names': False,
              'authority': 'ABI_C_tls_state_custody'},
 'return_contract': {'kind': 'pal_compute_return_carrier_contract_abi_d',
                     'version': 'v23b_abi_thunk_compatibility_return_reconciliation',
                     'status': 'return_width_proven_carrier_deferred',
                     'no_return': False,
                     'output_sid': None,
                     'output_width_bits': None,
                     'declared_width_bits': None,
                     'effective_result_width_bits': 32,
                     'declared_return': {'name': 'undefined',
                                         'display_name': 'undefined',
                                         'class_name': 'DefaultDataType',
                                         'length_bytes': 1,
                                         'width_bits': 8,
                                         'signed': None,
                                         'kind_hint': None},
                     'return_storage': {'repr': '<UNASSIGNED>',
                                        'size_bytes': 0,
                                        'flags': {'register': False,
                                                  'stack': False,
                                                  'memory': False,
                                                  'unassigned': True,
                                                  'void': False,
                                                  'auto': False},
                                        'pieces': [],
                                        'storage_keys': []},
                     'carrier_pieces': [],
                     'normalization': {'mode': 'mask_to_output_width',
                                       'width_bits': 32,
                                       'mask': 4294967295},
                     'runtime_helper': None,
                     'runtime_helper_authority': 'no_ABI_runtime_helper_assigned',
                     'authority': 'reachable_raw_return_transport',
                     'reported_declared_width_bits': 8,
                     'declared_width_authoritative': False,
                     'declared_return_evidence_status': 'non_authoritative_default_or_unresolved_prototype',
                     'transport_width_bits': 32,
                     'logical_result_width_bits': 32,
                     'reachable_return_widths': [32],
                     'reachable_return_boundary_count': 1,
                     'unreachable_return_boundary_count': 0,
                     'deferred_return_boundary_count': 0},
 'reachable_return_boundaries': [{'block_addr': 1069104,
                                  'return_value_sid': 'c_1_4',
                                  'return_value_width_bits': 32,
                                  'return_transport_width_bits': 32,
                                  'return_logical_width_bits': 32,
                                  'return_declared_view': None,
                                  'return_boundary_authority': 'raw_return_register_transport',
                                  'return_reachability': 'reachable',
                                  'reachable_return': True,
                                  'execution_suppressed': False,
                                  'emission_policy': 'emit_reachable_return_boundary',
                                  'cut_by_no_return_blocks': [],
                                  'cut_by_no_return_call_op_keys': []}],
 'unreachable_return_boundaries': []}

[RETURN BOUNDARY RECONCILIATION]
{'kind': 'pal_compute_return_boundary_reconciliation_v23b',
 'version': 'v23b_abi_thunk_compatibility_return_reconciliation',
 'function': '_ITM_registerTMCloneTable',
 'entry_block_addr': 1069104,
 'cfg_evidence_available': True,
 'no_return_terminating_blocks': [],
 'no_return_call_op_keys': [],
 'return_boundaries': 1,
 'reachable_return_boundaries': 1,
 'unreachable_return_boundaries': 0,
 'deferred_return_boundaries': 0,
 'reachable_return_widths': [32],
 'width_reconciled': True,
 'synthetic_no_return_continuations_suppressed': 0,
 'rule': 'traverse_CFG_with_no_return_blocks_as_terminal_then_reconcile_reachable_raw_return_transports_only'}

[CALL SITE ABI PLANS]
===== END PAL COMPUTE ANALYZER =====


=========== SGL EXECUTION TREE ===========

sequence
  sequence
    block [0x105030]

=========== END TREE ===========

[SGL EXEC TREE PERSISTED] path=/home/rem/gh/PAL/pyghidra-PAL/PAL/PAL_logs/f_0000000000105030_ITM_registerTMCloneTable.sgl.exec_tree.log mode=append temporary=False delete_on_completion=False

[PHI DROP-INS]
------------------------------------------------------------
------------------------------------------------------------
{'kind': 'phi_compute_consumer_inactive_v21',
 'reason': 'PALCompute_metadata_not_present',
 'version': 'v21_compute_contract_consumers'}
[]
          OK -> functions.f_0000000000105030_ITM_registerTMCloneTable
[30/30] decompile <EXTERNAL>::__cxa_finalize @ 0x105038

===== CFG DEBUG =====

[EDGES]

[IPDOM]
0x105038 -> ipdom: None

=====================

===== PAL RESOLVER INDIRECT STORAGE v22c =====

[INVENTORY]
{'active': False,
 'address_tied_families': 0,
 'custody_transitions': 0,
 'effect_owner_groups': 0,
 'escape_barrier_sids': 0,
 'input_contracts': 0,
 'kind': 'resolver_indirect_storage_inventory_v22c',
 'machine_state_families': 0,
 'machine_state_sids': 0,
 'owner_categories': {},
 'parameter_initializers': 0,
 'persistent_families': 0,
 'rule': 'HighVariable_identity_families_plus_address_escape_alias_barrier',
 'runtime_order': 'CFG_governed_not_linearized',
 'storage_families': 0,
 'version': 'v22c_indirect_storage_families',
 'warnings': 0}

[STORAGE FAMILIES]

[PARAMETER INITIALIZERS / STORAGE WRITES]
[]

[WARNINGS]
[]
===== END PAL RESOLVER INDIRECT STORAGE =====

========================================================================
PALRAW AUDIT v0.3 :: raw instruction BLOCK p-code vs HF/PAL CFG
========================================================================

--- 0x10127f ---
Raw block  : 0x10127f -> next 0x105038
Instr count: 0
Terminal   : None None
Raw succs  : []
Norm succs : None
HF block   : None
CFG edges  : []
STATUS     : no_hf_block
NOTE       : No PAL/HighFunction block mapped to this address.
Raw instructions:
Terminal raw p-code:
HF/PAL ops :

--- 0x1011b6 ---
Raw block  : 0x1011b6 -> next 0x105038
Instr count: 0
Terminal   : None None
Raw succs  : []
Norm succs : None
HF block   : None
CFG edges  : []
STATUS     : no_hf_block
NOTE       : No PAL/HighFunction block mapped to this address.
Raw instructions:
Terminal raw p-code:
HF/PAL ops :

--- 0x101219 ---
Raw block  : 0x101219 -> next 0x105038
Instr count: 8
Terminal   : 0x10122d JNZ 0x00101240
Raw succs  : ['0x101240', '0x10122f']
Norm succs : None
HF block   : None
CFG edges  : []
STATUS     : no_hf_block
NOTE       : No PAL/HighFunction block mapped to this address.
Raw instructions:
   0x101219  PUSH RBP
   0x10121a  MOV RBP,RSP
   0x10121d  SUB RSP,0x10
   0x101221  MOV dword ptr [RBP + -0x4],EDI
   0x101224  MOV dword ptr [RBP + -0x8],ESI
   0x101227  MOV EAX,dword ptr [RBP + -0x4]
   0x10122a  CMP EAX,dword ptr [RBP + -0x8]
   0x10122d  JNZ 0x00101240
Terminal raw p-code:
    (unique, 0x24f00, 1) BOOL_NEGATE (register, 0x206, 1)
     ---  CBRANCH (ram, 0x101240, 8) , (unique, 0x24f00, 1)
HF/PAL ops :

--- 0x10120f ---
Raw block  : 0x10120f -> next 0x105038
Instr count: 0
Terminal   : None None
Raw succs  : []
Norm succs : None
HF block   : None
CFG edges  : []
STATUS     : no_hf_block
NOTE       : No PAL/HighFunction block mapped to this address.
Raw instructions:
Terminal raw p-code:
HF/PAL ops :

--- 0x101221 ---
Raw block  : 0x101221 -> next 0x105038
Instr count: 5
Terminal   : 0x10122d JNZ 0x00101240
Raw succs  : ['0x101240', '0x10122f']
Norm succs : None
HF block   : None
CFG edges  : []
STATUS     : no_hf_block
NOTE       : No PAL/HighFunction block mapped to this address.
Raw instructions:
   0x101221  MOV dword ptr [RBP + -0x4],EDI
   0x101224  MOV dword ptr [RBP + -0x8],ESI
   0x101227  MOV EAX,dword ptr [RBP + -0x4]
   0x10122a  CMP EAX,dword ptr [RBP + -0x8]
   0x10122d  JNZ 0x00101240
Terminal raw p-code:
    (unique, 0x24f00, 1) BOOL_NEGATE (register, 0x206, 1)
     ---  CBRANCH (ram, 0x101240, 8) , (unique, 0x24f00, 1)
HF/PAL ops :

--- 0x101284 ---
Raw block  : 0x101284 -> next 0x105038
Instr count: 27
Terminal   : 0x1012f4 JMP 0x00101309
Raw succs  : ['0x101309']
Norm succs : None
HF block   : None
CFG edges  : []
STATUS     : no_hf_block
NOTE       : No PAL/HighFunction block mapped to this address.
Raw instructions:
   0x101284  MOV RDI,RAX
   0x101287  CALL 0x00101030
   0x10128c  LEA RAX,[0x1020b0]
   0x101293  MOV RDI,RAX
   0x101296  CALL 0x00101030
   0x10129b  LEA RAX,[0x102048]
   0x1012a2  MOV RDI,RAX
   0x1012a5  CALL 0x00101030
   0x1012aa  MOV RAX,qword ptr [RBP + -0x18]
   0x1012ae  MOV ESI,dword ptr [RAX + 0x8]
   0x1012b1  MOV RAX,qword ptr [RBP + -0x18]
   0x1012b5  MOV ECX,dword ptr [RAX + 0x4]
   0x1012b8  MOV RAX,qword ptr [RBP + -0x18]
   0x1012bc  MOV EDX,dword ptr [RAX]
   0x1012be  MOV RAX,qword ptr [RBP + -0x18]
   0x1012c2  MOV EAX,dword ptr [RAX + 0xc]
   0x1012c5  MOV R8D,ESI
   0x1012c8  MOV ESI,EAX
   0x1012ca  LEA RAX,[0x1020e0]
   0x1012d1  MOV RDI,RAX
   0x1012d4  MOV EAX,0x0
   0x1012d9  CALL 0x00101040
   0x1012de  LEA RAX,[0x102118]
   0x1012e5  MOV RDI,RAX
   0x1012e8  CALL 0x00101030
   0x1012ed  MOV dword ptr [RBP + -0x4],0x0
   0x1012f4  JMP 0x00101309
Terminal raw p-code:
     ---  BRANCH (ram, 0x101309, 8)
HF/PAL ops :

--- 0x10127f ---
Raw block  : 0x10127f -> next 0x105038
Instr count: 0
Terminal   : None None
Raw succs  : []
Norm succs : None
HF block   : None
CFG edges  : []
STATUS     : no_hf_block
NOTE       : No PAL/HighFunction block mapped to this address.
Raw instructions:
Terminal raw p-code:
HF/PAL ops :

========================================================================

===== PAL COMPUTE ANALYZER =====
{'kind': 'pal_compute_inventory_v22',
 'version': 'v23b_abi_thunk_compatibility_return_reconciliation',
 'runtime_representation': 'raw_unsigned_bitvector_at_ssa_boundaries',
 'operations': 0,
 'output_plans': 0,
 'control_contracts': 1,
 'c_compute_filtered': 0,
 'use_site_overrides': 0,
 'return_observation_view_mismatches': 0,
 'storage_custody_related_ops': 0,
 'indirect_custody_contracts': 0,
 'indirect_custody_resolved': 0,
 'indirect_custody_deferred': 0,
 'indirect_effect_owner_compute_ops': 0,
 'storage_family_bindings': 0,
 'function_entry_abi_plan': True,
 'call_site_abi_plans': 0,
 'internal_call_plan_failures': 0,
 'unsupported_implicit_inputs': 0,
 'abi_runtime_helper_assignments': 0,
 'no_return_calls': 0,
 'reachable_return_boundaries': 1,
 'unreachable_return_boundaries': 0,
 'synthetic_no_return_continuations_suppressed': 0,
 'statuses': {},
 'categories': {},
 'helpers': {},
 'opcodes': {},
 'warnings': 0}

[WARNINGS]
[]

[METADATA-ONLY COMPUTE BOUNDARIES]

[HELPER-REQUIRED CONTRACTS]

[INDIRECT STORAGE-CUSTODY CONTRACTS]

[INDIRECT CUSTODY INVENTORY]
{'kind': 'pal_compute_indirect_custody_inventory_v22d',
 'version': 'v23b_abi_thunk_compatibility_return_reconciliation',
 'resolver_transitions': 0,
 'compute_indirect_contracts': 0,
 'resolved_custody': 0,
 'deferred_custody': 0,
 'effect_owner_compute_bindings': 0,
 'effect_owner_compute_ops': 0,
 'owner_categories': {},
 'storage_families': 0,
 'storage_sid_bindings': 0,
 'address_escape_barrier_sids': 0,
 'parameter_storage_initializers': 0,
 'runtime_helpers': 0,
 'warnings': 0,
 'rule': 'INDIRECT_is_metadata_only_owner_bound_storage_transition'}

[ABI-D ENTRY/CALL PLAN INVENTORY]
{'kind': 'pal_compute_abi_plan_inventory_v23',
 'version': 'v23b_abi_thunk_compatibility_return_reconciliation',
 'function': '__cxa_finalize',
 'entry_plan_present': True,
 'entry_plan_status': 'ready',
 'fixed_arguments': 0,
 'implicit_inputs': 0,
 'implicit_inputs_unsupported': 0,
 'call_compute_contracts': 0,
 'call_site_plans': 0,
 'call_sites_without_plan': 0,
 'call_statuses': {},
 'dispatch_classes': {},
 'internal_calls': 0,
 'internal_calls_with_target_compatible_plan': 0,
 'internal_calls_without_target_compatible_plan': 0,
 'internal_calls_with_deferred_target_compatibility': 0,
 'internal_calls_with_incompatible_target': 0,
 'internal_calls_without_transport_plan': 0,
 'external_calls': 0,
 'thunk_calls': 0,
 'external_via_thunk_calls': 0,
 'thunk_endpoint_deferred_calls': 0,
 'thunk_calls_misclassified_internal': 0,
 'target_compatibility_overclaims': 0,
 'no_return_calls': 0,
 'result_carrier_contracts': 0,
 'abi_runtime_helper_assignments': 0,
 'warnings': 0,
 'acceptance_gates': {'every_emitted_function_has_entry_plan': True,
                      'every_call_has_call_site_plan': True,
                      'every_internal_call_has_target_compatible_plan': True,
                      'every_internal_call_has_carrier_transport_plan': True,
                      'no_resolved_thunk_misclassified_internal': True,
                      'no_target_compatibility_overclaim': True,
                      'no_implicit_input_is_unsupported': True,
                      'no_runtime_helper_assigned_by_ABI_guesswork': True},
 'return_boundary_reconciliation': {'kind': 'pal_compute_return_boundary_reconciliation_v23b',
                                    'version': 'v23b_abi_thunk_compatibility_return_reconciliation',
                                    'function': '__cxa_finalize',
                                    'entry_block_addr': 1069112,
                                    'cfg_evidence_available': True,
                                    'no_return_terminating_blocks': [],
                                    'no_return_call_op_keys': [],
                                    'return_boundaries': 1,
                                    'reachable_return_boundaries': 1,
                                    'unreachable_return_boundaries': 0,
                                    'deferred_return_boundaries': 0,
                                    'reachable_return_widths': [32],
                                    'width_reconciled': True,
                                    'synthetic_no_return_continuations_suppressed': 0,
                                    'rule': 'traverse_CFG_with_no_return_blocks_as_terminal_then_reconcile_reachable_raw_return_transports_only'},
 'rule': 'ABI_A_B_C_authority_only_thunk_endpoint_and_compatibility_tri_state_no_downstream_argument_reinference'}

[FUNCTION ENTRY ABI PLAN]
{'plan_id': 'function_entry:1069112',
 'status': 'ready',
 'callable_signature_status': 'legacy_non_variadic_fallback',
 'fixed_argument_count': 0,
 'implicit_input_count': 0,
 'variadic_register_save_area': {'required': False,
                                 'status': 'not_required',
                                 'slots': [],
                                 'gp_slots': [],
                                 'sse_slots': [],
                                 'fixed_variadic_partition_status': 'deferred_to_entry_protocol_analysis',
                                 'source': 'abi_context.registers',
                                 'authority': 'ABI_C_carriers_plus_variadic_contract'},
 'overflow_argument_area': {'required': False,
                            'status': 'not_required',
                            'source': 'abi_context.overflow_argument_area',
                            'observed_stack_carriers': [],
                            'materialization': 'consume_preclassified_overflow_slots',
                            'offset_inference_allowed': False,
                            'authority': 'ABI_C_stack_carriers_or_variadic_protocol'},
 'variadic_al': {'required': False,
                 'status': 'not_required',
                 'source': 'abi_context.variadic_xmm_count',
                 'inputs': [],
                 'default_allowed': False,
                 'authority': 'ABI_C_variadic_xmm_count_contract'},
 'frame_base': {'required': False,
                'status': 'not_observed',
                'source': 'abi_context.frame_base',
                'inputs': [],
                'derive_from_parameter_names': False,
                'authority': 'ABI_C_frame_state_custody'},
 'tls_base': {'required': False,
              'status': 'not_observed',
              'source': 'abi_context.tls_base',
              'inputs': [],
              'derive_from_expression_names': False,
              'authority': 'ABI_C_tls_state_custody'},
 'return_contract': {'kind': 'pal_compute_return_carrier_contract_abi_d',
                     'version': 'v23b_abi_thunk_compatibility_return_reconciliation',
                     'status': 'return_width_proven_carrier_deferred',
                     'no_return': False,
                     'output_sid': None,
                     'output_width_bits': None,
                     'declared_width_bits': None,
                     'effective_result_width_bits': 32,
                     'declared_return': {'name': 'undefined',
                                         'display_name': 'undefined',
                                         'class_name': 'DefaultDataType',
                                         'length_bytes': 1,
                                         'width_bits': 8,
                                         'signed': None,
                                         'kind_hint': None},
                     'return_storage': {'repr': '<UNASSIGNED>',
                                        'size_bytes': 0,
                                        'flags': {'register': False,
                                                  'stack': False,
                                                  'memory': False,
                                                  'unassigned': True,
                                                  'void': False,
                                                  'auto': False},
                                        'pieces': [],
                                        'storage_keys': []},
                     'carrier_pieces': [],
                     'normalization': {'mode': 'mask_to_output_width',
                                       'width_bits': 32,
                                       'mask': 4294967295},
                     'runtime_helper': None,
                     'runtime_helper_authority': 'no_ABI_runtime_helper_assigned',
                     'authority': 'reachable_raw_return_transport',
                     'reported_declared_width_bits': 8,
                     'declared_width_authoritative': False,
                     'declared_return_evidence_status': 'non_authoritative_default_or_unresolved_prototype',
                     'transport_width_bits': 32,
                     'logical_result_width_bits': 32,
                     'reachable_return_widths': [32],
                     'reachable_return_boundary_count': 1,
                     'unreachable_return_boundary_count': 0,
                     'deferred_return_boundary_count': 0},
 'reachable_return_boundaries': [{'block_addr': 1069112,
                                  'return_value_sid': 'c_1_4',
                                  'return_value_width_bits': 32,
                                  'return_transport_width_bits': 32,
                                  'return_logical_width_bits': 32,
                                  'return_declared_view': None,
                                  'return_boundary_authority': 'raw_return_register_transport',
                                  'return_reachability': 'reachable',
                                  'reachable_return': True,
                                  'execution_suppressed': False,
                                  'emission_policy': 'emit_reachable_return_boundary',
                                  'cut_by_no_return_blocks': [],
                                  'cut_by_no_return_call_op_keys': []}],
 'unreachable_return_boundaries': []}

[RETURN BOUNDARY RECONCILIATION]
{'kind': 'pal_compute_return_boundary_reconciliation_v23b',
 'version': 'v23b_abi_thunk_compatibility_return_reconciliation',
 'function': '__cxa_finalize',
 'entry_block_addr': 1069112,
 'cfg_evidence_available': True,
 'no_return_terminating_blocks': [],
 'no_return_call_op_keys': [],
 'return_boundaries': 1,
 'reachable_return_boundaries': 1,
 'unreachable_return_boundaries': 0,
 'deferred_return_boundaries': 0,
 'reachable_return_widths': [32],
 'width_reconciled': True,
 'synthetic_no_return_continuations_suppressed': 0,
 'rule': 'traverse_CFG_with_no_return_blocks_as_terminal_then_reconcile_reachable_raw_return_transports_only'}

[CALL SITE ABI PLANS]
===== END PAL COMPUTE ANALYZER =====


=========== SGL EXECUTION TREE ===========

sequence
  sequence
    block [0x105038]

=========== END TREE ===========

[SGL EXEC TREE PERSISTED] path=/home/rem/gh/PAL/pyghidra-PAL/PAL/PAL_logs/f_0000000000105038_cxa_finalize.sgl.exec_tree.log mode=append temporary=False delete_on_completion=False

[PHI DROP-INS]
------------------------------------------------------------
------------------------------------------------------------
{'kind': 'phi_compute_consumer_inactive_v21',
 'reason': 'PALCompute_metadata_not_present',
 'version': 'v21_compute_contract_consumers'}
[]
          OK -> functions.f_0000000000105038_cxa_finalize
PAL ABI custody: ready linked=11 unresolved=0 ghost-resolved=0 ghost-deferred=0
PAL ABI authority snapshot: project/lunar_lander.game/PAL_abi_plan_index.pre_emitter_v52.json
PAL final ABI authority: post_emitter_v52_refreeze_and_custody_refresh plans=82 authorized=0 health=ready
PAL batch complete: 30 decompiled, 0 failed, 0 external skipped
Manifest: project/lunar_lander.game/PAL_function_manifest.json
Dispatch: project/lunar_lander.game/PAL_dispatch.py
